URL,Source,Status Code,Title,Meta Description,H1,Canonical Tag,Canonical Match,NewsArticle Schema,Organization Schema,VideoObject Schema,Word Count,Duplicate Description Group ID
https://www.zplusenews.com/article/iran-women-s-football-team-row-sparks-criticism-in-australia-amid-asylum-saga-1775036175494,Sitemap,200,Iran Women’s Football Team Row Sparks Criticism in Australia Amid Asylum Saga | ZPluse News,"A political storm has erupted in Australia following a dramatic controversy involving members of Iran’s women’s national football team, drawing sharp criticism",Iran Women’s Football Team Row Sparks Criticism in Australia Amid Asylum Saga,https://www.zplusenews.com/article/iran-women-s-football-team-row-sparks-criticism-in-australia-amid-asylum-saga-1775036175494,Yes,Yes,Yes,No,492,
https://www.zplusenews.com/article/iran-unleashes-i4-i-operations-after-surprise-us-strikes-raising-fears,Sitemap,200,"Iran Unleashes ‘I-4’ and ‘I’ Operations After Surprise U.S. Strikes, Raising Fears of Wider Middle East War Tehran/Washington: | ZPluse News",The Middle East edged closer to a broader regional conflict after Iran launched its retaliatory ‘I-4’ and ‘I’ military operations in response to surprise U.S. s,"Iran Unleashes ‘I-4’ and ‘I’ Operations After Surprise U.S. Strikes, Raising Fears of Wider Middle East War Tehran/Washington:",https://www.zplusenews.com/article/iran-unleashes-i4-i-operations-after-surprise-us-strikes-raising-fears,Yes,Yes,Yes,No,537,
https://www.zplusenews.com/article/putin-meets-xi-beijing-after-trump-visit-powerful-signal-new-global,Sitemap,200,Putin Meets Xi in Beijing After Trump Visit: A Powerful Signal in the New Global Power Game | ZPluse News,"Just days after U.S. President Donald Trump completed his high-profile visit to Beijing, Russian President Vladimir Putin arrived in the Chinese capital for a m",Putin Meets Xi in Beijing After Trump Visit: A Powerful Signal in the New Global Power Game,https://www.zplusenews.com/article/putin-meets-xi-beijing-after-trump-visit-powerful-signal-new-global,Yes,Yes,Yes,No,1122,
https://www.zplusenews.com/article/rajasthan-enters-indias-tech-future-state-gets-its-first-semiconductor,Sitemap,200,Rajasthan Enters India’s Tech Future: State Gets Its First Semiconductor Plant | ZPluse News,Rajasthan has taken a historic leap into the future of high technology and industrial transformation. Key Advancements & Market Impacts In a major milestone for,Rajasthan Enters India’s Tech Future: State Gets Its First Semiconductor Plant,https://www.zplusenews.com/article/rajasthan-enters-indias-tech-future-state-gets-its-first-semiconductor,Yes,Yes,Yes,No,926,
https://www.zplusenews.com/article/mass-religious-conversion-racket-busted-muzaffarnagar-14-booked-under,Sitemap,200,Mass Religious Conversion Racket Busted in Muzaffarnagar: 14 Booked Under UP Anti-Conversion Law | ZPluse News,"Muzaffarnagar: Uttar Pradesh Police have launched a major crackdown on an alleged religious conversion network in Muzaffarnagar, detaining several suspects and",Mass Religious Conversion Racket Busted in Muzaffarnagar: 14 Booked Under UP Anti-Conversion Law,https://www.zplusenews.com/article/mass-religious-conversion-racket-busted-muzaffarnagar-14-booked-under,Yes,Yes,Yes,No,421,
https://www.zplusenews.com/article/moringa-the-miracle-tree-cleaning-water-and-calming-minds-1776876881240,Sitemap,200,Moringa: The ‘Miracle Tree’ Cleaning Water and Calming Minds | ZPluse News,"In a world searching for simple, natural solutions to complex problems, Moringa is quietly emerging as a remarkable contender. Often called the “miracle tree,”",Moringa: The ‘Miracle Tree’ Cleaning Water and Calming Minds,https://www.zplusenews.com/article/moringa-the-miracle-tree-cleaning-water-and-calming-minds-1776876881240,Yes,Yes,Yes,No,410,
https://www.zplusenews.com/video/don-mexico-cartel-boss-el-mencho,Sitemap,200,दुनिया का सबसे खतरनाक Don ढेर! Mexico Cartel Boss El Mencho 🚨 | ZPluse News,"दुनिया के सबसे खतरनाक ड्रग माफिया 'El Mencho' का मैक्सिको (Mexico) में अंत हो गया है! इस $15 Million के वॉन्टेड डॉन के मारे जाने के बाद, CJNG Cartel ने पूरे देश",दुनिया का सबसे खतरनाक Don ढेर! Mexico Cartel Boss El Mencho 🚨,https://www.zplusenews.com/video/don-mexico-cartel-boss-el-mencho,Yes,No,Yes,Yes,72,Group_1
https://www.zplusenews.com/video/vip,Sitemap,200,संत रामपाल का चलता-फिरता कूलर! 🥶 - प्रधानमंत्री से भी बड़ा VIP काफिला? | ZPluse News,प्रधानमंत्री के पास भी ऐसा शाही कूलर-काफिला नहीं होगा जैसा संत रामपाल के पास है; सच में भारत एक बाबा प्रधान देश है। इस वीआईपी ट्रीटमेंट और अंधभक्ति पर आपकी क्या,संत रामपाल का चलता-फिरता कूलर! 🥶 - प्रधानमंत्री से भी बड़ा VIP काफिला?,https://www.zplusenews.com/video/vip,Yes,No,Yes,Yes,45,Group_2
https://www.zplusenews.com/article/hardik-pandyas-injury-nightmare-continues-fresh-setback-after-fitness,Sitemap,200,Hardik Pandya’s Injury Nightmare Continues: Fresh Setback After Fitness Clearance Shocks Team India | ZPluse News,"New Delhi: Just when it appeared that Hardik Pandya’s long road back to international cricket was nearing its end, the Indian all-rounder has suffered yet anoth",Hardik Pandya’s Injury Nightmare Continues: Fresh Setback After Fitness Clearance Shocks Team India,https://www.zplusenews.com/article/hardik-pandyas-injury-nightmare-continues-fresh-setback-after-fitness,Yes,Yes,Yes,No,669,
https://www.zplusenews.com/article/indian-navys-drishti10-uav-crashes-near-porbandar-inquiry-launched,Sitemap,200,Indian Navy’s Drishti-10 UAV Crashes Near Porbandar; Inquiry Launched Into Incident | ZPluse News,"Porbandar: An Indian Navy Drishti-10 unmanned aerial vehicle (UAV) crashed near Porbandar in Gujarat during a routine operational mission, prompting the Navy to",Indian Navy’s Drishti-10 UAV Crashes Near Porbandar; Inquiry Launched Into Incident,https://www.zplusenews.com/article/indian-navys-drishti10-uav-crashes-near-porbandar-inquiry-launched,Yes,Yes,Yes,No,494,
https://www.zplusenews.com/article/shamli-conversion-row-deepens-police-book-10-community-leaders-call,Sitemap,200,"Shamli Conversion Row Deepens: Police Book 10, Community Leaders Call Mahapanchayat | ZPluse News",Shamli: The alleged religious conversion case in Uttar Pradesh’s Shamli district has taken a more serious turn after police registered an FIR against ten indivi,"Shamli Conversion Row Deepens: Police Book 10, Community Leaders Call Mahapanchayat",https://www.zplusenews.com/article/shamli-conversion-row-deepens-police-book-10-community-leaders-call,Yes,Yes,Yes,No,517,
https://www.zplusenews.com/video/iran-crisis-inflation-protests-market-shutdowns-explained,Sitemap,200,"Iran in Crisis: Inflation, Protests & Market Shutdowns Explained | ZPluse News","Iran is witnessing fresh nationwide protests as inflation rises sharply and the economy weakens. Markets are shut, clashes have been reported, and demonstration","Iran in Crisis: Inflation, Protests & Market Shutdowns Explained",https://www.zplusenews.com/video/iran-crisis-inflation-protests-market-shutdowns-explained,Yes,No,Yes,Yes,89,Group_3
https://www.zplusenews.com/video/khamenei-death-iran-celebrating-khameneis-death,Sitemap,200,Khamenei Death: ईरान में मातम या जश्न? 🤯 Iran Celebrating Khamenei's Death? 😱 | ZPluse News,"एक तरफ अमेरिका और इज़राइल की बमबारी, दूसरी तरफ ईरान की सड़कों पर आतिशबाजी! आखिर अयातुल्ला खामेनेई (Ayatollah Khamenei) की मौत पर पूरा ईरान दो हिस्सों में क्यों",Khamenei Death: ईरान में मातम या जश्न? 🤯 Iran Celebrating Khamenei's Death? 😱,https://www.zplusenews.com/video/khamenei-death-iran-celebrating-khameneis-death,Yes,No,Yes,Yes,69,Group_4
https://www.zplusenews.com/article/monsoon-delay-kerala-why-imd-has-repeatedly-changed-onset-date-year,Sitemap,200,Monsoon Delay in Kerala: Why IMD Has Repeatedly Changed the Onset Date This Year | ZPluse News,"Thiruvananthapuram: After initially forecasting an early arrival of the Southwest Monsoon over Kerala around May 27, the India Meteorological Department (IMD) h",Monsoon Delay in Kerala: Why IMD Has Repeatedly Changed the Onset Date This Year,https://www.zplusenews.com/article/monsoon-delay-kerala-why-imd-has-repeatedly-changed-onset-date-year,Yes,Yes,Yes,No,687,
https://www.zplusenews.com/video/shipping-corporation-india-shares-20-upper-circuit-sci-market-news,Sitemap,200,Shipping Corporation of India Shares 20% Upper Circuit! 🚀 क्यों भागा SCI? | Market News | ZPluse News,Shipping Corporation of India (SCI) के शेयरों ने आज बाजार में तहलका मचा दिया। Q3 नतीजों में मुनाफा 5 गुना बढ़कर ₹405 करोड़ हुआ। क्या आपको इस स्टॉक में निवेश करना,Shipping Corporation of India Shares 20% Upper Circuit! 🚀 क्यों भागा SCI? | Market News,https://www.zplusenews.com/video/shipping-corporation-india-shares-20-upper-circuit-sci-market-news,Yes,No,Yes,Yes,37,Group_5
https://www.zplusenews.com/video/sanjay-singh-campaign-bally,Sitemap,200,दीदी का असली 'विकास'! 😱 Sanjay Singh Campaign in Bally | ZPluse News,पश्चिम बंगाल चुनाव (West Bengal Elections) के बीच हावड़ा (Howrah) के बाल्ली (Bally) विधानसभा क्षेत्र से टीएमसी (TMC) के 'विकास मॉडल' की कड़वी सच्चाई सामने आई है,दीदी का असली 'विकास'! 😱 Sanjay Singh Campaign in Bally,https://www.zplusenews.com/video/sanjay-singh-campaign-bally,Yes,No,Yes,Yes,108,Group_6
https://www.zplusenews.com/article/double-quake-disaster-rocks-venezuela-powerful-tremors-trigger,Sitemap,200,Double Quake Disaster Rocks Venezuela: Powerful Tremors Trigger Building Collapse in Caracas | ZPluse News,"Caracas: Venezuela was struck by two powerful earthquakes in quick succession, triggering panic across the country and causing the collapse of several buildings",Double Quake Disaster Rocks Venezuela: Powerful Tremors Trigger Building Collapse in Caracas,https://www.zplusenews.com/article/double-quake-disaster-rocks-venezuela-powerful-tremors-trigger,Yes,Yes,Yes,No,688,
https://www.zplusenews.com/article/india-uae-deepen-strategic-partnership-multiple-agreements-signed,Sitemap,200,"India and UAE Deepen Strategic Partnership: Multiple Agreements Signed, Including Major Oil and Gas Reserve Initiative | ZPluse News",India and the United Arab Emirates have taken their rapidly expanding strategic partnership to a new level after signing multiple agreements during Prime Minist,"India and UAE Deepen Strategic Partnership: Multiple Agreements Signed, Including Major Oil and Gas Reserve Initiative",https://www.zplusenews.com/article/india-uae-deepen-strategic-partnership-multiple-agreements-signed,Yes,Yes,Yes,No,984,
https://www.zplusenews.com/article/myanmar-assures-india-its-territory-used-against-new-delhis-security,Sitemap,200,Myanmar Assures India Its Territory Will Not Be Used Against New Delhi’s Security Interests | ZPluse News,"New Delhi: In a significant diplomatic and security assurance for India, Myanmar President U Min Aung Hlaing has stated that Myanmar will not allow its territor",Myanmar Assures India Its Territory Will Not Be Used Against New Delhi’s Security Interests,https://www.zplusenews.com/article/myanmar-assures-india-its-territory-used-against-new-delhis-security,Yes,Yes,Yes,No,656,
https://www.zplusenews.com/positive-news,Sitemap,200,Positive News | ZPluse News,"Positive and inspiring news from India. Good news stories, achievements, and uplifting updates.",Positive News,https://www.zplusenews.com/positive-news,Yes,No,Yes,No,10,
https://www.zplusenews.com/article/middle-east-brink-us-strikes-iran-tehran-closes-strait-hormuz,Sitemap,200,"Middle East on the Brink: U.S. Strikes Iran as Tehran Closes Strait of Hormuz, Triggering Global Energy Shock | ZPluse News","The Middle East has entered one of its most dangerous phases in decades after the United States launched a fresh wave of military strikes on Iranian targets, pr","Middle East on the Brink: U.S. Strikes Iran as Tehran Closes Strait of Hormuz, Triggering Global Energy Shock",https://www.zplusenews.com/article/middle-east-brink-us-strikes-iran-tehran-closes-strait-hormuz,Yes,Yes,Yes,No,625,
https://www.zplusenews.com/article/the-soul-savers-of-manipur-just-some-casual-converts-and-tactical-training-1774954747791,Sitemap,200,The 'Soul-Savers' of Manipur: Just Some Casual Converts and Tactical Training? | ZPluse News,"It’s a classic tale of modern benevolence, really. While the Indian Home Ministry is busy worrying about minor details like",The 'Soul-Savers' of Manipur: Just Some Casual Converts and Tactical Training?,https://www.zplusenews.com/article/the-soul-savers-of-manipur-just-some-casual-converts-and-tactical-training-1774954747791,Yes,Yes,Yes,No,359,Group_7
https://www.zplusenews.com/video/west-bengal-election-1,Sitemap,200,फूट कर रो पड़े सुवेंदु अधिकारी! याचना नहीं अब रण होगा - West Bengal Election | ZPluse News,"🚨 BIG BREAKING: Suvendu Adhikari's PA Murdered in Kolkata! | बंगाल चुनाव के बाद खूनी खेल? West Bengal elections mein BJP ki jeet ke baad, Kolkata ke Madhyamgra",फूट कर रो पड़े सुवेंदु अधिकारी! याचना नहीं अब रण होगा - West Bengal Election,https://www.zplusenews.com/video/west-bengal-election-1,Yes,No,Yes,Yes,163,Group_8
https://www.zplusenews.com/video/india-witnessing-psychological-renaissance-pm-modiat-hindustan-times,Sitemap,200,India witnessing a ‘psychological renaissance ‘:PM MODIAt the Hindustan Times Leadership Summit 2025 | ZPluse News,"India witnessing a ‘psychological renaissance ‘:PM MODI At the Hindustan Times Leadership Summit 2025, PM Modi said that India is undergoing a “psychological re",India witnessing a ‘psychological renaissance ‘:PM MODIAt the Hindustan Times Leadership Summit 2025,https://www.zplusenews.com/video/india-witnessing-psychological-renaissance-pm-modiat-hindustan-times,Yes,No,Yes,Yes,97,Group_9
https://www.zplusenews.com/video/lpg-price-hike-neet-us,Sitemap,200,"LPG Price Hike, NEET विवाद, सोनम वांगचुक का प्रदर्शन और US-ईरान तनाव | ZPluse News","आज की इस वीडियो में देखिए देश और दुनिया की 4 बड़ी खबरें: 🔹 जंतर-मंतर पर CJP छात्र आंदोलन में शामिल हुए सोनम वांगचुक, शिक्षा मंत्री के इस्तीफे की मांग। 🔹 घरेलू","LPG Price Hike, NEET विवाद, सोनम वांगचुक का प्रदर्शन और US-ईरान तनाव",https://www.zplusenews.com/video/lpg-price-hike-neet-us,Yes,No,Yes,Yes,107,Group_10
https://www.zplusenews.com/article/impact-of-west-asian-conflicts-on-global-energy-security-and-india-1777522131786,Sitemap,200,Impact of West Asian Conflicts on Global Energy Security and India | ZPluse News,"Sample Answer (SAM): Impact of West Asian Conflicts on Global Energy Security and India The ongoing tensions involving Iran, the United States, and Israel—espec",Impact of West Asian Conflicts on Global Energy Security and India,https://www.zplusenews.com/article/impact-of-west-asian-conflicts-on-global-energy-security-and-india-1777522131786,Yes,Yes,Yes,No,178,
https://www.zplusenews.com/article/-chhatrapati-shivaji-maharaj-jayanti-on-february-19,Sitemap,200,Chhatrapati Shivaji Maharaj Jayanti on February 19 | ZPluse News,"Settlement Holiday on account of Chhatrapati Shivaji Maharaj Jayanti on February 19, 2026. February 19, 2026, will be a settlement holiday on account of Chhatra",Chhatrapati Shivaji Maharaj Jayanti on February 19,https://www.zplusenews.com/article/-chhatrapati-shivaji-maharaj-jayanti-on-february-19,Yes,Yes,Yes,No,28,
https://www.zplusenews.com/article/star-born-vaibhav-suryavanshi-destroys-sri-lanka-smashes-fastest-list,Sitemap,200,"A Star Is Born: Vaibhav Suryavanshi Destroys Sri Lanka A, Smashes Fastest List A Fifty in History | ZPluse News","Dambulla: Indian cricket’s newest teenage sensation, Vaibhav Suryavanshi, announced his arrival on the global stage in spectacular fashion by producing one of t","A Star Is Born: Vaibhav Suryavanshi Destroys Sri Lanka A, Smashes Fastest List A Fifty in History",https://www.zplusenews.com/article/star-born-vaibhav-suryavanshi-destroys-sri-lanka-smashes-fastest-list,Yes,Yes,Yes,No,652,
https://www.zplusenews.com/article/a-new-military-mind-at-the-top-general-raja-subramani-appointed-india-s-chief-of-defence-staff-1778331545675,Sitemap,200,A New Military Mind at the Top: General Raja Subramani Appointed India’s Chief of Defence Staff | ZPluse News,India’s military establishment is entering a new chapter. Strategic Policy & Background General Raja Subramani has been appointed as India’s new Chief of Defenc,A New Military Mind at the Top: General Raja Subramani Appointed India’s Chief of Defence Staff,https://www.zplusenews.com/article/a-new-military-mind-at-the-top-general-raja-subramani-appointed-india-s-chief-of-defence-staff-1778331545675,Yes,Yes,Yes,No,826,
https://www.zplusenews.com/article/monsoon-fury-unleashed-flash-floods-landslides-batter-arunachal-one,Sitemap,200,"Monsoon Fury Unleashed: Flash Floods and Landslides Batter Arunachal, One Dead and Four Missing | ZPluse News","Itanagar: Relentless monsoon rains have unleashed widespread devastation across Arunachal Pradesh, with flash floods and landslides affecting at least six distr","Monsoon Fury Unleashed: Flash Floods and Landslides Batter Arunachal, One Dead and Four Missing",https://www.zplusenews.com/article/monsoon-fury-unleashed-flash-floods-landslides-batter-arunachal-one,Yes,Yes,Yes,No,530,
https://www.zplusenews.com/article/what-s-the-plan-donald-aussie-pm-wants-to-know-the-point-of-this-war-1774954224541,Sitemap,200,"What's the Plan, Donald?: Aussie PM Wants to Know the Point of This War | ZPluse News","What's the Plan, Donald?: Aussie PM Wants to Know the Point of This War Strategic Policy & Background By Zpluse Staff, New Delhi Australia’s Prime Minister Anth","What's the Plan, Donald?: Aussie PM Wants to Know the Point of This War",https://www.zplusenews.com/article/what-s-the-plan-donald-aussie-pm-wants-to-know-the-point-of-this-war-1774954224541,Yes,Yes,Yes,No,324,
https://www.zplusenews.com/article/rising-environmental-problems-northeast-india,Sitemap,200,Rising Environmental Problems in NorthEast India | ZPluse News,"The situation regarding industrial pollution in Meghalaya, particularly around the Byrnihat area, has sparked significant public outcry and criticism of the gov",Rising Environmental Problems in NorthEast India,https://www.zplusenews.com/article/rising-environmental-problems-northeast-india,Yes,Yes,Yes,No,283,
https://www.zplusenews.com/article/from-vice-chief-army-chief-lt-gen-dhiraj-seth-set-lead-indian-army,Sitemap,200,From Vice Chief to Army Chief: Lt Gen Dhiraj Seth Set to Lead Indian Army Through a New Era | ZPluse News,"New Delhi: In a major leadership transition for the Indian Armed Forces, the Government of India has appointed Lieutenant General Dhiraj Seth as the next Chief",From Vice Chief to Army Chief: Lt Gen Dhiraj Seth Set to Lead Indian Army Through a New Era,https://www.zplusenews.com/article/from-vice-chief-army-chief-lt-gen-dhiraj-seth-set-lead-indian-army,Yes,Yes,Yes,No,701,
https://www.zplusenews.com/video/yamuna-expressway-accident-dense-fog-causes-massive-pileup-13-dead-up,Sitemap,200,Yamuna Expressway Accident: Dense Fog Causes Massive Pile-Up | 13 Dead | UP News | ZPluse News,"A tragic multi-vehicle accident occurred on the **Yamuna Expressway in Uttar Pradesh** due to **dense fog**, leading to a massive pile-up involving several **bu",Yamuna Expressway Accident: Dense Fog Causes Massive Pile-Up | 13 Dead | UP News,https://www.zplusenews.com/video/yamuna-expressway-accident-dense-fog-causes-massive-pileup-13-dead-up,Yes,No,Yes,Yes,142,Group_11
https://www.zplusenews.com/article/middle-east-on-the-brink-,Sitemap,200,Middle East on the Brink? | ZPluse News,"The shadow war is no longer in the shadows. Israel has reportedly launched direct strikes on Iranian territory, a move that could redraw the security map of Wes",Middle East on the Brink?,https://www.zplusenews.com/article/middle-east-on-the-brink-,Yes,Yes,Yes,No,301,
https://www.zplusenews.com/video/west-indies-vs-new-zealand-test-match-draw,Sitemap,200,West Indies vs New Zealand Test Match Draw | ऐतिहासिक साझेदारी ने बचाया मैच | ZPluse News,"The **West Indies vs New Zealand Test match** in Christchurch ended in a thrilling **draw**, thanks to a **herculean batting effort** by the West Indies. Chasin",West Indies vs New Zealand Test Match Draw | ऐतिहासिक साझेदारी ने बचाया मैच,https://www.zplusenews.com/video/west-indies-vs-new-zealand-test-match-draw,Yes,No,Yes,Yes,174,Group_12
https://www.zplusenews.com/article/philippines-longest-night-survivors-face-fear-uncertainty-amid,Sitemap,200,Philippines’ Longest Night: Survivors Face Fear and Uncertainty Amid Continuous Aftershocks | ZPluse News,"Manila: The Philippines remains gripped by fear and uncertainty following a devastating earthquake that has been followed by hundreds of aftershocks, forcing th",Philippines’ Longest Night: Survivors Face Fear and Uncertainty Amid Continuous Aftershocks,https://www.zplusenews.com/article/philippines-longest-night-survivors-face-fear-uncertainty-amid,Yes,Yes,Yes,No,737,
https://www.zplusenews.com/article/attack-off-oman-coast-ten-indian-crew-members-rescued-one-still,Sitemap,200,"Attack off Oman Coast: Ten Indian Crew Members Rescued, One Still Missing After Vessel Assault | ZPluse News","A tense maritime rescue operation is underway in the Arabian Sea after a commercial vessel came under attack off the coast of Oman, leaving ten Indian crew memb","Attack off Oman Coast: Ten Indian Crew Members Rescued, One Still Missing After Vessel Assault",https://www.zplusenews.com/article/attack-off-oman-coast-ten-indian-crew-members-rescued-one-still,Yes,Yes,Yes,No,541,
https://www.zplusenews.com/article/terror-trail-leads-across-border-isilinked-network-uncovered-ranchi,Sitemap,200,Terror Trail Leads Across Border: ISI-Linked Network Uncovered in Ranchi RSS Office Attack Probe | ZPluse News,"Ranchi: Investigations into the recent petrol bomb attack on the Rashtriya Swayamsevak Sangh (RSS) office in Ranchi have taken a dramatic turn, with security ag",Terror Trail Leads Across Border: ISI-Linked Network Uncovered in Ranchi RSS Office Attack Probe,https://www.zplusenews.com/article/terror-trail-leads-across-border-isilinked-network-uncovered-ranchi,Yes,Yes,Yes,No,677,
https://www.zplusenews.com/article/singapore-court-sentences-byju-raveendran-six-months-jail-marking,Sitemap,200,"Singapore Court Sentences Byju Raveendran to Six Months Jail, Marking Dramatic Fall of India’s Edtech Icon | ZPluse News","In a major legal setback that has sent shockwaves across India’s startup and edtech ecosystem, a Singapore court has sentenced Byju’s founder Byju Raveendran to","Singapore Court Sentences Byju Raveendran to Six Months Jail, Marking Dramatic Fall of India’s Edtech Icon",https://www.zplusenews.com/article/singapore-court-sentences-byju-raveendran-six-months-jail-marking,Yes,Yes,Yes,No,855,
https://www.zplusenews.com/video/panic-pakistan-after-dhurandhar-2-pakistan-police-searching-hamza,Sitemap,200,Panic in Pakistan - After Dhurandhar 2‌ - Pakistan Police Searching for Hamza? 🚨 | ZPluse News,आदित्य धर की ब्लॉकबस्टर फिल्म 'धुरंधर 2' (Dhurandhar 2: The Revenge) ने बॉक्स ऑफिस के साथ-साथ सोशल मीडिया पर भी तहलका मचा दिया है। रणवीर सिंह (Ranveer Singh) द्,Panic in Pakistan - After Dhurandhar 2‌ - Pakistan Police Searching for Hamza? 🚨,https://www.zplusenews.com/video/panic-pakistan-after-dhurandhar-2-pakistan-police-searching-hamza,Yes,No,Yes,Yes,127,Group_13
https://www.zplusenews.com/article/indiajapan-summit-2026-strategic-alliance-forged-age-global,Sitemap,200,India-Japan Summit 2026: A Strategic Alliance Forged in an Age of Global Uncertainty | ZPluse News,"Japanese Prime Minister Sanae Takaichi has arrived in New Delhi today, July 1, 2026, for her maiden three-day state visit to India, marking a pivotal moment in",India-Japan Summit 2026: A Strategic Alliance Forged in an Age of Global Uncertainty,https://www.zplusenews.com/article/indiajapan-summit-2026-strategic-alliance-forged-age-global,Yes,Yes,Yes,No,395,
https://www.zplusenews.com/article/indias-biggest-ipo-yet-mukesh-ambanis-jio-set-test-market-appetite,Sitemap,200,India’s Biggest IPO Yet? Mukesh Ambani’s Jio Set to Test Market Appetite as Listing Revival Hopes Rise | ZPluse News,"Mumbai: After years of anticipation, delays, and intense speculation, Reliance Jio Infocomm appears to be moving closer to what could become the largest initial",India’s Biggest IPO Yet? Mukesh Ambani’s Jio Set to Test Market Appetite as Listing Revival Hopes Rise,https://www.zplusenews.com/article/indias-biggest-ipo-yet-mukesh-ambanis-jio-set-test-market-appetite,Yes,Yes,Yes,No,719,
https://www.zplusenews.com/video/tmc-acting-skill-day-day-west-bengal-election-2026,Sitemap,200,TMC Acting Skill Day by Day - West Bengal Election 2026 | ZPluse News,Watch video news on ZPluse News.,TMC Acting Skill Day by Day - West Bengal Election 2026,https://www.zplusenews.com/video/tmc-acting-skill-day-day-west-bengal-election-2026,Yes,No,Yes,Yes,3,Group_14
https://www.zplusenews.com/article/west-bengal-plans-districtwise-detention-centres-illegal-bangladeshi,Sitemap,200,West Bengal Plans District-Wise Detention Centres for Illegal Bangladeshi Immigrants Amid Intensifying Immigration Debate | ZPluse News,Kolkata: West Bengal is preparing for one of its most politically sensitive administrative moves in recent years after reports emerged that district-wise detent,West Bengal Plans District-Wise Detention Centres for Illegal Bangladeshi Immigrants Amid Intensifying Immigration Debate,https://www.zplusenews.com/article/west-bengal-plans-districtwise-detention-centres-illegal-bangladeshi,Yes,Yes,Yes,No,757,
https://www.zplusenews.com/article/nse-s-ipo-move-signals-strategic-shift-as-rothschild-joins-as-advisor-1775474573117,Sitemap,200,NSE’s IPO Move Signals Strategic Shift as Rothschild Joins as Advisor | ZPluse News,The National Stock Exchange of India (NSE) has taken a significant step toward its long-awaited public listing by appointing global advisory firm Rothschild & C,NSE’s IPO Move Signals Strategic Shift as Rothschild Joins as Advisor,https://www.zplusenews.com/article/nse-s-ipo-move-signals-strategic-shift-as-rothschild-joins-as-advisor-1775474573117,Yes,Yes,Yes,No,334,
https://www.zplusenews.com/article/automated-test-technology-coverage-1774466875083,Sitemap,200,Automated Test: TECHNOLOGY Coverage | ZPluse News,This is a programmatically generated article confirming the technology grid functionality successfully renders on the live ZPlus News interface.,Automated Test: TECHNOLOGY Coverage,https://www.zplusenews.com/article/automated-test-technology-coverage-1774466875083,Yes,Yes,Yes,No,19,Group_15
https://www.zplusenews.com/article/rough-waters-rising-tensions-in-the-east-china-sea-1777183163061,Sitemap,200,Rough Waters: Rising Tensions in the East China Sea | ZPluse News,"The East China Sea is once again at the center of regional tensions, with a fresh wave of “grey zone” activities raising concerns in Tokyo and beyond. Strategic",Rough Waters: Rising Tensions in the East China Sea,https://www.zplusenews.com/article/rough-waters-rising-tensions-in-the-east-china-sea-1777183163061,Yes,Yes,Yes,No,383,
https://www.zplusenews.com/article/pakistan-afghanistan-conflict-intensifies-airstrikes-border-battles-and-rising-stakes,Sitemap,200,"Pakistan–Afghanistan Conflict Intensifies: Airstrikes, Border Battles, and Rising Stakes | ZPluse News","Tensions between Pakistan and Afghanistan have erupted into open warfare, with Islamabad launching extensive air and ground strikes deep into Afghan territory a","Pakistan–Afghanistan Conflict Intensifies: Airstrikes, Border Battles, and Rising Stakes",https://www.zplusenews.com/article/pakistan-afghanistan-conflict-intensifies-airstrikes-border-battles-and-rising-stakes,Yes,Yes,Yes,No,446,
https://www.zplusenews.com/video/esma-lpg-petrol-crisis,Sitemap,200,भारत में ESMA लागू! 🚨 LPG & Petrol Crisis? | ZPluse News,मिडिल-ईस्ट के महायुद्ध (US-Iran War) का असर अब सीधे भारत की रसोई और पेट्रोल पंप पर! कच्चे तेल की कीमतों में भयंकर उछाल के बीच मोदी सरकार ने पूरे देश में ESMA (E,भारत में ESMA लागू! 🚨 LPG & Petrol Crisis?,https://www.zplusenews.com/video/esma-lpg-petrol-crisis,Yes,No,Yes,Yes,115,Group_16
https://www.zplusenews.com/video/safer-internet-day-sid-2026-viral-breakingnews-travel-trending-news,Sitemap,200,Safer Internet Day (SID) 2026 #Viral #breakingnews #travel #trending #news #viralvideo #viral #video | ZPluse News,Watch video news on ZPluse News.,Safer Internet Day (SID) 2026 #Viral #breakingnews #travel #trending #news #viralvideo #viral #video,https://www.zplusenews.com/video/safer-internet-day-sid-2026-viral-breakingnews-travel-trending-news,Yes,No,Yes,Yes,3,Group_14
https://www.zplusenews.com/video/-3,Sitemap,200,बब्बन चौधरी नाम का दरिंदा...बेटी को छेड़ता है..प्राइवेट पार्ट्स को छूता है.. | ZPluse News,Watch video news on ZPluse News.,बब्बन चौधरी नाम का दरिंदा...बेटी को छेड़ता है..प्राइवेट पार्ट्स को छूता है..,https://www.zplusenews.com/video/-3,Yes,No,Yes,Yes,3,Group_14
https://www.zplusenews.com/article/vijays-first-moral-crackdown-tamil-nadu-shuts-717-tasmac-liquor-shops,Sitemap,200,Vijay’s First Moral Crackdown: Tamil Nadu Shuts 717 TASMAC Liquor Shops Near Temples | ZPluse News,Tamil Nadu Chief Minister Vijay has launched one of the most politically symbolic moves of his young administration by ordering the closure of 717 TASMAC liquor,Vijay’s First Moral Crackdown: Tamil Nadu Shuts 717 TASMAC Liquor Shops Near Temples,https://www.zplusenews.com/article/vijays-first-moral-crackdown-tamil-nadu-shuts-717-tasmac-liquor-shops,Yes,Yes,Yes,No,811,
https://www.zplusenews.com/article/sade-sati-explained-why-some-people-fear-while-others-rise-great,Sitemap,200,Sade Sati Explained: Why Some People Fear It While Others Rise to Great Success | ZPluse News,Understanding the Truth Behind One of Astrology's Most Misunderstood Periods,Sade Sati Explained: Why Some People Fear It While Others Rise to Great Success,https://www.zplusenews.com/article/sade-sati-explained-why-some-people-fear-while-others-rise-great,Yes,Yes,Yes,No,1024,
https://www.zplusenews.com/article/canada-pm-mark-carney-s-upcoming-india-visit-a-reset-after-years-of-strain-1775395182600,Sitemap,200,Canada PM Mark Carney’s Upcoming India Visit: A Reset After Years of Strain? | ZPluse News,The upcoming visit of Mark Carney to India is being closely watched as a potential turning point in India-Canada relations. After years of diplomatic strain und,Canada PM Mark Carney’s Upcoming India Visit: A Reset After Years of Strain?,https://www.zplusenews.com/article/canada-pm-mark-carney-s-upcoming-india-visit-a-reset-after-years-of-strain-1775395182600,Yes,Yes,Yes,No,620,
https://www.zplusenews.com/video/topsia-bulldozer-action,Sitemap,200,पश्चिम बंगाल में बुलडोज़र एक्शन चालू -: Topsia Bulldozer Action के बाद भारी बवाल? | ZPluse News,Topsia Bulldozer Action Latest News Updates: Topsia में बुलडोजर कार्रवाई के बाद भारी संख्या में Central Forces (केंद्रीय बलों) को तैनात कर दिया गया है। इस कार्र,पश्चिम बंगाल में बुलडोज़र एक्शन चालू -: Topsia Bulldozer Action के बाद भारी बवाल?,https://www.zplusenews.com/video/topsia-bulldozer-action,Yes,No,Yes,Yes,138,Group_17
https://www.zplusenews.com/article/of-handshakes-and-vaccines-why-april-24-mattered-1777183331031,Sitemap,200,Of Handshakes and Vaccines: Why April 24 Mattered | ZPluse News,"If April 24 looked like just another date on the calendar, the United Nations would strongly disagree. The day marked a powerful convergence of global prioritie",Of Handshakes and Vaccines: Why April 24 Mattered,https://www.zplusenews.com/article/of-handshakes-and-vaccines-why-april-24-mattered-1777183331031,Yes,Yes,Yes,No,397,
https://www.zplusenews.com/article/can-iran-cut-the-world-s-internet-the-undersea-cable-threat-explained-1774963182001,Sitemap,200,Can Iran Cut the World’s Internet? The Undersea Cable Threat Explained | ZPluse News,"The battlefield is no longer just land, air, or sea. Strategic Policy & Background It is now data. As tensions escalate in West Asia, a new fear is surfacing: W",Can Iran Cut the World’s Internet? The Undersea Cable Threat Explained,https://www.zplusenews.com/article/can-iran-cut-the-world-s-internet-the-undersea-cable-threat-explained-1774963182001,Yes,Yes,Yes,No,438,
https://www.zplusenews.com/health,Sitemap,200,Health News | ZPluse News,"Health news and wellness tips. Medical research, diseases, fitness and healthcare updates from India.",Health News,https://www.zplusenews.com/health,Yes,No,Yes,No,10,
https://www.zplusenews.com/article/india-climbs-higher-global-financial-governance-secures-fatf,Sitemap,200,India Climbs Higher in Global Financial Governance: Secures FATF Vice-Presidency for First Time | ZPluse News,"New Delhi: In a significant diplomatic and strategic achievement, India has been elected Vice-President of the Financial Action Task Force (FATF), the world’s p",India Climbs Higher in Global Financial Governance: Secures FATF Vice-Presidency for First Time,https://www.zplusenews.com/article/india-climbs-higher-global-financial-governance-secures-fatf,Yes,Yes,Yes,No,834,
https://www.zplusenews.com/video/israel-parliament-pm-modi-netanyahu,Sitemap,200,Israel Parliament में PM Modi पर बवाल! Netanyahu के खिलाफ विपक्ष की बगावत⚡ | ZPluse News,"PM Modi 25-26 फरवरी को Israel के दौरे पर जा रहे हैं, लेकिन उनके पहुँचने से पहले ही Israel की संसद (Knesset) में बवाल मच गया है! Yair Lapid ने PM Modi के संबोधन",Israel Parliament में PM Modi पर बवाल! Netanyahu के खिलाफ विपक्ष की बगावत⚡,https://www.zplusenews.com/video/israel-parliament-pm-modi-netanyahu,Yes,No,Yes,Yes,97,Group_18
https://www.zplusenews.com/video/tmc-end-bengal,Sitemap,200,TMC के गुंडों का The End? | Bengal में जनता का गुस्सा फूटा 🔥 | ZPluse News,Watch video news on ZPluse News.,TMC के गुंडों का The End? | Bengal में जनता का गुस्सा फूटा 🔥,https://www.zplusenews.com/video/tmc-end-bengal,Yes,No,Yes,Yes,3,Group_14
https://www.zplusenews.com/article/the-collateral-cost-how-west-asia-s-war-is-emptying-asia-s-makeup-kits-1774954952132,Sitemap,200,The Collateral Cost: How West Asia’s War is Emptying Asia’s Makeup Kits | ZPluse News,"As the conflict in West Asia intensifies, the shockwaves are no longer confined to the frontlines. From the morning skincare routine to the evening pint of beer",The Collateral Cost: How West Asia’s War is Emptying Asia’s Makeup Kits,https://www.zplusenews.com/article/the-collateral-cost-how-west-asia-s-war-is-emptying-asia-s-makeup-kits-1774954952132,Yes,Yes,Yes,No,472,
https://www.zplusenews.com/article/automated-test-international-coverage-1774466456275,Sitemap,200,Automated Test: INTERNATIONAL Coverage | ZPluse News,This is a programmatically generated article confirming the international grid functionality successfully renders on the live ZPlus News interface.,Automated Test: INTERNATIONAL Coverage,https://www.zplusenews.com/article/automated-test-international-coverage-1774466456275,Yes,Yes,Yes,No,19,Group_19
https://www.zplusenews.com/article/can-elon-musk-become-worlds-first-trillionaire-spacex-ipo-mars-dream,Sitemap,200,Can Elon Musk Become the World’s First Trillionaire? The SpaceX IPO and the Mars Dream Fueling the Speculation | ZPluse News,"For years, the idea of a trillionaire sounded like science fiction. Macroeconomic Dynamics Now, many analysts believe that Elon Musk may genuinely become the fi",Can Elon Musk Become the World’s First Trillionaire? The SpaceX IPO and the Mars Dream Fueling the Speculation,https://www.zplusenews.com/article/can-elon-musk-become-worlds-first-trillionaire-spacex-ipo-mars-dream,Yes,Yes,Yes,No,1102,
https://www.zplusenews.com/article/earthquake-japan,Sitemap,200,Earthquake in Japan | ZPluse News,"The earth in Japan has been restless this past week, with the country reeling from a rapid-fire series of tremors that have kept the nation on high alert. Early",Earthquake in Japan,https://www.zplusenews.com/article/earthquake-japan,Yes,Yes,Yes,No,256,
https://www.zplusenews.com/article/automated-test-fake-news-coverage-1774466869785,Sitemap,200,Automated Test: FAKE-NEWS Coverage | ZPluse News,This is a programmatically generated article confirming the fake-news grid functionality successfully renders on the live ZPlus News interface.,Automated Test: FAKE-NEWS Coverage,https://www.zplusenews.com/article/automated-test-fake-news-coverage-1774466869785,Yes,Yes,Yes,No,19,Group_20
https://www.zplusenews.com/article/eci-expands-electoral-verification-drive-phase-3-sir-begin-across-16,Sitemap,200,ECI Expands Electoral Verification Drive: Phase 3 of SIR to Begin Across 16 States and 3 Union Territories From May 30 | ZPluse News,The Election Commission of India is set to launch Phase 3 of its ambitious Special Intensive Revision (SIR) exercise from May 30 across 16 states and 3 Union Te,ECI Expands Electoral Verification Drive: Phase 3 of SIR to Begin Across 16 States and 3 Union Territories From May 30,https://www.zplusenews.com/article/eci-expands-electoral-verification-drive-phase-3-sir-begin-across-16,Yes,Yes,Yes,No,928,
https://www.zplusenews.com/video/kashmir-banega-hezbollah-kashmir,Sitemap,200,"""Kashmir Banega Hezbollah"" Kashmir में देश विरोधी नारे! | ZPluse News",अयातुल्ला खामेनेई (Ayatollah Khamenei) की मौत के बाद कश्मीर (Kashmir) में,"""Kashmir Banega Hezbollah"" Kashmir में देश विरोधी नारे!",https://www.zplusenews.com/video/kashmir-banega-hezbollah-kashmir,Yes,No,Yes,Yes,77,Group_21
https://www.zplusenews.com/video/border-security-amit-shah-indias-first-villages,Sitemap,200,Border Security: Amit Shah का बड़ा ऐलान - India's 'First Villages': चीन की उड़ी नींद | ZPluse News,"असम के नथानपुर (Nathanpur) से गृह मंत्री Amit Shah ने 'Vibrant Villages Programme Phase-2' (VVP-II) लॉन्च कर दिया है। अब भारत के बॉर्डर गांव 'आखिरी' नहीं, देश क",Border Security: Amit Shah का बड़ा ऐलान - India's 'First Villages': चीन की उड़ी नींद,https://www.zplusenews.com/video/border-security-amit-shah-indias-first-villages,Yes,No,Yes,Yes,31,Group_22
https://www.zplusenews.com/article/quiet-nuclear-shift-sipri-report-suggests-india-may-have-deployed,Sitemap,200,A Quiet Nuclear Shift: SIPRI Report Suggests India May Have Deployed Nuclear Warheads for the First Time | ZPluse News,New Delhi: India may have entered a new phase in its nuclear deterrence strategy. According to the latest assessment by the Stockholm International Peace Resear,A Quiet Nuclear Shift: SIPRI Report Suggests India May Have Deployed Nuclear Warheads for the First Time,https://www.zplusenews.com/article/quiet-nuclear-shift-sipri-report-suggests-india-may-have-deployed,Yes,Yes,Yes,No,792,
https://www.zplusenews.com/article/israels-deepest-push-lebanon-26-years-strategic-fort-near-litani-river,Sitemap,200,Israel’s Deepest Push Into Lebanon in 26 Years: Strategic Fort Near Litani River Captured in Major Offensive Against Hezbollah | ZPluse News,The conflict between Israel and Hezbollah has entered a dangerous new phase after Israeli forces launched their deepest ground penetration into Lebanon in more,Israel’s Deepest Push Into Lebanon in 26 Years: Strategic Fort Near Litani River Captured in Major Offensive Against Hezbollah,https://www.zplusenews.com/article/israels-deepest-push-lebanon-26-years-strategic-fort-near-litani-river,Yes,Yes,Yes,No,885,
https://www.zplusenews.com/article/iran-s-supreme-leader-ayatollah-ali-khamenei-killed-in-us-israel-military-strikes-1775712891349,Sitemap,200,Iran’s Supreme Leader Ayatollah Ali Khamenei Killed in US–Israel Military Strikes | ZPluse News,"In an unprecedented escalation of Middle East hostilities, Iran’s Supreme Leader Ayatollah Ali Khamenei has been confirmed dead after a massive joint military o",Iran’s Supreme Leader Ayatollah Ali Khamenei Killed in US–Israel Military Strikes,https://www.zplusenews.com/article/iran-s-supreme-leader-ayatollah-ali-khamenei-killed-in-us-israel-military-strikes-1775712891349,Yes,Yes,Yes,No,519,
https://www.zplusenews.com/article/diplomacy-under-pressure-usiran-talks-begin-switzerland-hormuz-crisis,Sitemap,200,Diplomacy Under Pressure: U.S.-Iran Talks Begin in Switzerland as Hormuz Crisis Threatens Global Economy | ZPluse News,"Geneva: High-stakes negotiations between the United States and Iran have commenced in Switzerland amid renewed uncertainty over the Strait of Hormuz, placing gl",Diplomacy Under Pressure: U.S.-Iran Talks Begin in Switzerland as Hormuz Crisis Threatens Global Economy,https://www.zplusenews.com/article/diplomacy-under-pressure-usiran-talks-begin-switzerland-hormuz-crisis,Yes,Yes,Yes,No,768,
https://www.zplusenews.com/video/13-harish-rana-case-supreme-court-euthanasia-verdict,Sitemap,200,13 साल बाद मिली 'इच्छामृत्यु'! 🥺Harish Rana Case Supreme Court Euthanasia Verdict | ZPluse News,13 सालों से बिस्तर पर पड़ी एक जिंदगी को सुप्रीम कोर्ट (Supreme Court) ने दी 'इच्छामृत्यु' (Euthanasia) की इजाजत! जानिए 11 मार्च 2026 के इस ऐतिहासिक फैसले (Haris,13 साल बाद मिली 'इच्छामृत्यु'! 🥺Harish Rana Case Supreme Court Euthanasia Verdict,https://www.zplusenews.com/video/13-harish-rana-case-supreme-court-euthanasia-verdict,Yes,No,Yes,Yes,103,Group_23
https://www.zplusenews.com/video/income-tax-bill-2025-explained-new-tax-slabs-digital-powers-ai,Sitemap,200,"Income Tax Bill 2025 Explained | New Tax Slabs, Digital Powers & AI Tracking | ZPluse News","India’s Income Tax Bill 2025–26 brings major tax reforms, new income tax slabs, AI-based compliance, and expanded digital search powers. Here’s a complete expla","Income Tax Bill 2025 Explained | New Tax Slabs, Digital Powers & AI Tracking",https://www.zplusenews.com/video/income-tax-bill-2025-explained-new-tax-slabs-digital-powers-ai,Yes,No,Yes,Yes,123,Group_24
https://www.zplusenews.com/article/annamalai-quits-bjp-after-highlevel-delhi-meetings-set-launch-new,Sitemap,200,"Annamalai Quits BJP After High-Level Delhi Meetings, Set to Launch New Political Party in Tamil Nadu | ZPluse News","Chennai/New Delhi: In a development that could significantly reshape Tamil Nadu politics, former Tamil Nadu BJP president K. Annamalai has reportedly resigned f","Annamalai Quits BJP After High-Level Delhi Meetings, Set to Launch New Political Party in Tamil Nadu",https://www.zplusenews.com/article/annamalai-quits-bjp-after-highlevel-delhi-meetings-set-launch-new,Yes,Yes,Yes,No,765,
https://www.zplusenews.com/video/chaudhary-ajit-singh-iit-engineer-farmer-leader,Sitemap,200,Chaudhary Ajit Singh: किसानों की बुलंद आवाज़ 🚜 | IIT Engineer to Farmer Leader | ZPluse News,IIT खड़गपुर से इंजीनियरिंग और अमेरिका में नौकरी छोड़कर आखिर क्यों चौधरी अजित सिंह भारत वापस आए? जानिए पूर्व प्रधानमंत्री चौधरी चरण सिंह के बेटे और किसानों के मसी,Chaudhary Ajit Singh: किसानों की बुलंद आवाज़ 🚜 | IIT Engineer to Farmer Leader,https://www.zplusenews.com/video/chaudhary-ajit-singh-iit-engineer-farmer-leader,Yes,No,Yes,Yes,65,Group_25
https://www.zplusenews.com/article/xi-tightens-grip-china-removes-top-generals-officials-sweeping-purge,Sitemap,200,Xi Tightens Grip: China Removes Top Generals and Officials in Sweeping Purge | ZPluse News,"In a massive shake-up of China’s elite, the National People’s Congress (NPC) Standing Committee officially stripped six high-ranking military generals and two p",Xi Tightens Grip: China Removes Top Generals and Officials in Sweeping Purge,https://www.zplusenews.com/article/xi-tightens-grip-china-removes-top-generals-officials-sweeping-purge,Yes,Yes,Yes,No,388,
https://www.zplusenews.com/article/invest-india-pm-modi-courts-dutch-companies-india-pushes-become-global,Sitemap,200,Invest in India”: PM Modi Courts Dutch Companies as India Pushes to Become Global Manufacturing and Technology Hub | ZPluse News,"Prime Minister Narendra Modi has made a strong pitch to Dutch businesses during his visit to the Netherlands, inviting companies from the European nation to exp",Invest in India”: PM Modi Courts Dutch Companies as India Pushes to Become Global Manufacturing and Technology Hub,https://www.zplusenews.com/article/invest-india-pm-modi-courts-dutch-companies-india-pushes-become-global,Yes,Yes,Yes,No,978,
https://www.zplusenews.com/article/monsoon-crisis-deepens-rainfall-deficit-touches-40-clouds-stay-away,Sitemap,200,Monsoon Crisis Deepens: Rainfall Deficit Touches 40% as Clouds Stay Away from Large Parts of India | ZPluse News,"New Delhi: Concerns are mounting across India as the southwest monsoon, the lifeline of the country’s agriculture and rural economy, continues to underperform.",Monsoon Crisis Deepens: Rainfall Deficit Touches 40% as Clouds Stay Away from Large Parts of India,https://www.zplusenews.com/article/monsoon-crisis-deepens-rainfall-deficit-touches-40-clouds-stay-away,Yes,Yes,Yes,No,740,
https://www.zplusenews.com/article/iran-s-new-supreme-leader-a-dynasty-rises-in-the-middle-east,Sitemap,200,Iran’s New Supreme Leader: A Dynasty Rises in the Middle East | ZPluse News,"In the middle of war, sanctions, and rising political tensions, Iran has entered a new political era. The Islamic Republic has a new supreme leader Mojtaba Kham",Iran’s New Supreme Leader: A Dynasty Rises in the Middle East,https://www.zplusenews.com/article/iran-s-new-supreme-leader-a-dynasty-rises-in-the-middle-east,Yes,Yes,Yes,No,409,Group_26
https://www.zplusenews.com/article/indiaus-defence-ties-deepen-488-million-apache-m777-support-pact,Sitemap,200,India–US Defence Ties Deepen: $488 Million Apache and M777 Support Pact Signals Strategic Military Push | ZPluse News,India and the United States have taken another major step in strengthening defence cooperation with a new $488 million military support agreement focused on the,India–US Defence Ties Deepen: $488 Million Apache and M777 Support Pact Signals Strategic Military Push,https://www.zplusenews.com/article/indiaus-defence-ties-deepen-488-million-apache-m777-support-pact,Yes,Yes,Yes,No,1003,
https://www.zplusenews.com/article/quad-foreign-ministers-meet-focuses-indopacific-security-technology,Sitemap,200,"QUAD Foreign Ministers Meet Focuses on Indo-Pacific Security, Technology and Strategic Cooperation | ZPluse News","The latest meeting of the QUAD foreign ministers marked another major step in the growing strategic partnership between India, the United States, Japan, and Aus","QUAD Foreign Ministers Meet Focuses on Indo-Pacific Security, Technology and Strategic Cooperation",https://www.zplusenews.com/article/quad-foreign-ministers-meet-focuses-indopacific-security-technology,Yes,Yes,Yes,No,873,
https://www.zplusenews.com/article/russian-tip-off-leads-to-capture-of-cia-linked-mercenaries-new-intelligence-war-unfolds-1775106194391,Sitemap,200,Russian Tip-Off Leads to Capture of ‘CIA-Linked Mercenaries’: New Intelligence War Unfolds | ZPluse News,"In a development that underscores the shadowy world of modern espionage, security agencies have reportedly apprehended a group of foreign mercenaries following",Russian Tip-Off Leads to Capture of ‘CIA-Linked Mercenaries’: New Intelligence War Unfolds,https://www.zplusenews.com/article/russian-tip-off-leads-to-capture-of-cia-linked-mercenaries-new-intelligence-war-unfolds-1775106194391,Yes,Yes,Yes,No,288,
https://www.zplusenews.com/video/brigade-ground-full-bengal-election-2026,Sitemap,200,बंगाल में भगवा सैलाब! 🚩 Brigade Ground Full? Bengal Election 2026 | ZPluse News,पश्चिम बंगाल चुनाव 2026 (West Bengal Elections 2026) के बीच कोलकाता में दिखा सबसे ऐतिहासिक नज़ारा! रेलवे स्टेशनों से लेकर ब्रिगेड मैदान (Brigade Parade Ground),बंगाल में भगवा सैलाब! 🚩 Brigade Ground Full? Bengal Election 2026,https://www.zplusenews.com/video/brigade-ground-full-bengal-election-2026,Yes,No,Yes,Yes,113,Group_27
https://www.zplusenews.com/article/neet-retest-under-tight-security-thousands-aspirants-appear-amid,Sitemap,200,NEET Re-Test Under Tight Security: Thousands of Aspirants Appear Amid Efforts to Restore Trust | ZPluse News,"New Delhi: Amid unprecedented security arrangements and intense public scrutiny, thousands of medical aspirants across India appeared for the NEET-UG re-examina",NEET Re-Test Under Tight Security: Thousands of Aspirants Appear Amid Efforts to Restore Trust,https://www.zplusenews.com/article/neet-retest-under-tight-security-thousands-aspirants-appear-amid,Yes,Yes,Yes,No,727,
https://www.zplusenews.com/video/reservation-policy-systemic-negligence,Sitemap,200,आखिर ज़िम्मेदार कौन? Reservation Policy or Systemic Negligence? | ZPluse News,"देश में लगातार हो रहे हादसों और सिस्टम की नाकामी का असली ज़िम्मेदार कौन है? क्या इसके पीछे आरक्षण (Arakshan) है, या फिर प्रशासन की घोर लापरवाही (Laparwahi)? Wat",आखिर ज़िम्मेदार कौन? Reservation Policy or Systemic Negligence?,https://www.zplusenews.com/video/reservation-policy-systemic-negligence,Yes,No,Yes,Yes,42,Group_28
https://www.zplusenews.com/article/automated-test-fake-news-coverage-1774466454681,Sitemap,200,Automated Test: FAKE-NEWS Coverage | ZPluse News,This is a programmatically generated article confirming the fake-news grid functionality successfully renders on the live ZPlus News interface.,Automated Test: FAKE-NEWS Coverage,https://www.zplusenews.com/article/automated-test-fake-news-coverage-1774466454681,Yes,Yes,Yes,No,19,Group_20
https://www.zplusenews.com/article/a-new-axis-in-tamil-nadu-tvk-congress-alliance-buzz-grows-after-vijay-s-raj-bhavan-meeting-1778070790461,Sitemap,200,A New Axis in Tamil Nadu? TVK–Congress Alliance Buzz Grows After Vijay’s Raj Bhavan Meeting | ZPluse News,Tamil Nadu politics may be heading toward its biggest realignment in decades. Strategic Policy & Background After a dramatic electoral breakthrough by Tamilaga,A New Axis in Tamil Nadu? TVK–Congress Alliance Buzz Grows After Vijay’s Raj Bhavan Meeting,https://www.zplusenews.com/article/a-new-axis-in-tamil-nadu-tvk-congress-alliance-buzz-grows-after-vijay-s-raj-bhavan-meeting-1778070790461,Yes,Yes,Yes,No,649,
https://www.zplusenews.com/article/melodi-takes-over-internet-again-pm-modi-reaches-rome-during-europe,Sitemap,200,Melodi” Takes Over the Internet Again as PM Modi Reaches Rome During Europe Tour | ZPluse News,Prime Minister Narendra Modi’s arrival in Rome during his ongoing Europe tour has sparked not only major diplomatic discussions—but also a fresh social media ex,Melodi” Takes Over the Internet Again as PM Modi Reaches Rome During Europe Tour,https://www.zplusenews.com/article/melodi-takes-over-internet-again-pm-modi-reaches-rome-during-europe,Yes,Yes,Yes,No,917,
https://www.zplusenews.com/article/delhi-high-court-backs-centres-telegram-ban-ahead-neet-retest,Sitemap,200,"Delhi High Court Backs Centre’s Telegram Ban Ahead of NEET Re-Test, Prioritises Exam Integrity Over Platform Access | ZPluse News","New Delhi: In a landmark ruling that could have far-reaching implications for digital governance and online platform regulation in India, the Delhi High Court h","Delhi High Court Backs Centre’s Telegram Ban Ahead of NEET Re-Test, Prioritises Exam Integrity Over Platform Access",https://www.zplusenews.com/article/delhi-high-court-backs-centres-telegram-ban-ahead-neet-retest,Yes,Yes,Yes,No,719,
https://www.zplusenews.com/article/apple-leadership-shift-tim-cook-steps-down-john-ternus-to-take-over-1776779093070,Sitemap,200,"Apple Leadership Shift: Tim Cook Steps Down, John Ternus to Take Over | ZPluse News","Apple has announced a major leadership transition, marking the end of an era for one of the world’s most valuable companies. After nearly 15 years as CEO, Tim C","Apple Leadership Shift: Tim Cook Steps Down, John Ternus to Take Over",https://www.zplusenews.com/article/apple-leadership-shift-tim-cook-steps-down-john-ternus-to-take-over-1776779093070,Yes,Yes,Yes,No,375,
https://www.zplusenews.com/article/assam-tightens-aadhaar-rules-new-adult-aadhaar-cards-without-special,Sitemap,200,"Assam Tightens Aadhaar Rules: No New Adult Aadhaar Cards Without Special Verification, Says Himanta Biswa Sarma | ZPluse News","Guwahati: In a major policy decision aimed at curbing illegal immigration and strengthening identity verification mechanisms, the Assam government has announced","Assam Tightens Aadhaar Rules: No New Adult Aadhaar Cards Without Special Verification, Says Himanta Biswa Sarma",https://www.zplusenews.com/article/assam-tightens-aadhaar-rules-new-adult-aadhaar-cards-without-special,Yes,Yes,Yes,No,578,
https://www.zplusenews.com/video/14th-february-black-day-india-pulwamaattack-breakingnews-viral,Sitemap,200,14th February — Black Day for India.🕯️🇮🇳 #pulwamaattack #breakingnews #viral #operationvijay #video | ZPluse News,14th February — Black Day for India.🕯️🇮🇳 We remember the brave souls who laid down their lives in the Pulwama attack. Their sacrifice will never be forgotten,14th February — Black Day for India.🕯️🇮🇳 #pulwamaattack #breakingnews #viral #operationvijay #video,https://www.zplusenews.com/video/14th-february-black-day-india-pulwamaattack-breakingnews-viral,Yes,No,Yes,Yes,35,Group_29
https://www.zplusenews.com/article/twin-blasts-trigger-security-alarm-as-dgp-points-to-pakistan-s-isi-1778234420989,Sitemap,200,Twin Blasts Trigger Security Alarm as DGP Points to Pakistan’s ISI | ZPluse News,"Punjab is once again confronting an old shadow. Strategic Policy & Background A series of twin blasts has shaken the state’s security establishment, reigniting",Twin Blasts Trigger Security Alarm as DGP Points to Pakistan’s ISI,https://www.zplusenews.com/article/twin-blasts-trigger-security-alarm-as-dgp-points-to-pakistan-s-isi-1778234420989,Yes,Yes,Yes,No,757,
https://www.zplusenews.com/article/24-killed-deadly-train-attack-balochistan-separatist-group-claims,Sitemap,200,"24 Killed in Deadly Train Attack in Balochistan, Separatist Group Claims Responsibility | ZPluse News",Quetta: Pakistan’s volatile Balochistan province witnessed another major escalation in insurgent violence after at least 24 people were killed in a devastating,"24 Killed in Deadly Train Attack in Balochistan, Separatist Group Claims Responsibility",https://www.zplusenews.com/article/24-killed-deadly-train-attack-balochistan-separatist-group-claims,Yes,Yes,Yes,No,729,
https://www.zplusenews.com/video/khamenei-death-truth-london-video,Sitemap,200,Khamenei Death : ईरानी और यहूदी एक साथ नाचे? 😱 The Truth of London Video | ZPluse News,"एक तरफ मिडिल-ईस्ट में युद्ध, दूसरी तरफ लंदन (London) में ईरानी और यहूदी एक साथ जश्न मना रहे हैं! आखिर अयातुल्ला खामेनेई (Ayatollah Khamenei) की मौत के बाद कट्टर",Khamenei Death : ईरानी और यहूदी एक साथ नाचे? 😱 The Truth of London Video,https://www.zplusenews.com/video/khamenei-death-truth-london-video,Yes,No,Yes,Yes,66,Group_30
https://www.zplusenews.com/article/paraguay-stuns-germany-fourtime-champions-crash-out-world-cup-penalty,Sitemap,200,Paraguay Stuns Germany: Four-Time Champions Crash Out in World Cup Penalty Heartbreak | ZPluse News,"The 2026 FIFA World Cup has witnessed its most shocking exit yet. In a round-of-32 clash that will be remembered for years, four-time champions Germany were sen",Paraguay Stuns Germany: Four-Time Champions Crash Out in World Cup Penalty Heartbreak,https://www.zplusenews.com/article/paraguay-stuns-germany-fourtime-champions-crash-out-world-cup-penalty,Yes,Yes,Yes,No,300,
https://www.zplusenews.com/article/rupee-100-why-economists-say-number-matters-less-than-narrative,Sitemap,200,The Rupee at 100: Why Economists Say the Number Matters Less Than the Narrative | ZPluse News,"As the Indian rupee edges closer to the psychologically significant mark of 100 against the US dollar, concerns over the currency’s future have intensified acro",The Rupee at 100: Why Economists Say the Number Matters Less Than the Narrative,https://www.zplusenews.com/article/rupee-100-why-economists-say-number-matters-less-than-narrative,Yes,Yes,Yes,No,624,
https://www.zplusenews.com/video/us-indiaus-trade-deal,Sitemap,200,US को बदलना पड़ा फैसला! भारत की बड़ी जीत | India-US Trade Deal | ZPluse News,"भारत की बढ़ती ताकत का असर अब व्हाइट हाउस में भी दिखने लगा है! 🇮🇳🇺🇸 हाल ही में हुई इंडिया-यूएस ट्रेड डील के बाद, अमेरिका ने 24 घंटे के अंदर अपनी फैक्टशीट में",US को बदलना पड़ा फैसला! भारत की बड़ी जीत | India-US Trade Deal,https://www.zplusenews.com/video/us-indiaus-trade-deal,Yes,No,Yes,Yes,89,Group_31
https://www.zplusenews.com/video/ipl-2026-mustafizur-rahman-bangladesh,Sitemap,200,IPL 2026 पर बैन! Mustafizur Rahman विवाद से मचा बवाल 😱- Bangladesh | ZPluse News,IPL 2026 से पहले बड़ा विवाद! Mustafizur Rahman को KKR से रिलीज़ किए जाने के बाद Bangladesh ने IPL का टेलीकास्ट सस्पेंड कर दिया। क्या ये फैसला क्रिकेट को प्रभावि,IPL 2026 पर बैन! Mustafizur Rahman विवाद से मचा बवाल 😱- Bangladesh,https://www.zplusenews.com/video/ipl-2026-mustafizur-rahman-bangladesh,Yes,No,Yes,Yes,53,Group_32
https://www.zplusenews.com/article/yoga-goes-global-once-again-international-yoga-day-2026-celebrated,Sitemap,200,Yoga Goes Global Once Again: International Yoga Day 2026 Celebrated Across Continents | ZPluse News,"New Delhi: Millions of people across the world participated in International Yoga Day 2026, transforming parks, beaches, stadiums, schools, and public squares i",Yoga Goes Global Once Again: International Yoga Day 2026 Celebrated Across Continents,https://www.zplusenews.com/article/yoga-goes-global-once-again-international-yoga-day-2026-celebrated,Yes,Yes,Yes,No,689,
https://www.zplusenews.com/article/from-retaliation-to-regional-shake-up-iran-s-strike-wave-and-the-new-great-power-chessboard,Sitemap,200,"From Retaliation to Regional Shake-Up, Iran’s Strike Wave and the New Great Power Chessboard | ZPluse News","In the span of a few days, what many hoped would be a limited conflict between Tehran, Washington, and Tel Aviv has expanded into something far broader, drawing","From Retaliation to Regional Shake-Up, Iran’s Strike Wave and the New Great Power Chessboard",https://www.zplusenews.com/article/from-retaliation-to-regional-shake-up-iran-s-strike-wave-and-the-new-great-power-chessboard,Yes,Yes,Yes,No,364,Group_33
https://www.zplusenews.com/article/bjp-bets-on-continuity-himanta-biswa-sarma-chosen-again-as-assam-chief-minister-oath-ceremony-tomorrow-1778513034178,Sitemap,200,"BJP Bets on Continuity: Himanta Biswa Sarma Chosen Again as Assam Chief Minister, Oath Ceremony Tomorrow | ZPluse News","The Bharatiya Janata Party has made its decision clear. Strategic Policy & Background After its historic electoral hat-trick in Assam, the party leadership and","BJP Bets on Continuity: Himanta Biswa Sarma Chosen Again as Assam Chief Minister, Oath Ceremony Tomorrow",https://www.zplusenews.com/article/bjp-bets-on-continuity-himanta-biswa-sarma-chosen-again-as-assam-chief-minister-oath-ceremony-tomorrow-1778513034178,Yes,Yes,Yes,No,808,
https://www.zplusenews.com/article/sri-lanka-refuses-us-request-to-land-military-aircraft-signals-strategic-balancing-in-indian-ocean-1775035856532,Sitemap,200,"Sri Lanka Refuses US Request to Land Military Aircraft, Signals Strategic Balancing in Indian Ocean | ZPluse News","In a move that underscores its delicate geopolitical balancing act, Sri Lanka has reportedly declined a United States request to allow American military aircraf","Sri Lanka Refuses US Request to Land Military Aircraft, Signals Strategic Balancing in Indian Ocean",https://www.zplusenews.com/article/sri-lanka-refuses-us-request-to-land-military-aircraft-signals-strategic-balancing-in-indian-ocean-1775035856532,Yes,Yes,Yes,No,448,
https://www.zplusenews.com/video/india-breaking-news-today-latest-update-breakingnews-news-viral,Sitemap,200,India Breaking News Today | Latest Update #breakingnews #news #viral #latestnews | ZPluse News,India Breaking News Today #breakingnews #news #viral,India Breaking News Today | Latest Update #breakingnews #news #viral #latestnews,https://www.zplusenews.com/video/india-breaking-news-today-latest-update-breakingnews-news-viral,Yes,No,Yes,Yes,7,Group_34
https://www.zplusenews.com/agriculture,Sitemap,200,Agriculture News | ZPluse News,"Agriculture news from India. Farming, crops, MSP, rural economy and agri-technology updates.",Agriculture News,https://www.zplusenews.com/agriculture,Yes,No,Yes,No,10,
https://www.zplusenews.com/video/mexico-violence-el-mencho-killed,Sitemap,200,"Mexico Violence: खूंखार माफिया ढेर, सड़कों पर आगजनी 😱 | El Mencho Killed | ZPluse News",मेक्सिको में ड्रग माफिया 'एल मेंचो' (El Mencho) के मारे जाने के बाद भारी हिंसा और आगजनी। भारतीय दूतावास ने सभी भारतीयों के लिए अर्जेंट एडवाइजरी और रेड अलर्ट जार,"Mexico Violence: खूंखार माफिया ढेर, सड़कों पर आगजनी 😱 | El Mencho Killed",https://www.zplusenews.com/video/mexico-violence-el-mencho-killed,Yes,No,Yes,Yes,42,Group_35
https://www.zplusenews.com/culture,Sitemap,200,Culture News | ZPluse News,"Indian culture and heritage news. Art, music, cinema, literature and cultural events.",Culture News,https://www.zplusenews.com/culture,Yes,No,Yes,No,10,
https://www.zplusenews.com/article/baruipur-rapemurder-accused-killed-police-encounter-during-crime-scene,Sitemap,200,Baruipur Rape-Murder Accused Killed in Police Encounter During Crime Scene Reconstruction | ZPluse News,"Kolkata: The prime accused in the brutal Baruipur rape and murder case, Parbas Mondal, was killed during a police operation while investigators were reconstruct",Baruipur Rape-Murder Accused Killed in Police Encounter During Crime Scene Reconstruction,https://www.zplusenews.com/article/baruipur-rapemurder-accused-killed-police-encounter-during-crime-scene,Yes,Yes,Yes,No,405,
https://www.zplusenews.com/ai,Sitemap,200,AI & Technology News | ZPluse News,"Artificial intelligence news from India. AI research, machine learning, ChatGPT and AI policy.",AI & Technology News,https://www.zplusenews.com/ai,Yes,No,Yes,No,10,
https://www.zplusenews.com/article/monsoon-edge-el-nio-threat-deepens-indias-rainfall-crisis,Sitemap,200,Monsoon on Edge: El Niño Threat Deepens India’s Rainfall Crisis | ZPluse News,"The Indian monsoon is currently navigating a period of significant uncertainty, struggling under the twin pressures of a strengthening El Niño and a sluggish st",Monsoon on Edge: El Niño Threat Deepens India’s Rainfall Crisis,https://www.zplusenews.com/article/monsoon-edge-el-nio-threat-deepens-indias-rainfall-crisis,Yes,Yes,Yes,No,314,
https://www.zplusenews.com/article/the-ultimate-vip-list-who-s-getting-a-green-pass-through-the-strait-of-hormuz-1774954871316,Sitemap,200,The Ultimate VIP List: Who’s Getting a ‘Green Pass’ Through the Strait of Hormuz? | ZPluse News,"The Persian Gulf: If the world of global shipping were a high-end nightclub, the Strait of Hormuz just became the most exclusive VIP lounge on the planet. But t",The Ultimate VIP List: Who’s Getting a ‘Green Pass’ Through the Strait of Hormuz?,https://www.zplusenews.com/article/the-ultimate-vip-list-who-s-getting-a-green-pass-through-the-strait-of-hormuz-1774954871316,Yes,Yes,Yes,No,306,
https://www.zplusenews.com/video/gdp-77-us,Sitemap,200,भारत की GDP 7.7% | राहुल गांधी का बड़ा आरोप | US-ईरान युद्ध जैसे हालात | प्रज्ञानंदा ने रचा इतिहास | ZPluse News,आज की इस वीडियो में देखिए देश और दुनिया की 10 सबसे बड़ी और महत्वपूर्ण खबरें: 🔹 राहुल गांधी का ग्रेट निकोबार प्रोजेक्ट को लेकर बड़ा आरोप 🔹 भारत की GDP ग्रोथ 7.,भारत की GDP 7.7% | राहुल गांधी का बड़ा आरोप | US-ईरान युद्ध जैसे हालात | प्रज्ञानंदा ने रचा इतिहास,https://www.zplusenews.com/video/gdp-77-us,Yes,No,Yes,Yes,150,Group_36
https://www.zplusenews.com/article/from-mhow-maryland-major-prabhat-mishra-outshines-officers-from-92,Sitemap,200,From Mhow to Maryland: Major Prabhat Mishra Outshines Officers from 92 Nations to Earn America’s Highest Military Academic Honour | ZPluse News,"New Delhi: In a remarkable achievement that has brought pride to the Indian Army and the nation, Major Prabhat Mishra has emerged as the top-performing internat",From Mhow to Maryland: Major Prabhat Mishra Outshines Officers from 92 Nations to Earn America’s Highest Military Academic Honour,https://www.zplusenews.com/article/from-mhow-maryland-major-prabhat-mishra-outshines-officers-from-92,Yes,Yes,Yes,No,689,
https://www.zplusenews.com/video/jodhpur-schools-exposed,Sitemap,200,शिक्षा के नाम पर जोधपुर में पर्यावरण की तबाही! | Jodhpur Schools Exposed | ZPluse News,हम स्कूलों से उम्मीद करते हैं कि वे बच्चों को 'सिविक सेंस' (Civic Sense) और पर्यावरण संरक्षण (Environment Protection) का पाठ पढ़ाएंगे। लेकिन जोधपुर के कुछ स्कूल,शिक्षा के नाम पर जोधपुर में पर्यावरण की तबाही! | Jodhpur Schools Exposed,https://www.zplusenews.com/video/jodhpur-schools-exposed,Yes,No,Yes,Yes,122,Group_37
https://www.zplusenews.com/article/you-could-criticise-abhishek-tmc-rebel-reveals-breaking-point-behind,Sitemap,200,You Could Not Criticise Abhishek’: TMC Rebel Reveals the Breaking Point Behind Growing Dissent in Trinamool Congress | ZPluse News,"‘ Kolkata: As the Trinamool Congress grapples with its worst political crisis since coming to power in 2011, a striking statement from a rebel party leader has",You Could Not Criticise Abhishek’: TMC Rebel Reveals the Breaking Point Behind Growing Dissent in Trinamool Congress,https://www.zplusenews.com/article/you-could-criticise-abhishek-tmc-rebel-reveals-breaking-point-behind,Yes,Yes,Yes,No,873,
https://www.zplusenews.com/video/trump-new-10-tariff-impact-india-2026,Sitemap,200,Trump New 10% Tariff Impact on India 2026 - ट्रंप का 'लूपहोल': टैरिफ से कैसे फंसा भारत और यूरोप? | ZPluse News,"डोनल्ड ट्रंप का नया 10% ग्लोबल टैरिफ (10% Global Tariff) भारत के लिए क्या मायने रखता है? अमेरिका के सुप्रीम कोर्ट ने पुराने टैरिफ रद्द कर दिए हैं, लेकिन ट्रंप न",Trump New 10% Tariff Impact on India 2026 - ट्रंप का 'लूपहोल': टैरिफ से कैसे फंसा भारत और यूरोप?,https://www.zplusenews.com/video/trump-new-10-tariff-impact-india-2026,Yes,No,Yes,Yes,47,Group_38
https://www.zplusenews.com/video/top-3-most-selling-cars-india,Sitemap,200,Top 3 Most Selling Cars in India | ZPluse News,"Which cars sell the most in India every minute? This short video shows the Top 3 Most Selling Cars in India, based on mileage, price, and trust. #TopSellingCars",Top 3 Most Selling Cars in India,https://www.zplusenews.com/video/top-3-most-selling-cars-india,Yes,No,Yes,Yes,50,Group_39
https://www.zplusenews.com/video/messi-kolkata-visit-chaos-fans-angry-posters-torn-political-fallout,Sitemap,200,"Messi Kolkata Visit Chaos 😱 | Fans Angry, Posters Torn | Political Fallout Explained | ZPluse News","What was meant to be a historic football celebration turned into chaos at Kolkata’s Salt Lake Stadium. During Lionel Messi’s highly anticipated visit, poor crow","Messi Kolkata Visit Chaos 😱 | Fans Angry, Posters Torn | Political Fallout Explained",https://www.zplusenews.com/video/messi-kolkata-visit-chaos-fans-angry-posters-torn-political-fallout,Yes,No,Yes,Yes,140,Group_40
https://www.zplusenews.com/article/nia-charges-hafiz-saeed-pahalgam-terror-attack-expands-crackdown,Sitemap,200,"NIA Charges Hafiz Saeed in Pahalgam Terror Attack, Expands Crackdown on Cross-Border Terror Network | ZPluse News","New Delhi: In a major development in the investigation into the deadly Pahalgam terror attack, the National Investigation Agency (NIA) has named Lashkar-e-Taiba","NIA Charges Hafiz Saeed in Pahalgam Terror Attack, Expands Crackdown on Cross-Border Terror Network",https://www.zplusenews.com/article/nia-charges-hafiz-saeed-pahalgam-terror-attack-expands-crackdown,Yes,Yes,Yes,No,588,
https://www.zplusenews.com/video/thook-jihad-mumbai-fayaz-shaikh-kausar-shaikh,Sitemap,200,Thook Jihad? Mumbai में रोटियों पर थूकने के आरोप में Fayaz Shaikh और Kausar Shaikh गिरफ्तार | ZPluse News,Watch video news on ZPluse News.,Thook Jihad? Mumbai में रोटियों पर थूकने के आरोप में Fayaz Shaikh और Kausar Shaikh गिरफ्तार,https://www.zplusenews.com/video/thook-jihad-mumbai-fayaz-shaikh-kausar-shaikh,Yes,No,Yes,Yes,3,Group_14
https://www.zplusenews.com/article/automated-test-polity-coverage-1774466874197,Sitemap,200,Automated Test: POLITY Coverage | ZPluse News,This is a programmatically generated article confirming the polity grid functionality successfully renders on the live ZPlus News interface.,Automated Test: POLITY Coverage,https://www.zplusenews.com/article/automated-test-polity-coverage-1774466874197,Yes,Yes,Yes,No,19,Group_41
https://www.zplusenews.com/video/global-tech-consortium-unveils-nextgen-ai-infrastructure-2026,Sitemap,200,Global Tech Consortium Unveils Next-Gen AI Infrastructure for 2026 | ZPluse News,A coalition of leading technology firms has announced a groundbreaking artificial intelligence framework expected to completely reshape global digital infrastru,Global Tech Consortium Unveils Next-Gen AI Infrastructure for 2026,https://www.zplusenews.com/video/global-tech-consortium-unveils-nextgen-ai-infrastructure-2026,Yes,No,Yes,Yes,147,Group_42
https://www.zplusenews.com/article/end-starmer-era-uk-prime-minister-resigns-after-mounting-labour-revolt,Sitemap,200,End of the Starmer Era: UK Prime Minister Resigns After Mounting Labour Revolt | ZPluse News,"London: In a dramatic political development that has sent shockwaves through British politics, Prime Minister Keir Starmer has announced his resignation after m",End of the Starmer Era: UK Prime Minister Resigns After Mounting Labour Revolt,https://www.zplusenews.com/article/end-starmer-era-uk-prime-minister-resigns-after-mounting-labour-revolt,Yes,Yes,Yes,No,256,
https://www.zplusenews.com/video/caught-camera,Sitemap,200,"सुनार की दुकान में दिनदहाड़े चोरी, महिला की चालाकी देख उड़ जाएंगे होश | Caught on Camera | ZPluse News","सोने की नोज पिन चुराकर इस महिला ने जहाँ छिपाई, उसे देखकर आपके भी होश उड़ जाएंगे... देखिए कैसे पल भर में टूटता है एक छोटे व्यापारी का भरोसा। इस सीसीटीवी फुटेज (C","सुनार की दुकान में दिनदहाड़े चोरी, महिला की चालाकी देख उड़ जाएंगे होश | Caught on Camera",https://www.zplusenews.com/video/caught-camera,Yes,No,Yes,Yes,90,Group_43
https://www.zplusenews.com/article/england-survive-mexico-scare-storm-world-cup-quarterfinals,Sitemap,200,England Survive Mexico Scare to Storm into World Cup Quarter-finals | ZPluse News,"England secured a thrilling 3-2 victory over tournament co-hosts Mexico in a World Cup classic at the iconic Estadio Azteca, punching their ticket to the quarte",England Survive Mexico Scare to Storm into World Cup Quarter-finals,https://www.zplusenews.com/article/england-survive-mexico-scare-storm-world-cup-quarterfinals,Yes,Yes,Yes,No,204,
https://www.zplusenews.com/article/rapper-to-power-the-unlikely-political-rise-of-balen-shah-1775306444086,Sitemap,200,Rapper to Power: The Unlikely Political Rise of Balen Shah | ZPluse News,"In the heart of the Himalayas, Nepal witnessed one of the most unconventional political journeys in recent years. A man once known for rhymes and rap battles en",Rapper to Power: The Unlikely Political Rise of Balen Shah,https://www.zplusenews.com/article/rapper-to-power-the-unlikely-political-rise-of-balen-shah-1775306444086,Yes,Yes,Yes,No,304,
https://www.zplusenews.com/video/-5,Sitemap,200,सऊदी में गैस खत्म... ये भी मोदी जी की गलती? 🤣 | ZPluse News,भारत में गैस संकट (LPG Crisis) पर राजनीति करने वालों और मोदी सरकार (Modi Govt) को कोसने वालों के लिए यह वीडियो एक तमाचा है! मिडिल-ईस्ट के युद्ध (US-Iran War) का,सऊदी में गैस खत्म... ये भी मोदी जी की गलती? 🤣,https://www.zplusenews.com/video/-5,Yes,No,Yes,Yes,124,Group_44
https://www.zplusenews.com/article/suvendu-adhikari-plans-revival-historic-bengal-gorkha-force-targets,Sitemap,200,"Suvendu Adhikari Plans Revival of Historic Bengal Gorkha Force, Targets Mamata Government Over Hill Politics | ZPluse News","West Bengal Opposition Leader Suvendu Adhikari has announced plans to revive the historic Bengal Gorkha Force, a colonial-era military formation with deep roots","Suvendu Adhikari Plans Revival of Historic Bengal Gorkha Force, Targets Mamata Government Over Hill Politics",https://www.zplusenews.com/article/suvendu-adhikari-plans-revival-historic-bengal-gorkha-force-targets,Yes,Yes,Yes,No,725,
https://www.zplusenews.com/video/jharkhand-air-ambulance-crash-breakingnews-jharkhand-jharkhandnews,Sitemap,200,Jharkhand air ambulance crash #breakingnews #jharkhand #jharkhand_news #facts #newsupdate | ZPluse News,"Fatal Crash Claims All 7 Lives in Jharkhand Air Ambulance IncidentA Beechcraft C90 aircraft, on a medical evacuation flight from Ranchi to Delhi, crashed in Ran",Jharkhand air ambulance crash #breakingnews #jharkhand #jharkhand_news #facts #newsupdate,https://www.zplusenews.com/video/jharkhand-air-ambulance-crash-breakingnews-jharkhand-jharkhandnews,Yes,No,Yes,Yes,64,Group_45
https://www.zplusenews.com/article/dont-air-uddhav-sena-mps-tirade-against-rebels-sparks-fresh-political,Sitemap,200,‘Don’t Air This’: Uddhav Sena MP’s Tirade Against Rebels Sparks Fresh Political Storm | ZPluse News,Mumbai: A fresh controversy has erupted within Maharashtra politics after an Uddhav Balasaheb Thackeray-led Shiv Sena (UBT) Member of Parliament was caught on c,‘Don’t Air This’: Uddhav Sena MP’s Tirade Against Rebels Sparks Fresh Political Storm,https://www.zplusenews.com/article/dont-air-uddhav-sena-mps-tirade-against-rebels-sparks-fresh-political,Yes,Yes,Yes,No,633,
https://www.zplusenews.com/videos,Sitemap,200,"ZPluse News | Breaking News, Latest India News, National & International Updates","ZPluse News is India's leading digital platform for breaking news, latest national updates, politics, business trends, defense, technology and state news.",,https://www.zplusenews.com/videos,Yes,No,Yes,No,0,Group_46
https://www.zplusenews.com/video/police-action-protesters,Sitemap,200,"तरुण के हत्यारे आज़ाद, हिंदू गिरफ्तार? 😡 Police Action on Protesters | ZPluse News",तरुण हत्याकांड (Tarun Murder Case) में पुलिस की कार्यप्रणाली पर जनता का गुस्सा फूट पड़ा है! एक तरफ जहाँ तरुण के हत्यारे (Culprits) अब तक पुलिस की पकड़ से बाहर ह,"तरुण के हत्यारे आज़ाद, हिंदू गिरफ्तार? 😡 Police Action on Protesters",https://www.zplusenews.com/video/police-action-protesters,Yes,No,Yes,Yes,133,Group_47
https://www.zplusenews.com/article/road-could-transform-uttar-pradesh-how-shamligorakhpur-expressway-may,Sitemap,200,The Road That Could Transform Uttar Pradesh: How the Shamli–Gorakhpur Expressway May Reshape the State’s Economy | ZPluse News,"Uttar Pradesh is preparing for another massive infrastructure leap. Key Developments & Background The upcoming Shamli–Gorakhpur Expressway, stretching across th",The Road That Could Transform Uttar Pradesh: How the Shamli–Gorakhpur Expressway May Reshape the State’s Economy,https://www.zplusenews.com/article/road-could-transform-uttar-pradesh-how-shamligorakhpur-expressway-may,Yes,Yes,Yes,No,965,
https://www.zplusenews.com/article/brahmos-breakthrough-indonesia-set-acquire-indias-supersonic-missile,Sitemap,200,BrahMos Breakthrough: Indonesia Set to Acquire India’s Supersonic Missile in Major Indo-Pacific Defence Boost | ZPluse News,"In a landmark development that could significantly strengthen India’s defence exports and reshape the strategic balance in the Indo-Pacific, Indonesia is set to",BrahMos Breakthrough: Indonesia Set to Acquire India’s Supersonic Missile in Major Indo-Pacific Defence Boost,https://www.zplusenews.com/article/brahmos-breakthrough-indonesia-set-acquire-indias-supersonic-missile,Yes,Yes,Yes,No,715,
https://www.zplusenews.com/article/northwestern-india-scorched-brutal-heatwave-temperatures-touch-48c,Sitemap,200,Northwestern India Scorched by Brutal Heatwave as Temperatures Touch 48°C in Several Regions | ZPluse News,"A fierce and prolonged heatwave has tightened its grip across northwestern India, pushing temperatures to near-record levels and turning vast stretches of the r",Northwestern India Scorched by Brutal Heatwave as Temperatures Touch 48°C in Several Regions,https://www.zplusenews.com/article/northwestern-india-scorched-brutal-heatwave-temperatures-touch-48c,Yes,Yes,Yes,No,1070,
https://www.zplusenews.com/article/uttar-pradesh-a-shift-beyond-politics-1775474397623,Sitemap,200,Uttar Pradesh: A Shift Beyond Politics | ZPluse News,"Uttar Pradesh did not just change governments — it changed its spine. Key Developments & Background Once known more for its problems than its potential, the sta",Uttar Pradesh: A Shift Beyond Politics,https://www.zplusenews.com/article/uttar-pradesh-a-shift-beyond-politics-1775474397623,Yes,Yes,Yes,No,216,
https://www.zplusenews.com/article/submarine-warfare-is-china-mapping-the-seabed-for-a-conflict-with-the-us-1774962920484,Sitemap,200,Submarine Warfare: Is China Mapping the Seabed for a Conflict with the US? | ZPluse News,The depths of the world’s oceans are becoming the new frontline in the intensifying rivalry between Washington and Beijing. Recent reports suggest that China is,Submarine Warfare: Is China Mapping the Seabed for a Conflict with the US?,https://www.zplusenews.com/article/submarine-warfare-is-china-mapping-the-seabed-for-a-conflict-with-the-us-1774962920484,Yes,Yes,Yes,No,389,
https://www.zplusenews.com/video/400-killed-pakistans-cowardly-airstrike-kabul-hospital,Sitemap,200,400 Killed! 🚨 Pakistan's Cowardly Airstrike on Kabul Hospital - काबुल में भयंकर तबाही! | ZPluse News,"दुनिया के सामने एक बार फिर पाकिस्तान (Pakistan) का असली और खौफनाक चेहरा बेनकाब हो गया है! बीती रात पाकिस्तानी वायुसेना ने अफगानिस्तान के काबुल (Kabul, Afghanist",400 Killed! 🚨 Pakistan's Cowardly Airstrike on Kabul Hospital - काबुल में भयंकर तबाही!,https://www.zplusenews.com/video/400-killed-pakistans-cowardly-airstrike-kabul-hospital,Yes,No,Yes,Yes,106,Group_48
https://www.zplusenews.com/article/biggest-world-cup-ever-fifa-2026-set-redefine-global-football,Sitemap,200,The Biggest World Cup Ever: FIFA 2026 Set to Redefine Global Football | ZPluse News,"The countdown is over. The FIFA World Cup 2026 is about to begin, and football is preparing for a tournament unlike anything the world has ever witnessed. Sprea",The Biggest World Cup Ever: FIFA 2026 Set to Redefine Global Football,https://www.zplusenews.com/article/biggest-world-cup-ever-fifa-2026-set-redefine-global-football,Yes,Yes,Yes,No,760,
https://www.zplusenews.com/video/yashasvi-jaiswal-shams-mulani-5wicket-heroics-mumbai-smat-big-boost,Sitemap,200,Yashasvi Jaiswal की वापसी 🔥 Shams Mulani का 5-Wicket Heroics | Mumbai SMAT Big Boost | ZPluse News,SMAT 2025 में मुंबई टीम को बड़ी राहत मिली है। यशस्वी जायसवाल बीमारी से उबरकर वापस आ चुके हैं और गोवा के खिलाफ मुकाबले से पहले नेट्स में ज़ोरदार अभ्यास किया। वही,Yashasvi Jaiswal की वापसी 🔥 Shams Mulani का 5-Wicket Heroics | Mumbai SMAT Big Boost,https://www.zplusenews.com/video/yashasvi-jaiswal-shams-mulani-5wicket-heroics-mumbai-smat-big-boost,Yes,No,Yes,Yes,80,Group_49
https://www.zplusenews.com/article/bhutan-s-big-leap-mindfulness-meets-modern-economy-1776442905240,Sitemap,200,Bhutan’s Big Leap: Mindfulness Meets Modern Economy | ZPluse News,"The Kingdom of Bhutan is quietly undergoing one of the most transformative phases in its modern history. In April 2026, the Himalayan nation is redefining its i",Bhutan’s Big Leap: Mindfulness Meets Modern Economy,https://www.zplusenews.com/article/bhutan-s-big-leap-mindfulness-meets-modern-economy-1776442905240,Yes,Yes,Yes,No,360,
https://www.zplusenews.com/article/red-alert-issued-severe-heatwave-across-uttar-pradesh-temperatures,Sitemap,200,Red Alert Issued for Severe Heatwave Across Uttar Pradesh as Temperatures Continue to Soar | ZPluse News,"Uttar Pradesh is facing one of the most intense heatwave spells of the season, with authorities issuing a red alert across multiple districts as temperatures co",Red Alert Issued for Severe Heatwave Across Uttar Pradesh as Temperatures Continue to Soar,https://www.zplusenews.com/article/red-alert-issued-severe-heatwave-across-uttar-pradesh-temperatures,Yes,Yes,Yes,No,1015,
https://www.zplusenews.com/article/take-the-oil-trump-eyes-iran-s-kharg-island-as-the-ultimate-war-prize-1774954065447,Sitemap,200,Take the Oil: Trump Eyes Iran’s Kharg Island as the Ultimate War Prize | ZPluse News,"In an interview that has diplomats reaching for aspirin and oil traders reaching for their phones, President Donald Trump has revealed his",Take the Oil: Trump Eyes Iran’s Kharg Island as the Ultimate War Prize,https://www.zplusenews.com/article/take-the-oil-trump-eyes-iran-s-kharg-island-as-the-ultimate-war-prize-1774954065447,Yes,Yes,Yes,No,360,
https://www.zplusenews.com/article/bengal-s-political-battle-heats-up-bjp-vs-tmc-power-tussle-ahead-of-assembly-polls,Sitemap,200,Bengal’s Political Battle Heats Up: BJP vs TMC Power Tussle Ahead of Assembly Polls | ZPluse News,"As the next West Bengal Legislative Assembly election approaches, the political atmosphere across West Bengal is beginning to heat up once again. Streets in Kol",Bengal’s Political Battle Heats Up: BJP vs TMC Power Tussle Ahead of Assembly Polls,https://www.zplusenews.com/article/bengal-s-political-battle-heats-up-bjp-vs-tmc-power-tussle-ahead-of-assembly-polls,Yes,Yes,Yes,No,601,Group_50
https://www.zplusenews.com/video/super-power-bangladesh,Sitemap,200,Super Power Bangladesh | ZPluse News,Watch video news on ZPluse News.,Super Power Bangladesh,https://www.zplusenews.com/video/super-power-bangladesh,Yes,No,Yes,Yes,3,Group_14
https://www.zplusenews.com/video/ev-7,Sitemap,200,इंदौर का खौफनाक हादसा! 🥺 EV चार्जिंग ने ली 7 की जान | ZPluse News,"मध्य प्रदेश के इंदौर (Indore, Madhya Pradesh) से एक बेहद दर्दनाक और रूह कंपा देने वाली खबर सामने आई है। बिजनेसमैन मनोज पुगलिया के घर में EV चार्जिंग (EV Chargin",इंदौर का खौफनाक हादसा! 🥺 EV चार्जिंग ने ली 7 की जान,https://www.zplusenews.com/video/ev-7,Yes,No,Yes,Yes,153,Group_51
https://www.zplusenews.com/video/kohlirohit-salary-cut-shubman-gill-promotion-bcci-contract-2025-big,Sitemap,200,Kohli–Rohit Salary Cut? Shubman Gill A+ Promotion | BCCI Contract 2025 Big Update | ZPluse News,"A major shake-up is coming in Indian cricket contracts! As the BCCI prepares for its 31st AGM on 22 December, big decisions await senior players like Virat Kohl",Kohli–Rohit Salary Cut? Shubman Gill A+ Promotion | BCCI Contract 2025 Big Update,https://www.zplusenews.com/video/kohlirohit-salary-cut-shubman-gill-promotion-bcci-contract-2025-big,Yes,No,Yes,Yes,142,Group_52
https://www.zplusenews.com/video/bjp-bengal-1,Sitemap,200,BJP की जीत के बाद Bengal के हिंदुओं को डराने की साज़िश? 🚨 | ZPluse News,बंगाल विधानसभा चुनाव में BJP की जीत के बाद कोलकाता की सड़कों पर क्या हो रहा है? हार की बौखलाहट में भीड़ और धार्मिक नारों के जरिए क्या बंगाल के बहुसंख्यक हिंदू स,BJP की जीत के बाद Bengal के हिंदुओं को डराने की साज़िश? 🚨,https://www.zplusenews.com/video/bjp-bengal-1,Yes,No,Yes,Yes,85,Group_53
https://www.zplusenews.com/article/automated-test-state-coverage-1774466458258,Sitemap,200,Automated Test: STATE Coverage | ZPluse News,This is a programmatically generated article confirming the state grid functionality successfully renders on the live ZPlus News interface.,Automated Test: STATE Coverage,https://www.zplusenews.com/article/automated-test-state-coverage-1774466458258,Yes,Yes,Yes,No,19,Group_54
https://www.zplusenews.com/article/cartel-kingpin-el-mencho-killed-in-mexico-retaliatory-bloodbath-u-s-warnings-and-concerns-for-world-events-including-fifa-world-cup-2026-1775393725419,Sitemap,200,"Cartel Kingpin ‘El Mencho’ Killed in Mexico Retaliatory Bloodbath, U.S. Warnings, and Concerns for World Events Including FIFA World Cup 2026 | ZPluse News","In a dramatic escalation in Mexico’s long-running cartel conflict, Nemesio Rubén Oseguera Cervantes, notoriously known as “El Mencho” head of the powerful Jalis","Cartel Kingpin ‘El Mencho’ Killed in Mexico Retaliatory Bloodbath, U.S. Warnings, and Concerns for World Events Including FIFA World Cup 2026",https://www.zplusenews.com/article/cartel-kingpin-el-mencho-killed-in-mexico-retaliatory-bloodbath-u-s-warnings-and-concerns-for-world-events-including-fifa-world-cup-2026-1775393725419,Yes,Yes,Yes,No,817,
https://www.zplusenews.com/article/supreme-court-refuses-relief-meenakshi-natarajan-says-election,Sitemap,200,"Supreme Court Refuses Relief to Meenakshi Natarajan, Says Election Commission Is the Proper Forum | ZPluse News","New Delhi: In a significant setback for the Congress ahead of the Rajya Sabha elections, the Supreme Court on Friday dismissed party leader Meenakshi Natarajan’","Supreme Court Refuses Relief to Meenakshi Natarajan, Says Election Commission Is the Proper Forum",https://www.zplusenews.com/article/supreme-court-refuses-relief-meenakshi-natarajan-says-election,Yes,Yes,Yes,No,570,
https://www.zplusenews.com/video/rcb-ed-ipl,Sitemap,200,RCB फाइनल में 🔥 कर्नाटक में सत्ता पलट? ED रेड से बवाल | IPL महामुकाबला | ZPluse News,"आज की बड़ी खबरों में देखिए 👇 🏛️ कर्नाटक की राजनीति में बड़ा उलटफेर — मुख्यमंत्री सिद्धारमैया के इस्तीफे की चर्चा तेज, डीके शिवकुमार बन सकते हैं नए CM। 🚨 केरल",RCB फाइनल में 🔥 कर्नाटक में सत्ता पलट? ED रेड से बवाल | IPL महामुकाबला,https://www.zplusenews.com/video/rcb-ed-ipl,Yes,No,Yes,Yes,160,Group_55
https://www.zplusenews.com/video/bengal-violence-chandrakant-rath-shot-dead-kolkata-pa,Sitemap,200,Bengal Violence: Chandrakant Rath Shot Dead in Kolkata | सुवेंदु अधिकारी के PA की हत्या! | ZPluse News,"Big breaking news from Madhyamgram, Kolkata! Suvendu Adhikari's close aide and PA, Chandrakant Rath, was brutally shot dead in broad daylight. Bengal chunav mei",Bengal Violence: Chandrakant Rath Shot Dead in Kolkata | सुवेंदु अधिकारी के PA की हत्या!,https://www.zplusenews.com/video/bengal-violence-chandrakant-rath-shot-dead-kolkata-pa,Yes,No,Yes,Yes,115,Group_56
https://www.zplusenews.com/article/baby-bust-why-elon-musk-warning-about-indias-falling-birth-rate-why,Sitemap,200,The Baby Bust: Why Elon Musk Is Warning About India’s Falling Birth Rate — And Why It Matters | ZPluse News,New Delhi: Billionaire entrepreneur Elon Musk has once again sparked a global debate on demographics after highlighting India’s rapidly declining fertility rate,The Baby Bust: Why Elon Musk Is Warning About India’s Falling Birth Rate — And Why It Matters,https://www.zplusenews.com/article/baby-bust-why-elon-musk-warning-about-indias-falling-birth-rate-why,Yes,Yes,Yes,No,1022,
https://www.zplusenews.com/video/train-molester-caught,Sitemap,200,"ट्रेन में महिला से छेड़छाड़ , यात्रियों का फूटा गुस्सा - Train Molester Caught | ZPluse News",Watch video news on ZPluse News.,"ट्रेन में महिला से छेड़छाड़ , यात्रियों का फूटा गुस्सा - Train Molester Caught",https://www.zplusenews.com/video/train-molester-caught,Yes,No,Yes,Yes,3,Group_14
https://www.zplusenews.com/article/automated-test-national-coverage-1774466457209,Sitemap,200,Automated Test: NATIONAL Coverage | ZPluse News,This is a programmatically generated article confirming the national grid functionality successfully renders on the live ZPlus News interface.,Automated Test: NATIONAL Coverage,https://www.zplusenews.com/article/automated-test-national-coverage-1774466457209,Yes,Yes,Yes,No,19,Group_57
https://www.zplusenews.com/article/severe-heatwave-set-scorch-uttar-pradesh-next-week-imd-issues-major,Sitemap,200,"Severe Heatwave Set to Scorch Uttar Pradesh Next Week, IMD Issues Major Alert Across State | ZPluse News","Uttar Pradesh is preparing for an intense and prolonged heatwave spell over the coming week, with the India Meteorological Department (IMD) warning that both we","Severe Heatwave Set to Scorch Uttar Pradesh Next Week, IMD Issues Major Alert Across State",https://www.zplusenews.com/article/severe-heatwave-set-scorch-uttar-pradesh-next-week-imd-issues-major,Yes,Yes,Yes,No,861,
https://www.zplusenews.com/article/argentinas-great-escape-albiceleste-roar-back-stun-egypt-32-reach,Sitemap,200,Argentina’s Great Escape: Albiceleste Roar Back to Stun Egypt 3-2 and Reach World Cup Quarter-finals | ZPluse News,"Atlanta: Argentina produced one of the most dramatic comebacks of the 2026 FIFA World Cup, fighting back from behind to defeat Egypt 3-2 in a breathtaking Round",Argentina’s Great Escape: Albiceleste Roar Back to Stun Egypt 3-2 and Reach World Cup Quarter-finals,https://www.zplusenews.com/article/argentinas-great-escape-albiceleste-roar-back-stun-egypt-32-reach,Yes,Yes,Yes,No,369,
https://www.zplusenews.com/article/telegram-takes-centre-court-delhi-high-court-hear-challenge-against,Sitemap,200,Telegram Takes Centre to Court: Delhi High Court to Hear Challenge Against NEET Linked Ban | ZPluse News,New Delhi: Messaging platform Telegram has moved the Delhi High Court against the Central Government’s decision to temporarily block access to the app across In,Telegram Takes Centre to Court: Delhi High Court to Hear Challenge Against NEET Linked Ban,https://www.zplusenews.com/article/telegram-takes-centre-court-delhi-high-court-hear-challenge-against,Yes,Yes,Yes,No,650,
https://www.zplusenews.com/article/a-saffron-breakthrough-in-bengal-suvendu-adhikari-takes-oath-as-west-bengal-s-first-bjp-chief-minister-1778331879706,Sitemap,200,A Saffron Breakthrough in Bengal: Suvendu Adhikari Takes Oath as West Bengal’s First BJP Chief Minister | ZPluse News,"West Bengal has entered a political era few once thought possible. Strategic Policy & Background In a historic and symbolic moment, Suvendu Adhikari has taken o",A Saffron Breakthrough in Bengal: Suvendu Adhikari Takes Oath as West Bengal’s First BJP Chief Minister,https://www.zplusenews.com/article/a-saffron-breakthrough-in-bengal-suvendu-adhikari-takes-oath-as-west-bengal-s-first-bjp-chief-minister-1778331879706,Yes,Yes,Yes,No,764,
https://www.zplusenews.com/article/south-china-sea-tensions-escalate-philippines-accuses-china-of-cyanide-sabotage-1776082269364,Sitemap,200,South China Sea Tensions Escalate: Philippines Accuses China of Cyanide Sabotage | ZPluse News,"Just when tensions in the South China Sea appeared to have reached their peak, a new and more alarming dimension has emerged—one that shifts the conflict from t",South China Sea Tensions Escalate: Philippines Accuses China of Cyanide Sabotage,https://www.zplusenews.com/article/south-china-sea-tensions-escalate-philippines-accuses-china-of-cyanide-sabotage-1776082269364,Yes,Yes,Yes,No,428,
https://www.zplusenews.com/national-news,Sitemap,200,National News | ZPluse News,"Latest national news from India. Breaking stories, government policies, politics and more.",National News,https://www.zplusenews.com/national-news,Yes,No,Yes,No,10,
https://www.zplusenews.com/video/proud-indian-moment-army,Sitemap,200,Proud Indian Moment! 🥺 प्रदर्शन छोड़कर किसानों ने Army को दिया रास्ता | ZPluse News,"हिमाचल प्रदेश के शिमला (Shimla, Himachal Pradesh) से एक रोंगटे खड़े कर देने वाला और दिल को छू लेने वाला वीडियो सामने आया है। सड़कों पर किसानों का भारी विरोध प्र",Proud Indian Moment! 🥺 प्रदर्शन छोड़कर किसानों ने Army को दिया रास्ता,https://www.zplusenews.com/video/proud-indian-moment-army,Yes,No,Yes,Yes,134,Group_58
https://www.zplusenews.com/article/the-skies-reopen-direct-flights-resume-between-china-and-north-korea-after-six-year-break-1774954425086,Sitemap,200,The Skies Reopen: Direct Flights Resume Between China and North Korea After Six-Year Break | ZPluse News,In a move that signals a significant warming of ties—or at least a pragmatic return to business as usual—direct commercial flights between China and North Korea,The Skies Reopen: Direct Flights Resume Between China and North Korea After Six-Year Break,https://www.zplusenews.com/article/the-skies-reopen-direct-flights-resume-between-china-and-north-korea-after-six-year-break-1774954425086,Yes,Yes,Yes,No,351,
https://www.zplusenews.com/video/west-bengal-tmc-tmc-neta-sukumar-roy-jailed,Sitemap,200,West Bengal में एक्शन! 🚨 देह व्यापार में TMC नेता जेल में - TMC Neta Sukumar Roy Jailed | ZPluse News,बंगाल से 'जंगलराज' का सफाया शुरू! नई सरकार का कड़ा एक्शन: देह व्यापार के आरोप में टीएमसी पार्षद सुकुमार रॉय जेल में। The cleanup in West Bengal has officially b,West Bengal में एक्शन! 🚨 देह व्यापार में TMC नेता जेल में - TMC Neta Sukumar Roy Jailed,https://www.zplusenews.com/video/west-bengal-tmc-tmc-neta-sukumar-roy-jailed,Yes,No,Yes,Yes,68,Group_59
https://www.zplusenews.com/video/latest-hindi-news,Sitemap,200,बड़ी खबरें: राजनीति से क्रिकेट तक सबकुछ | Latest Hindi News | ZPluse News,आज के इस वीडियो में देखिए देश और दुनिया की 5 सबसे बड़ी खबरें — 📍 पश्चिम बंगाल में राजनीतिक हलचल 📍 तमिलनाडु से बड़ा अपडेट 📍 NEET UG 2026 को लेकर नई जानकारी 📍,बड़ी खबरें: राजनीति से क्रिकेट तक सबकुछ | Latest Hindi News,https://www.zplusenews.com/video/latest-hindi-news,Yes,No,Yes,Yes,86,Group_60
https://www.zplusenews.com/article/earth-beneath-venezuela-turned-nightmare,Sitemap,200,The Earth Beneath Venezuela Turned Into a Nightmare | ZPluse News,"The earth beneath Venezuela turned into a nightmare on June 24, 2026, when a rare and terrifying seismic doublet struck the country’s north-central coast. In a",The Earth Beneath Venezuela Turned Into a Nightmare,https://www.zplusenews.com/article/earth-beneath-venezuela-turned-nightmare,Yes,Yes,Yes,No,287,
https://www.zplusenews.com/article/major-security-scare-in-bengaluru-gelatin-sticks-found-along-pm-modi-s-route-trigger-high-alert-1778426912481,Sitemap,200,Major Security Scare in Bengaluru: Gelatin Sticks Found Along PM Modi’s Route Trigger High Alert | ZPluse News,A major security scare unfolded in Bengaluru after suspected gelatin sticks were reportedly discovered near a route scheduled to be used by Prime Minister Naren,Major Security Scare in Bengaluru: Gelatin Sticks Found Along PM Modi’s Route Trigger High Alert,https://www.zplusenews.com/article/major-security-scare-in-bengaluru-gelatin-sticks-found-along-pm-modi-s-route-trigger-high-alert-1778426912481,Yes,Yes,Yes,No,852,
https://www.zplusenews.com/video/haridwar-haryana-viral-video,Sitemap,200,Haridwar में Haryana के युवकों की शर्मनाक हरकत | Viral Video | ZPluse News,Haridwar के Har Ki Pauri क्षेत्र से एक वीडियो वायरल हो रहा है जिसमें हरियाणा से आए दो युवकों पर सड़क पर जा रही महिला के साथ अशोभनीय हरकत करने का आरोप है। Ganga,Haridwar में Haryana के युवकों की शर्मनाक हरकत | Viral Video,https://www.zplusenews.com/video/haridwar-haryana-viral-video,Yes,No,Yes,Yes,74,Group_61
https://www.zplusenews.com/article/automated-test-environment-coverage-1774466875808,Sitemap,200,Automated Test: ENVIRONMENT Coverage | ZPluse News,This is a programmatically generated article confirming the environment grid functionality successfully renders on the live ZPlus News interface.,Automated Test: ENVIRONMENT Coverage,https://www.zplusenews.com/article/automated-test-environment-coverage-1774466875808,Yes,Yes,Yes,No,19,Group_62
https://www.zplusenews.com/article/modi-netherlands-why-prime-ministers-visit-matters-india-europe-new,Sitemap,200,"Modi in the Netherlands: Why the Prime Minister’s Visit Matters for India, Europe and the New Global Order | ZPluse News","Prime Minister Narendra Modi’s visit to the Netherlands may appear diplomatic on the surface, but strategically it carries significance far beyond ceremonial me","Modi in the Netherlands: Why the Prime Minister’s Visit Matters for India, Europe and the New Global Order",https://www.zplusenews.com/article/modi-netherlands-why-prime-ministers-visit-matters-india-europe-new,Yes,Yes,Yes,No,963,
https://www.zplusenews.com/article/pm-modi-visit-seychelles,Sitemap,200,Pm Modi Visit to Seychelles | ZPluse News,"While the Prime Minister jets off to the Seychelles for a Golden Jubilee photo complete with a commemorative logo and 1,250 crore in lines of credit the ground",Pm Modi Visit to Seychelles,https://www.zplusenews.com/article/pm-modi-visit-seychelles,Yes,Yes,Yes,No,333,
https://www.zplusenews.com/video/multiple-explosions-rock-kabul-pakistani-jets-hover-reports-march-16,Sitemap,200,"""Multiple Explosions Rock Kabul as Pakistani Jets Hover"" reports March 16 blasts.#news #war #viral | ZPluse News",,"""Multiple Explosions Rock Kabul as Pakistani Jets Hover"" reports March 16 blasts.#news #war #viral",https://www.zplusenews.com/video/multiple-explosions-rock-kabul-pakistani-jets-hover-reports-march-16,Yes,No,Yes,Yes,17,
https://www.zplusenews.com/article/1009-seconds-revolution-gurindervir-singh-ignites-indias-sprinting,Sitemap,200,10.09 Seconds of Revolution: Gurindervir Singh Ignites India’s Sprinting Dream | ZPluse News,"For decades, Indian athletics carried one painful stereotype: Key Developments & Background India could produce great distance runners, jumpers, throwers, and w",10.09 Seconds of Revolution: Gurindervir Singh Ignites India’s Sprinting Dream,https://www.zplusenews.com/article/1009-seconds-revolution-gurindervir-singh-ignites-indias-sprinting,Yes,Yes,Yes,No,887,
https://www.zplusenews.com/article/strait-peace-trump-says-iran-deal-nears-finish-line-hormuz-reopening,Sitemap,200,A Strait to Peace? Trump Says Iran Deal Nears Finish Line as Hormuz Reopening Appears Imminent | ZPluse News,": In a development that could dramatically alter the geopolitical and economic landscape of the Middle East, US President Donald Trump has declared that negotia",A Strait to Peace? Trump Says Iran Deal Nears Finish Line as Hormuz Reopening Appears Imminent,https://www.zplusenews.com/article/strait-peace-trump-says-iran-deal-nears-finish-line-hormuz-reopening,Yes,Yes,Yes,No,829,
https://www.zplusenews.com/article/pakistan-eyes-return-bay-bengal-submarine-deployment-plan-revives,Sitemap,200,Pakistan Eyes Return to Bay of Bengal: Submarine Deployment Plan Revives Memories of 1971 Naval Defeat | ZPluse News,"In a move that has attracted significant attention among strategic and defence circles, Pakistan is reportedly planning to deploy submarines in the Bay of Benga",Pakistan Eyes Return to Bay of Bengal: Submarine Deployment Plan Revives Memories of 1971 Naval Defeat,https://www.zplusenews.com/article/pakistan-eyes-return-bay-bengal-submarine-deployment-plan-revives,Yes,Yes,Yes,No,801,
https://www.zplusenews.com/article/north-korea-fires-missile-barrage-toward-sea-of-japan-amid-rising-regional-tensions-1775220876412,Sitemap,200,North Korea Fires Missile Barrage Toward Sea of Japan Amid Rising Regional Tensions | ZPluse News,"The sirens went off again in Northeast Asia and once again, the culprit was North Korea. Strategic Policy & Background In its latest show of force, Pyongyang la",North Korea Fires Missile Barrage Toward Sea of Japan Amid Rising Regional Tensions,https://www.zplusenews.com/article/north-korea-fires-missile-barrage-toward-sea-of-japan-amid-rising-regional-tensions-1775220876412,Yes,Yes,Yes,No,227,
https://www.zplusenews.com/video/boycott-bjp-bengal-election-2026,Sitemap,200,बंगाल में बवाल: 'Boycott BJP' के पोस्टर फाड़े गए! 🚨 Bengal Election 2026 | ZPluse News,पश्चिम बंगाल चुनाव 2026 (West Bengal Elections 2026) में 'पोस्टर वार' की एंट्री! आज बीजेपी के बड़े नेता की विजिट से पहले पूरे शहर में 'Boycott BJP' के पोस्टर लग,बंगाल में बवाल: 'Boycott BJP' के पोस्टर फाड़े गए! 🚨 Bengal Election 2026,https://www.zplusenews.com/video/boycott-bjp-bengal-election-2026,Yes,No,Yes,Yes,122,Group_63
https://www.zplusenews.com/article/trinamool-congress-heading-vertical-split-rumblings-rebellion-after,Sitemap,200,Is Trinamool Congress Heading for a Vertical Split? Rumblings of Rebellion After Historic Electoral Rout | ZPluse News,"Kolkata: The Trinamool Congress (TMC), which dominated West Bengal politics for nearly fifteen years under the leadership of Mamata Banerjee, is facing perhaps",Is Trinamool Congress Heading for a Vertical Split? Rumblings of Rebellion After Historic Electoral Rout,https://www.zplusenews.com/article/trinamool-congress-heading-vertical-split-rumblings-rebellion-after,Yes,Yes,Yes,No,726,
https://www.zplusenews.com/article/project-cheetah-how-india-successfully-brought-worlds-fastest-animal,Sitemap,200,Project Cheetah: How India Successfully Brought the World’s Fastest Animal Back to Its Forests | ZPluse News,"For decades, the cheetah existed in India only through history books, old photographs, and memories of a vanished wilderness. Once roaming freely across India’s",Project Cheetah: How India Successfully Brought the World’s Fastest Animal Back to Its Forests,https://www.zplusenews.com/article/project-cheetah-how-india-successfully-brought-worlds-fastest-animal,Yes,Yes,Yes,No,797,
https://www.zplusenews.com/video/israel-us-attack-iran-30,Sitemap,200,🚨 Israel & US Attack Iran! इज़राइल और अमेरिका ने मिलकर ईरान के 30 ठिकानों पर जॉइंट अटैक कर दिया है.. | ZPluse News,🚨 Kya World War 3 shuru ho chuka hai? Israel aur US ne milkar aadhi raat ko Iran (Tehran) par ek khaufnak joint strike ki hai! 🚀 Is deadly attack mein 30 se z,🚨 Israel & US Attack Iran! इज़राइल और अमेरिका ने मिलकर ईरान के 30 ठिकानों पर जॉइंट अटैक कर दिया है..,https://www.zplusenews.com/video/israel-us-attack-iran-30,Yes,No,Yes,Yes,135,Group_64
https://www.zplusenews.com/article/missile-over-japan-north-korea-signals-tension-amid-global-uncertainty-1775663716913,Sitemap,200,Missile Over Japan: North Korea Signals Tension Amid Global Uncertainty | ZPluse News,"North Korea has once again raised global alarm by launching a ballistic missile toward Japan, underscoring rising tensions in Northeast Asia at a time when othe",Missile Over Japan: North Korea Signals Tension Amid Global Uncertainty,https://www.zplusenews.com/article/missile-over-japan-north-korea-signals-tension-amid-global-uncertainty-1775663716913,Yes,Yes,Yes,No,340,
https://www.zplusenews.com/article/ajit-doval-s-riyadh-visit-signals-india-s-quiet-strategy-in-west-asia-crisis-1776779232847,Sitemap,200,Ajit Doval’s Riyadh Visit Signals India’s Quiet Strategy in West Asia Crisis | ZPluse News,"India’s National Security Advisor Ajit Doval has concluded a high-level visit to Riyadh, Saudi Arabia, on April 19, 2026—one that goes far beyond routine diplom",Ajit Doval’s Riyadh Visit Signals India’s Quiet Strategy in West Asia Crisis,https://www.zplusenews.com/article/ajit-doval-s-riyadh-visit-signals-india-s-quiet-strategy-in-west-asia-crisis-1776779232847,Yes,Yes,Yes,No,352,
https://www.zplusenews.com/article/american-out-u-s-backs-off-from-middle-east-bases-as-war-with-iran-spirals-1775713070783,Sitemap,200,American Out: U.S. Backs Off from Middle East Bases as War with Iran Spirals | ZPluse News,"What looked like a long-term U.S. military footprint in the Middle East is rapidly unraveling, and the shift is dramatic. Strategic Policy & Background Across m",American Out: U.S. Backs Off from Middle East Bases as War with Iran Spirals,https://www.zplusenews.com/article/american-out-u-s-backs-off-from-middle-east-bases-as-war-with-iran-spirals-1775713070783,Yes,Yes,Yes,No,490,
https://www.zplusenews.com/article/cockroach-janta-party-how-satirical-political-movement-became-internet,Sitemap,200,Cockroach Janta Party”: How a Satirical Political Movement Became an Internet Phenomenon | ZPluse News,"What began as an online joke, meme experiment, and sarcastic protest against mainstream politics has unexpectedly transformed into one of the most talked-about",Cockroach Janta Party”: How a Satirical Political Movement Became an Internet Phenomenon,https://www.zplusenews.com/article/cockroach-janta-party-how-satirical-political-movement-became-internet,Yes,Yes,Yes,No,1085,
https://www.zplusenews.com/article/airspace-shock-uae-suspends-all-emirates-files-until-further-notice,Sitemap,200,Airspace Shock: UAE Suspends All Emirates Files Until Further Notice | ZPluse News,"In a sudden move that has raised eyebrows across the aviation world, authorities in the United Arab Emirates have suspended all Emirates-related operational fil",Airspace Shock: UAE Suspends All Emirates Files Until Further Notice,https://www.zplusenews.com/article/airspace-shock-uae-suspends-all-emirates-files-until-further-notice,Yes,Yes,Yes,No,227,
https://www.zplusenews.com/article/can-neet-learn-from-chinas-gaokao-how-beijing-secures-exams-13-crore,Sitemap,200,Can NEET Learn From China’s Gaokao? How Beijing Secures Exams for 1.3 Crore Students With Military-Level Precision | ZPluse News,After repeated controversies surrounding NEET—from paper leak allegations to exam cancellations—India’s examination system is facing a crisis of credibility. Ke,Can NEET Learn From China’s Gaokao? How Beijing Secures Exams for 1.3 Crore Students With Military-Level Precision,https://www.zplusenews.com/article/can-neet-learn-from-chinas-gaokao-how-beijing-secures-exams-13-crore,Yes,Yes,Yes,No,892,
https://www.zplusenews.com/article/can-messis-argentina-defend-world-cup-2026,Sitemap,200,Can Messi’s Argentina Defend the World Cup in 2026? | ZPluse News,"As the FIFA World Cup begins across the United States, Mexico, and Canada, Argentina enters the tournament not merely as defending champions but as one of the s",Can Messi’s Argentina Defend the World Cup in 2026?,https://www.zplusenews.com/article/can-messis-argentina-defend-world-cup-2026,Yes,Yes,Yes,No,814,
https://www.zplusenews.com/article/suvendu-adhikari-backs-kolkata-airport-mosque-removal-calls-national,Sitemap,200,"Suvendu Adhikari Backs Kolkata Airport Mosque Removal, Calls It a National Security Imperative | ZPluse News",Kolkata: West Bengal Leader of the Opposition Suvendu Adhikari has strongly defended the removal of a mosque located within the premises of Kolkata’s Netaji Sub,"Suvendu Adhikari Backs Kolkata Airport Mosque Removal, Calls It a National Security Imperative",https://www.zplusenews.com/article/suvendu-adhikari-backs-kolkata-airport-mosque-removal-calls-national,Yes,Yes,Yes,No,453,
https://www.zplusenews.com/article/g7-summit-2026-global-leaders-unite-tackle-economic-security-supply,Sitemap,200,"G7 Summit 2026: Global Leaders Unite to Tackle Economic, Security and Supply Chain Challenges | ZPluse News","The 52nd G7 Summit was held in Évian-les-Bains, France, from June 15 to 17, 2026. Hosted by France, the summit brought together leaders from the G7 nations—Cana","G7 Summit 2026: Global Leaders Unite to Tackle Economic, Security and Supply Chain Challenges",https://www.zplusenews.com/article/g7-summit-2026-global-leaders-unite-tackle-economic-security-supply,Yes,Yes,Yes,No,254,
https://www.zplusenews.com/video/india-witnessing-psychological-renaissance-breakingnews-news-live,Sitemap,200,India witnessing a ‘psychological renaissance #breakingnews #news #live #automobile | ZPluse News,"India witnessing a ‘psychological renaissance ‘:PM MODI At the Hindustan Times Leadership Summit 2025, PM Modi said that India is undergoing a “psychological re",India witnessing a ‘psychological renaissance #breakingnews #news #live #automobile,https://www.zplusenews.com/video/india-witnessing-psychological-renaissance-breakingnews-news-live,Yes,No,Yes,Yes,97,Group_9
https://www.zplusenews.com/article/iran-allows-india-bound-lpg-tankers-safe-passage-through-strait-of-hormuz-1775305803035,Sitemap,200,Iran Allows India-Bound LPG Tankers Safe Passage Through Strait of Hormuz | ZPluse News,"In a major diplomatic and energy breakthrough, Iran has reportedly allowed two India-bound LPG tankers to safely pass through the strategically vital Strait of",Iran Allows India-Bound LPG Tankers Safe Passage Through Strait of Hormuz,https://www.zplusenews.com/article/iran-allows-india-bound-lpg-tankers-safe-passage-through-strait-of-hormuz-1775305803035,Yes,Yes,Yes,No,324,
https://www.zplusenews.com/video/dubai-airport-under-attack,Sitemap,200,ईरान का दुबई इंटरनेशनल एयरपोर्ट पर हमला - Dubai Airport Under Attack! | ZPluse News,मिडिल-ईस्ट के महायुद्ध में सबसे बड़ा और खौफनाक मोड़! ईरान (Iran) ने दुनिया के सबसे व्यस्त और बड़े 'दुबई इंटरनेशनल एयरपोर्ट' (Dubai International Airport) पर ताब,ईरान का दुबई इंटरनेशनल एयरपोर्ट पर हमला - Dubai Airport Under Attack!,https://www.zplusenews.com/video/dubai-airport-under-attack,Yes,No,Yes,Yes,108,Group_65
https://www.zplusenews.com/article/border-security-and-demography-cm-suvendu-adhikari-s-first-big-administrative-moves-reshape-bengal-s-political-direction-1778514107375,Sitemap,200,"Border, Security and Demography: CM Suvendu Adhikari’s First Big Administrative Moves Reshape Bengal’s Political Direction | ZPluse News",West Bengal Chief Minister Suvendu Adhikari has launched two of the most politically significant initiatives of his early tenure: allocating land to the Border,"Border, Security and Demography: CM Suvendu Adhikari’s First Big Administrative Moves Reshape Bengal’s Political Direction",https://www.zplusenews.com/article/border-security-and-demography-cm-suvendu-adhikari-s-first-big-administrative-moves-reshape-bengal-s-political-direction-1778514107375,Yes,Yes,Yes,No,810,
https://www.zplusenews.com/video/5,Sitemap,200,आज की 5 बड़ी खबरें | देश-दुनिया में क्या हुआ? | ZPluse News,"इस वीडियो में देखिए देश और दुनिया की आज की सबसे बड़ी और महत्वपूर्ण खबरें। राजनीति, अंतरराष्ट्रीय घटनाक्रम, खेल, शिक्षा, अर्थव्यवस्था और अन्य प्रमुख अपडेट्स की प",आज की 5 बड़ी खबरें | देश-दुनिया में क्या हुआ?,https://www.zplusenews.com/video/5,Yes,No,Yes,Yes,107,Group_66
https://www.zplusenews.com/article/jupiter-cancer-why-astrologers-believe-world-could-enter-era-homes,Sitemap,200,"Jupiter in Cancer: Why Astrologers Believe the World Could Enter an Era of Homes, Food, Water and Cultural Revival | ZPluse News","Jupiter in Cancer is traditionally associated with a global focus on homes, families, food security, water resources, and cultural heritage. Astrologers believe","Jupiter in Cancer: Why Astrologers Believe the World Could Enter an Era of Homes, Food, Water and Cultural Revival",https://www.zplusenews.com/article/jupiter-cancer-why-astrologers-believe-world-could-enter-era-homes,Yes,Yes,Yes,No,1183,
https://www.zplusenews.com/article/the-island-at-the-heart-of-a-strategic-tug-of-war-in-the-indian-ocean-1775475089849,Sitemap,200,The Island at the Heart of a Strategic Tug-of-War in the Indian Ocean | ZPluse News,"Far from the noise of global capitals, Diego Garcia sits quietly in the Indian Ocean, thousands of kilometres from the world’s headlines, a tiny island is once",The Island at the Heart of a Strategic Tug-of-War in the Indian Ocean,https://www.zplusenews.com/article/the-island-at-the-heart-of-a-strategic-tug-of-war-in-the-indian-ocean-1775475089849,Yes,Yes,Yes,No,293,
https://www.zplusenews.com/article/a-silent-threat-at-sea-growing-fears-over-hantavirus-spread-linked-to-cruise-travel-1778243036781,Sitemap,200,A Silent Threat at Sea: Growing Fears Over Hantavirus Spread Linked to Cruise Travel | ZPluse News,What began as a mysterious cluster of severe respiratory illnesses linked to an international cruise voyage is now raising global alarm over the possible spread,A Silent Threat at Sea: Growing Fears Over Hantavirus Spread Linked to Cruise Travel,https://www.zplusenews.com/article/a-silent-threat-at-sea-growing-fears-over-hantavirus-spread-linked-to-cruise-travel-1778243036781,Yes,Yes,Yes,No,826,
https://www.zplusenews.com/video/khamenei-death-kashmir,Sitemap,200,Khamenei Death: Kashmir में सड़कों पर उतरी भीड़! 😱 | ZPluse News,ईरान के सुप्रीम लीडर अयातुल्ला खामेनेई (Ayatollah Khamenei) की मौत के बाद कश्मीर (Kashmir) में भारी प्रदर्शन! श्रीनगर और बडगाम में मातम मना रही भीड़ ने तोड़े सु,Khamenei Death: Kashmir में सड़कों पर उतरी भीड़! 😱,https://www.zplusenews.com/video/khamenei-death-kashmir,Yes,No,Yes,Yes,58,Group_67
https://www.zplusenews.com/article/political-milestone-narendra-modi-becomes-indias-longestserving,Sitemap,200,A Political Milestone: Narendra Modi Becomes India’s Longest-Serving Elected Prime Minister | ZPluse News,New Delhi: Prime Minister Narendra Modi has etched his name deeper into India’s political history by becoming the country’s longest-serving elected Prime Minist,A Political Milestone: Narendra Modi Becomes India’s Longest-Serving Elected Prime Minister,https://www.zplusenews.com/article/political-milestone-narendra-modi-becomes-indias-longestserving,Yes,Yes,Yes,No,795,
https://www.zplusenews.com/privacy,Sitemap,200,Privacy Policy | ZPluse News,"Read the Privacy Policy of ZPluse News. Understand how we collect, process, and safeguard your personal data in accordance with GDPR, CCPA, and DPDP laws.",Privacy Policy,https://www.zplusenews.com/privacy,Yes,No,Yes,No,121,
https://www.zplusenews.com/defence,Sitemap,200,Defence News | ZPluse News,"Indian defence and military news. Army, Navy, Air Force, weapons and border security updates.",Defence News,https://www.zplusenews.com/defence,Yes,No,Yes,No,10,
https://www.zplusenews.com/video/UK460boWanc,Sitemap,200,पेट्रोल-डीजल की नई कीमतें जारी | चुनावी माहौल में हलचल | ZPluse News,"देश में चुनावी माहौल के बीच पेट्रोल और डीजल की बढ़ती कीमतों ने आम जनता की परेशानी बढ़ा दी है। इस वीडियो में जानिए चुनाव से जुड़ी बड़ी खबरें, नेताओं के बयान, जनत",पेट्रोल-डीजल की नई कीमतें जारी | चुनावी माहौल में हलचल,https://www.zplusenews.com/video/UK460boWanc,Yes,No,Yes,Yes,85,
https://www.zplusenews.com/video/indian-armys-silent-warriors-firstever-animal-contingent-republic-day,Sitemap,200,Indian Army’s Silent Warriors | First-Ever Animal Contingent at Republic Day 2026 | ZPluse News,"For the first time in history, the Indian Army’s animal contingent marches on Kartavya Path during the Republic Day Parade 2026. From Army dogs to high-altitude",Indian Army’s Silent Warriors | First-Ever Animal Contingent at Republic Day 2026,https://www.zplusenews.com/video/indian-armys-silent-warriors-firstever-animal-contingent-republic-day,Yes,No,Yes,Yes,63,Group_68
https://www.zplusenews.com/article/iran-strikes-qatar-s-gas-heart-world-energy-markets-on-edge-1775015083256,Sitemap,200,Iran Strikes Qatar’s Gas Heart: World Energy Markets on Edge | ZPluse News,"In a dramatic escalation of the ongoing Middle East conflict, Iran has struck Qatar’s Ras Laffan Industrial City, the world’s largest liquefied natural gas (LNG",Iran Strikes Qatar’s Gas Heart: World Energy Markets on Edge,https://www.zplusenews.com/article/iran-strikes-qatar-s-gas-heart-world-energy-markets-on-edge-1775015083256,Yes,Yes,Yes,No,251,
https://www.zplusenews.com/video/2000,Sitemap,200,"मदरसों के लिए 2000 करोड़ दिए लेकिन संस्कृत भाषा को एक भी रुपए नहीं दिया ,क्यों? | ZPluse News",Watch video news on ZPluse News.,"मदरसों के लिए 2000 करोड़ दिए लेकिन संस्कृत भाषा को एक भी रुपए नहीं दिया ,क्यों?",https://www.zplusenews.com/video/2000,Yes,No,Yes,Yes,3,Group_14
https://www.zplusenews.com/article/inferno-lucknow-deadly-building-blaze-claims-12-lives-triggers,Sitemap,200,"Inferno in Lucknow: Deadly Building Blaze Claims 12 Lives, Triggers High-Level Probe | ZPluse News","Lucknow: A devastating fire that tore through a multi-storey building in Lucknow has left at least 12 people dead and several others injured, prompting the Utta","Inferno in Lucknow: Deadly Building Blaze Claims 12 Lives, Triggers High-Level Probe",https://www.zplusenews.com/article/inferno-lucknow-deadly-building-blaze-claims-12-lives-triggers,Yes,Yes,Yes,No,697,
https://www.zplusenews.com/article/north-bengal-gets-powerful-voice-rathindra-bose-elected-new-speaker,Sitemap,200,North Bengal Gets a Powerful Voice: Rathindra Bose Elected New Speaker of West Bengal Assembly | ZPluse News,"In a politically significant development for the newly formed government in West Bengal, Rathindra Bose from North Bengal has been elected as the new Speaker of",North Bengal Gets a Powerful Voice: Rathindra Bose Elected New Speaker of West Bengal Assembly,https://www.zplusenews.com/article/north-bengal-gets-powerful-voice-rathindra-bose-elected-new-speaker,Yes,Yes,Yes,No,810,
https://www.zplusenews.com/article/messi-turns-back-time-argentina-maestro-fires-historic-hattrick-world,Sitemap,200,Messi Turns Back Time: Argentina Maestro Fires Historic Hat-Trick as World Champions Crush Algeria 3-0 | ZPluse News,"The FIFA World Cup 2026 has its first truly iconic moment and once again, it belongs to Lionel Messi. The Argentine legend rolled back the years with a sensatio",Messi Turns Back Time: Argentina Maestro Fires Historic Hat-Trick as World Champions Crush Algeria 3-0,https://www.zplusenews.com/article/messi-turns-back-time-argentina-maestro-fires-historic-hattrick-world,Yes,Yes,Yes,No,674,
https://www.zplusenews.com/article/pulwama-attack-linked-terrorist-hamza-burhan-shot-dead-unknown-gunmen,Sitemap,200,Pulwama Attack Linked Terrorist Hamza Burhan Shot Dead by Unknown Gunmen in PoK | ZPluse News,"In a major development linked to the long shadow of the 2019 Pulwama terror attack, Hamza Burhan—described in multiple reports as one of the key conspirators as",Pulwama Attack Linked Terrorist Hamza Burhan Shot Dead by Unknown Gunmen in PoK,https://www.zplusenews.com/article/pulwama-attack-linked-terrorist-hamza-burhan-shot-dead-unknown-gunmen,Yes,Yes,Yes,No,913,
https://www.zplusenews.com/video/rahul-gandhi-ai-impact-summit-youth-congress-mess,Sitemap,200,Rahul Gandhi के 'बब्बर शेरों' का असली सच! 😱 - AI Impact Summit Youth Congress Mess | ZPluse News,"राहुल गांधी के ट्वीट और यूथ कांग्रेस के विरोध प्रदर्शन के पीछे का असली सच क्या है? AI Impact Summit में विदेशी मेहमानों के सामने जो हुआ, क्या वो लोकतांत्रिक अधि",Rahul Gandhi के 'बब्बर शेरों' का असली सच! 😱 - AI Impact Summit Youth Congress Mess,https://www.zplusenews.com/video/rahul-gandhi-ai-impact-summit-youth-congress-mess,Yes,No,Yes,Yes,82,Group_69
https://www.zplusenews.com/video/bangladesh-ex-pm-khaleda-zia-dies-80-life-politics-legal-cases,Sitemap,200,"Bangladesh Ex PM Khaleda Zia Dies at 80 | Life, Politics, Legal Cases Explained | ZPluse News","Bangladesh former Prime Minister Khaleda Zia has passed away at the age of 80 after a long illness. This video presents a neutral, factual, news-style timeline","Bangladesh Ex PM Khaleda Zia Dies at 80 | Life, Politics, Legal Cases Explained",https://www.zplusenews.com/video/bangladesh-ex-pm-khaleda-zia-dies-80-life-politics-legal-cases,Yes,No,Yes,Yes,95,Group_70
https://www.zplusenews.com/contests,Sitemap,200,"ZPluse News | Breaking News, Latest India News, National & International Updates","ZPluse News is India's leading digital platform for breaking news, latest national updates, politics, business trends, defense, technology and state news.",,https://www.zplusenews.com/contests,Yes,No,Yes,No,0,Group_46
https://www.zplusenews.com/article/how-conducting-free-fair-examinations-has-become-indias-biggest,Sitemap,200,How conducting free and fair examinations has become India’s biggest governance headache | ZPluse News,"There was a time when Indian students feared only one thing before an examination — failure. Strategic Policy & Background Today, they fear something else first",How conducting free and fair examinations has become India’s biggest governance headache,https://www.zplusenews.com/article/how-conducting-free-fair-examinations-has-become-indias-biggest,Yes,Yes,Yes,No,974,
https://www.zplusenews.com/article/blackrock-bleeds-as-arab-money-backs-off-800-billion-wiped-from-u-s-markets,Sitemap,200,BlackRock Bleeds as Arab Money Backs Off: $800 Billion Wiped from U.S. Markets | ZPluse News,Wall Street woke up to a brutal reality check. More than $800 billion evaporated from the U.S. stock market in a single trading session as Arab investors began,BlackRock Bleeds as Arab Money Backs Off: $800 Billion Wiped from U.S. Markets,https://www.zplusenews.com/article/blackrock-bleeds-as-arab-money-backs-off-800-billion-wiped-from-u-s-markets,Yes,Yes,Yes,No,274,
https://www.zplusenews.com/article/india-russia-ties-enter-new-strategic-phase-amid-global-uncertainty-1775396031656,Sitemap,200,India–Russia Ties Enter New Strategic Phase Amid Global Uncertainty | ZPluse News,"In a world of shifting alliances and regional friction, the long-standing bond between New Delhi and Moscow is entering a fresh period of activity. As of early",India–Russia Ties Enter New Strategic Phase Amid Global Uncertainty,https://www.zplusenews.com/article/india-russia-ties-enter-new-strategic-phase-amid-global-uncertainty-1775396031656,Yes,Yes,Yes,No,373,
https://www.zplusenews.com/article/how-dk-shivakumar-became-congresss-biggest-organisational-powerhouse,Sitemap,200,How DK Shivakumar Became Congress’s Biggest Organisational Powerhouse in Karnataka And Slowly Challenged Siddaramaiah’s AHINDA Dominance | ZPluse News,"For nearly a decade, Karnataka Congress politics revolved around one towering figure — Siddaramaiah. As the architect of the powerful AHINDA social coalition co",How DK Shivakumar Became Congress’s Biggest Organisational Powerhouse in Karnataka And Slowly Challenged Siddaramaiah’s AHINDA Dominance,https://www.zplusenews.com/article/how-dk-shivakumar-became-congresss-biggest-organisational-powerhouse,Yes,Yes,Yes,No,988,
https://www.zplusenews.com/article/deep-sea-secrets-the-silent-rise-of-taiwan-s-narwhal-submarine-1777384088669,Sitemap,200,Deep-Sea Secrets: The Silent Rise of Taiwan’s Narwhal Submarine | ZPluse News,"While headlines often focus on fighter jets and troop movements in the Taiwan Strait, a quieter yet equally critical race is unfolding beneath the waves. Strate",Deep-Sea Secrets: The Silent Rise of Taiwan’s Narwhal Submarine,https://www.zplusenews.com/article/deep-sea-secrets-the-silent-rise-of-taiwan-s-narwhal-submarine-1777384088669,Yes,Yes,Yes,No,434,
https://www.zplusenews.com/video/tourists-cctv-viral-video-uttarakhand,Sitemap,200,भीमताल में Tourists की शर्मनाक हरकत | CCTV Viral Video - Uttarakhand | ZPluse News,Watch video news on ZPluse News.,भीमताल में Tourists की शर्मनाक हरकत | CCTV Viral Video - Uttarakhand,https://www.zplusenews.com/video/tourists-cctv-viral-video-uttarakhand,Yes,No,Yes,Yes,3,Group_14
https://www.zplusenews.com/video/news-breakingnews-cricket-viral,Sitemap,200,#news #breakingnews #cricket #viral | ZPluse News,Watch video news on ZPluse News.,#news #breakingnews #cricket #viral,https://www.zplusenews.com/video/news-breakingnews-cricket-viral,Yes,No,Yes,Yes,3,Group_14
https://www.zplusenews.com/video/t20-world-cup-tickets-official-booking-start-2026-venue-price-pass,Sitemap,200,"T20 World Cup Tickets – Official Booking Start! 2026 Venue, Price & Pass Details | ZPluse News","T20 World Cup 2026 Tickets Booking Guide Is video mein aapko milega T20 World Cup 2026 ke tickets, prices, official booking website, stadium list, match schedul","T20 World Cup Tickets – Official Booking Start! 2026 Venue, Price & Pass Details",https://www.zplusenews.com/video/t20-world-cup-tickets-official-booking-start-2026-venue-price-pass,Yes,No,Yes,Yes,111,Group_71
https://www.zplusenews.com/article/brazil-floods-and-landslides-leave-trail-of-devastation-in-minas-gerais,Sitemap,200,Brazil Floods and Landslides Leave Trail of Devastation in Minas Gerais | ZPluse News,A sudden deluge and devastating landslides in southeastern Brazil have turned vibrant towns into rivers of mud and grief. Torrential rains triggered by record-b,Brazil Floods and Landslides Leave Trail of Devastation in Minas Gerais,https://www.zplusenews.com/article/brazil-floods-and-landslides-leave-trail-of-devastation-in-minas-gerais,Yes,Yes,Yes,No,357,
https://www.zplusenews.com/article/supreme-court-upholds-sir-exercise-calls-important-tool-free-fair,Sitemap,200,"Supreme Court Upholds SIR Exercise, Calls It Important Tool for Free and Fair Elections | ZPluse News","New Delhi: In a significant judgment with major electoral and constitutional implications, the Supreme Court has upheld the Special Intensive Revision (SIR) exe","Supreme Court Upholds SIR Exercise, Calls It Important Tool for Free and Fair Elections",https://www.zplusenews.com/article/supreme-court-upholds-sir-exercise-calls-important-tool-free-fair,Yes,Yes,Yes,No,867,
https://www.zplusenews.com/article/modi-abu-dhabi-why-prime-ministers-uae-visit-matters-turbulent-middle,Sitemap,200,Modi in Abu Dhabi: Why the Prime Minister’s UAE Visit Matters in a Turbulent Middle East and Shifting Global Order | ZPluse News,Prime Minister Narendra Modi’s visit to the United Arab Emirates comes at a moment when the Middle East is facing one of its most volatile geopolitical phases i,Modi in Abu Dhabi: Why the Prime Minister’s UAE Visit Matters in a Turbulent Middle East and Shifting Global Order,https://www.zplusenews.com/article/modi-abu-dhabi-why-prime-ministers-uae-visit-matters-turbulent-middle,Yes,Yes,Yes,No,966,
https://www.zplusenews.com/article/operation-tiger-roars-louder-six-shiv-sena-ubt-mps-skip-parliamentary,Sitemap,200,‘Operation Tiger’ Roars Louder: Six Shiv Sena (UBT) MPs Skip Parliamentary Panel Meet Amid Defection Buzz | ZPluse News,New Delhi: The political turbulence surrounding the Uddhav Thackeray-led Shiv Sena (UBT) intensified on Wednesday after six of its Members of Parliament skipped,‘Operation Tiger’ Roars Louder: Six Shiv Sena (UBT) MPs Skip Parliamentary Panel Meet Amid Defection Buzz,https://www.zplusenews.com/article/operation-tiger-roars-louder-six-shiv-sena-ubt-mps-skip-parliamentary,Yes,Yes,Yes,No,664,
https://www.zplusenews.com/international-news,Sitemap,200,International News | ZPluse News,"Top international news from around the world. Global politics, conflicts, diplomacy and more.",International News,https://www.zplusenews.com/international-news,Yes,No,Yes,No,10,
https://www.zplusenews.com/tourism,Sitemap,200,Tourism News | ZPluse News,"Tourism news from India. Travel destinations, heritage sites, tourism policies and travel tips.",Tourism News,https://www.zplusenews.com/tourism,Yes,No,Yes,No,10,
https://www.zplusenews.com/science,Sitemap,200,Science News | ZPluse News,"Science news from India. ISRO, research, discoveries, space exploration and scientific innovations.",Science News,https://www.zplusenews.com/science,Yes,No,Yes,No,10,
https://www.zplusenews.com/article/ins-aridhaman-india-s-silent-leap-in-nuclear-deterrence-1775396214541,Sitemap,200,INS Aridhaman: India’s Silent Leap in Nuclear Deterrence | ZPluse News,"The Indian Navy has quietly reached another major milestone in its quest for a credible nuclear deterrent. The INS Aridhaman, the second boat in the Arihant-cla",INS Aridhaman: India’s Silent Leap in Nuclear Deterrence,https://www.zplusenews.com/article/ins-aridhaman-india-s-silent-leap-in-nuclear-deterrence-1775396214541,Yes,Yes,Yes,No,306,
https://www.zplusenews.com/article/indian-medical-students-in-iran-seek-urgent-help-amid-rising-u-s-iran-tensions-1775712737817,Sitemap,200,Indian Medical Students in Iran Seek Urgent Help Amid Rising U.S.–Iran Tensions | ZPluse News,A growing number of Indian medical students in Iran have voiced frustration and appealed for urgent government intervention as they remain stranded in the count,Indian Medical Students in Iran Seek Urgent Help Amid Rising U.S.–Iran Tensions,https://www.zplusenews.com/article/indian-medical-students-in-iran-seek-urgent-help-amid-rising-u-s-iran-tensions-1775712737817,Yes,Yes,Yes,No,245,Group_72
https://www.zplusenews.com/article/beyond-border-disputes-cambodia-laos-unite-against-crossborder-crime,Sitemap,200,Beyond Border Disputes: Cambodia and Laos Unite Against Cross-Border Crime | ZPluse News,"A quieter and decidedly less explosive diplomatic track is unfolding between Cambodia and Laos. As of July 2026, the two nations are deep in high-level talks, b",Beyond Border Disputes: Cambodia and Laos Unite Against Cross-Border Crime,https://www.zplusenews.com/article/beyond-border-disputes-cambodia-laos-unite-against-crossborder-crime,Yes,Yes,Yes,No,317,
https://www.zplusenews.com/article/india-china-thaw-pilgrimage-routes-reopen-direct-flights-resume-1777027365382,Sitemap,200,"India–China Thaw: Pilgrimage Routes Reopen, Direct Flights Resume | ZPluse News","After years of diplomatic chill and restricted movement, India and China appear to be cautiously reopening channels of engagement. For travelers, pilgrims, and","India–China Thaw: Pilgrimage Routes Reopen, Direct Flights Resume",https://www.zplusenews.com/article/india-china-thaw-pilgrimage-routes-reopen-direct-flights-resume-1777027365382,Yes,Yes,Yes,No,344,
https://www.zplusenews.com/video/crpf-west-bengal,Sitemap,200,"""सात पुश्तें याद रखेंगी..."" मालदा में उपद्रवियों को सीधी चेतावनी! | CRPF in West Bengal | ZPluse News",पश्चिम बंगाल चुनाव और वर्तमान हालात के बीच मालदा में सुरक्षाबलों ने मोर्चा संभाल लिया है। प्रशासन और CRPF की तरफ से असामाजिक तत्वों को सख्त चेतावनी दी गई है कि,"""सात पुश्तें याद रखेंगी..."" मालदा में उपद्रवियों को सीधी चेतावनी! | CRPF in West Bengal",https://www.zplusenews.com/video/crpf-west-bengal,Yes,No,Yes,Yes,75,Group_73
https://www.zplusenews.com/video/street-ice-cream-reality,Sitemap,200,🚨 कच्चे आम की आइसक्रीम का घिनौना सच! | Street Ice Cream Reality | ZPluse News,क्या आप भी गर्मियों में सड़क किनारे मिलने वाली 'कच्चे आम' की आइसक्रीम शौक से खाते हैं? इस वीडियो को देखने के बाद आप दोबारा यह गलती नहीं करेंगे। देखिए कैसे गंदे,🚨 कच्चे आम की आइसक्रीम का घिनौना सच! | Street Ice Cream Reality,https://www.zplusenews.com/video/street-ice-cream-reality,Yes,No,Yes,Yes,116,Group_74
https://www.zplusenews.com/video/lpg-shortage-10,Sitemap,200,भारत में गैस खत्म? 😱 LPG Shortage: 10 बड़े शहरों में हाहाकार! | ZPluse News,मिडिल-ईस्ट के महायुद्ध (US-Iran War) का सीधा असर अब भारत की रसोई पर! देश के 10 बड़े शहरों में कमर्शियल LPG गैस का भयंकर संकट है। अयोध्या में राम मंदिर के पास मु,भारत में गैस खत्म? 😱 LPG Shortage: 10 बड़े शहरों में हाहाकार!,https://www.zplusenews.com/video/lpg-shortage-10,Yes,No,Yes,Yes,125,Group_75
https://www.zplusenews.com/article/assam-government-introduces-ucc-bill-assembly-triggering-major,Sitemap,200,"Assam Government Introduces UCC Bill in Assembly, Triggering Major Political and Social Debate | ZPluse News","Guwahati: The Bharatiya Janata Party-led Assam government has formally introduced the Uniform Civil Code (UCC) Bill in the Assam Legislative Assembly, marking o","Assam Government Introduces UCC Bill in Assembly, Triggering Major Political and Social Debate",https://www.zplusenews.com/article/assam-government-introduces-ucc-bill-assembly-triggering-major,Yes,Yes,Yes,No,852,
https://www.zplusenews.com/article/oasis-of-energy-security-india-claims-60-day-oil-buffer-amid-global-supply-fears-1774955060066,Sitemap,200,Oasis of Energy Security’: India Claims 60-Day Oil Buffer Amid Global Supply Fears | ZPluse News,"As the West Asia conflict triggers tremors across global energy markets, the Indian government has moved to quell domestic anxiety. In a high-level briefing on",Oasis of Energy Security’: India Claims 60-Day Oil Buffer Amid Global Supply Fears,https://www.zplusenews.com/article/oasis-of-energy-security-india-claims-60-day-oil-buffer-amid-global-supply-fears-1774955060066,Yes,Yes,Yes,No,436,
https://www.zplusenews.com/article/bangladesh-elections-2026-how-bnp-won-jamaat-rose-and-what-it-means-for-minorities-india-and-the-region-,Sitemap,200,"Bangladesh Elections 2026: How BNP Won, Jamaat Rose and What It Means for Minorities, India, and the Region. | ZPluse News","Bangladesh Elections 2026: How BNP Won, Jamaat Rose and What It Means for Minorities, India, and the Region. By Staff Correspondent The recent national election","Bangladesh Elections 2026: How BNP Won, Jamaat Rose and What It Means for Minorities, India, and the Region.",https://www.zplusenews.com/article/bangladesh-elections-2026-how-bnp-won-jamaat-rose-and-what-it-means-for-minorities-india-and-the-region-,Yes,Yes,Yes,No,779,
https://www.zplusenews.com/environment,Sitemap,200,Environment News | ZPluse News,"Environment and climate change news from India. Nature, pollution, sustainability and green energy.",Environment News,https://www.zplusenews.com/environment,Yes,No,Yes,No,10,
https://www.zplusenews.com/article/extreme-weather-swings-grip-south-asia-raising-economic-concerns-1776443027766,Sitemap,200,"Extreme Weather Swings Grip South Asia, Raising Economic Concerns | ZPluse News","South Asia is experiencing a strikingly uneven weather pattern this April, with intense heatwaves scorching some regions while unseasonal rainfall disrupts othe","Extreme Weather Swings Grip South Asia, Raising Economic Concerns",https://www.zplusenews.com/article/extreme-weather-swings-grip-south-asia-raising-economic-concerns-1776443027766,Yes,Yes,Yes,No,334,
https://www.zplusenews.com/article/russian-oil-tankers-diverted-from-china-to-india-amid-global-energy-crisis-1775105896937,Sitemap,200,Russian Oil Tankers Diverted from China to India Amid Global Energy Crisis | ZPluse News,"In a striking development amid the ongoing global energy turmoil, multiple Russian oil tankers originally bound for China have changed course mid-voyage and are",Russian Oil Tankers Diverted from China to India Amid Global Energy Crisis,https://www.zplusenews.com/article/russian-oil-tankers-diverted-from-china-to-india-amid-global-energy-crisis-1775105896937,Yes,Yes,Yes,No,436,
https://www.zplusenews.com/video/us-consulate-attacked,Sitemap,200,कराची में अमेरिका पर हमला? 😱 US Consulate Attacked! | ZPluse News,इस वीडियो में देखिए कराची (Karachi) में अमेरिकी दूतावास (US Consulate) पर हुए हिंसक प्रदर्शन का पूरा सच। अमेरिका और इज़राइल के बड़े हमले में ईरान के सुप्रीम लीड,कराची में अमेरिका पर हमला? 😱 US Consulate Attacked!,https://www.zplusenews.com/video/us-consulate-attacked,Yes,No,Yes,Yes,87,Group_76
https://www.zplusenews.com/article/piece-chola-history-comes-home-netherlands-return-11th-century,Sitemap,200,A Piece of Chola History Comes Home: Netherlands to Return 11th Century Anaimanglam Copper Plates to India After Modi Visit | ZPluse News,"In a moment rich with historical and cultural symbolism, the Netherlands has agreed to return the 11th-century Anaimanglam Chola copper plates to India followin",A Piece of Chola History Comes Home: Netherlands to Return 11th Century Anaimanglam Copper Plates to India After Modi Visit,https://www.zplusenews.com/article/piece-chola-history-comes-home-netherlands-return-11th-century,Yes,Yes,Yes,No,901,
https://www.zplusenews.com/video/bbl-shaheen-rizwan-babar-big-bash-league,Sitemap,200,"BBL में पाकिस्तान की किरकिरी 😳 | Shaheen, Rizwan, Babar का बुरा हाल | Big Bash League | ZPluse News","बिग बैश लीग (BBL) में पाकिस्तान के तीन बड़े सितारे—Shaheen Afridi, Mohammad Rizwan और Babar Azam—तीनों को आलोचना और ट्रोलिंग का सामना करना पड़ा। शाहीन को खराब ग","BBL में पाकिस्तान की किरकिरी 😳 | Shaheen, Rizwan, Babar का बुरा हाल | Big Bash League",https://www.zplusenews.com/video/bbl-shaheen-rizwan-babar-big-bash-league,Yes,No,Yes,Yes,80,Group_77
https://www.zplusenews.com/video/kashmir-files-operation-sindoor-movie-vivek-agnihotri,Sitemap,200,The Kashmir Files के बाद अब Operation Sindoor Movie - Vivek Agnihotri की नई फिल्म | ZPluse News,द कश्मीर फाइल्स के डायरेक्टर विवेक अग्निहोत्री और टी-सीरीज के भूषण कुमार अब भारतीय सेना के सबसे बड़े ऑपरेशन पर फिल्म लेकर आ रहे हैं— 'Operation Sindoor'। यह फिल,The Kashmir Files के बाद अब Operation Sindoor Movie - Vivek Agnihotri की नई फिल्म,https://www.zplusenews.com/video/kashmir-files-operation-sindoor-movie-vivek-agnihotri,Yes,No,Yes,Yes,122,Group_78
https://www.zplusenews.com/article/satellite-phone-row-in-srinagar-two-us-nationals-face-legal-action-1776779430498,Sitemap,200,Satellite Phone Row in Srinagar: Two US Nationals Face Legal Action | ZPluse News,"In a reminder of how quickly travel plans can turn complicated, two American nationals have found themselves in legal trouble at Srinagar International Airport",Satellite Phone Row in Srinagar: Two US Nationals Face Legal Action,https://www.zplusenews.com/article/satellite-phone-row-in-srinagar-two-us-nationals-face-legal-action-1776779430498,Yes,Yes,Yes,No,366,
https://www.zplusenews.com/article/india-us-trade-deal-sparks-farm-sector-debate,Sitemap,200,India–US Trade Deal Sparks Farm-Sector Debate | ZPluse News,India–US Trade Deal Sparks Farm-Sector Debate New Delhi | Staff Correspondent The India–US trade deal has grabbed headlines not just for boosting business ties,India–US Trade Deal Sparks Farm-Sector Debate,https://www.zplusenews.com/article/india-us-trade-deal-sparks-farm-sector-debate,Yes,Yes,Yes,No,369,
https://www.zplusenews.com/video/tmc,Sitemap,200,TMC जीत जाता तो हम जिंदा नहीं होते - बंगाली हिंदू महिला | ZPluse News,Watch video news on ZPluse News.,TMC जीत जाता तो हम जिंदा नहीं होते - बंगाली हिंदू महिला,https://www.zplusenews.com/video/tmc,Yes,No,Yes,Yes,3,Group_14
https://www.zplusenews.com/article/iran-hits-bahrain-s-largest-oil-refinery,Sitemap,200,Iran Hits Bahrain’s Largest Oil Refinery | ZPluse News,Massive explosion and smoke rise from Bahrain’s BAPCO refinery after a drone strike. The Middle East crisis escalated dramatically after Iranian drones struck B,Iran Hits Bahrain’s Largest Oil Refinery,https://www.zplusenews.com/article/iran-hits-bahrain-s-largest-oil-refinery,Yes,Yes,Yes,No,286,
https://www.zplusenews.com/video/west-bengal-rohingya-illegal-migrant,Sitemap,200,West Bengal छोड़कर जा रहे Rohingya - illegal migrant | ZPluse News,Watch video news on ZPluse News.,West Bengal छोड़कर जा रहे Rohingya - illegal migrant,https://www.zplusenews.com/video/west-bengal-rohingya-illegal-migrant,Yes,No,Yes,Yes,3,Group_14
https://www.zplusenews.com/article/from-frost-to-thaw-india-and-canada-hit-reset,Sitemap,200,From Frost to Thaw: India and Canada Hit Reset | ZPluse News,"After months of diplomatic chill, New Delhi and Ottawa appear to be stepping back from the brink. What was once a relationship frozen by allegations, expulsions",From Frost to Thaw: India and Canada Hit Reset,https://www.zplusenews.com/article/from-frost-to-thaw-india-and-canada-hit-reset,Yes,Yes,Yes,No,321,
https://www.zplusenews.com/article/all-eyes-rbi-markets-await-key-policy-decision-amid-inflation-rupee,Sitemap,200,All Eyes on RBI as Markets Await Key Policy Decision Amid Inflation and Rupee Concerns | ZPluse News,"Mumbai: Investors, economists, and financial markets across the country are closely watching the Reserve Bank of India’s monetary policy announcement today, wit",All Eyes on RBI as Markets Await Key Policy Decision Amid Inflation and Rupee Concerns,https://www.zplusenews.com/article/all-eyes-rbi-markets-await-key-policy-decision-amid-inflation-rupee,Yes,Yes,Yes,No,789,
https://www.zplusenews.com/article/automated-test-national-coverage-1774466871925,Sitemap,200,Automated Test: NATIONAL Coverage | ZPluse News,This is a programmatically generated article confirming the national grid functionality successfully renders on the live ZPlus News interface.,Automated Test: NATIONAL Coverage,https://www.zplusenews.com/article/automated-test-national-coverage-1774466871925,Yes,Yes,Yes,No,19,Group_57
https://www.zplusenews.com/article/japan-s-rightward-turn-and-the-new-indo-pacific-equation,Sitemap,200,Japan’s Rightward Turn and the New Indo-Pacific Equation | ZPluse News,"Japan’s Rightward Turn and the New Indo-Pacific Equation By Staff Correspondent For years, Japanese politics sailed so smoothly it could double as a meditation",Japan’s Rightward Turn and the New Indo-Pacific Equation,https://www.zplusenews.com/article/japan-s-rightward-turn-and-the-new-indo-pacific-equation,Yes,Yes,Yes,No,544,
https://www.zplusenews.com/video/subscribe-more-fast-furious-news-breakingnews-viral-nationalnews-india,Sitemap,200,"🎥 Subscribe for more Fast & Furious news, #breakingnews #viral #nationalnews #india | ZPluse News","📰 1-Minute News — Sahil Road Accident Case Update In a tragic road accident case from Dwarka, New Delhi, 23-year-old Sahil Dhaneshra lost his life after a spee","🎥 Subscribe for more Fast & Furious news, #breakingnews #viral #nationalnews #india",https://www.zplusenews.com/video/subscribe-more-fast-furious-news-breakingnews-viral-nationalnews-india,Yes,No,Yes,Yes,219,Group_79
https://www.zplusenews.com/article/12-houses-astrology-explained-understanding-blueprint-life-through,Sitemap,200,The 12 Houses of Astrology Explained: Understanding the Blueprint of Life Through the Birth Chart | ZPluse News,Why the Twelve Houses Matter More Than Zodiac Signs,The 12 Houses of Astrology Explained: Understanding the Blueprint of Life Through the Birth Chart,https://www.zplusenews.com/article/12-houses-astrology-explained-understanding-blueprint-life-through,Yes,Yes,Yes,No,963,
https://www.zplusenews.com/article/shadow-war-expands-russia-s-intelligence-pipeline-fuels-iran-s-strike-capability-against-u-s-forces,Sitemap,200,Shadow War Expands: Russia’s Intelligence Pipeline Fuels Iran’s Strike Capability Against U.S. Forces | ZPluse News,"The Middle East battlefield may no longer be a two-player game. As Washington and Tehran exchange blows, a new player appears to be working quietly in the backg",Shadow War Expands: Russia’s Intelligence Pipeline Fuels Iran’s Strike Capability Against U.S. Forces,https://www.zplusenews.com/article/shadow-war-expands-russia-s-intelligence-pipeline-fuels-iran-s-strike-capability-against-u-s-forces,Yes,Yes,Yes,No,212,
https://www.zplusenews.com/article/drone-breach-near-indian-coast-guard-base-two-us-nationals-booked-1774963309863,Sitemap,200,Drone Breach Near Indian Coast Guard Base: Two US Nationals Booked | ZPluse News,"In a development raising fresh concerns over security around sensitive installations, Indian authorities have registered a case against two United States nation",Drone Breach Near Indian Coast Guard Base: Two US Nationals Booked,https://www.zplusenews.com/article/drone-breach-near-indian-coast-guard-base-two-us-nationals-booked-1774963309863,Yes,Yes,Yes,No,348,
https://www.zplusenews.com/video/tmc-tmc-office,Sitemap,200,गरीबों का हक मारना कोई TMC से सीखे! - TMC Office में सैकड़ों राशन कार्ड बरामद! | ZPluse News,पश्चिम बंगाल के सेंथिया (वार्ड 15) में बड़ा खुलासा! TMC पार्टी ऑफिस से सैकड़ों गरीबों के राशन कार्ड बरामद हुए हैं। देखिए कैसे जनता का हक मारा जा रहा है। आपका इस,गरीबों का हक मारना कोई TMC से सीखे! - TMC Office में सैकड़ों राशन कार्ड बरामद!,https://www.zplusenews.com/video/tmc-tmc-office,Yes,No,Yes,Yes,42,Group_80
https://www.zplusenews.com/article/modi-returns-sweden-after-2018-why-visit-matters-changing-global-order,Sitemap,200,Modi Returns to Sweden After 2018: Why the Visit Matters in a Changing Global Order | ZPluse News,"Prime Minister Narendra Modi has arrived in Sweden for his first visit to the Nordic nation since 2018, marking an important diplomatic moment as India deepens",Modi Returns to Sweden After 2018: Why the Visit Matters in a Changing Global Order,https://www.zplusenews.com/article/modi-returns-sweden-after-2018-why-visit-matters-changing-global-order,Yes,Yes,Yes,No,976,
https://www.zplusenews.com/article/south-china-sea-brink-scarborough-shoal-becomes-epicentre-new,Sitemap,200,South China Sea on the Brink: Scarborough Shoal Becomes the Epicentre of a New Indo-Pacific Showdown | ZPluse News,"The South China Sea has effectively turned into a high-stakes maritime game of cat and mouse, with the Scarborough Shoal at the very center of the storm. As of",South China Sea on the Brink: Scarborough Shoal Becomes the Epicentre of a New Indo-Pacific Showdown,https://www.zplusenews.com/article/south-china-sea-brink-scarborough-shoal-becomes-epicentre-new,Yes,Yes,Yes,No,367,
https://www.zplusenews.com/article/india-enters-a-new-strategic-era-nuclear-capable-icbm-and-tara-glide-weapon-signal-major-defence-leap-1778331723350,Sitemap,200,India Enters a New Strategic Era: Nuclear-Capable ICBM and TARA Glide Weapon Signal Major Defence Leap | ZPluse News,India is rapidly reshaping its strategic deterrence architecture. Key Advancements & Market Impacts In what defence analysts are calling one of the most signifi,India Enters a New Strategic Era: Nuclear-Capable ICBM and TARA Glide Weapon Signal Major Defence Leap,https://www.zplusenews.com/article/india-enters-a-new-strategic-era-nuclear-capable-icbm-and-tara-glide-weapon-signal-major-defence-leap-1778331723350,Yes,Yes,Yes,No,808,
https://www.zplusenews.com/article/indian-navy-commissions-ins-mahendragiri-sixth-stealth-frigate,Sitemap,200,Indian Navy Commissions INS Mahendragiri: Sixth Stealth Frigate Strengthens Maritime Power | ZPluse News,"Visakhapatnam: In a major boost to India’s maritime defence capabilities, the Indian Navy commissioned INS Mahendragiri, the sixth stealth frigate of the Projec",Indian Navy Commissions INS Mahendragiri: Sixth Stealth Frigate Strengthens Maritime Power,https://www.zplusenews.com/article/indian-navy-commissions-ins-mahendragiri-sixth-stealth-frigate,Yes,Yes,Yes,No,511,
https://www.zplusenews.com/video/cbse-result-out-cbi-action-neet-leak-goldsilver-prices-skyrocket,Sitemap,200,CBSE Result OUT 🚨 | CBI Action on NEET Leak | Gold-Silver Prices Skyrocket | ZPluse News,आज की इस वीडियो में देखिए देश और दुनिया की 5 सबसे बड़ी खबरें — 🔹 CBSE 12वीं बोर्ड परीक्षा का रिज़ल्ट जारी 🔹 डोनाल्ड ट्रंप के चीन दौरे से दुनिया की राजनीति में,CBSE Result OUT 🚨 | CBI Action on NEET Leak | Gold-Silver Prices Skyrocket,https://www.zplusenews.com/video/cbse-result-out-cbi-action-neet-leak-goldsilver-prices-skyrocket,Yes,No,Yes,Yes,107,Group_81
https://www.zplusenews.com/video/sp-55-black-marketing-exposed,Sitemap,200,SP नेता के घर 55 सिलेंडर! 🚨Black Marketing Exposed! 🤯 | ZPluse News,भारत में चल रहे भारी गैस संकट (LPG Crisis) के बीच विपक्ष की सबसे घिनौनी साजिश का पर्दाफाश! सीएम योगी आदित्यनाथ (Yogi Adityanath) के सख्त आदेश पर यूपी पुलिस (UP,SP नेता के घर 55 सिलेंडर! 🚨Black Marketing Exposed! 🤯,https://www.zplusenews.com/video/sp-55-black-marketing-exposed,Yes,No,Yes,Yes,129,Group_82
https://www.zplusenews.com/video/another-american-base-hit-qatar-qatar-us-army-danger,Sitemap,200,Another American base hit in Qatar… Qatar में घुसी ईरान की मिसाइलें! 🤯 US Army in Danger? | ZPluse News,"ईरान ने कतर (Qatar) में मौजूद सबसे बड़े अमेरिकी सैन्य ठिकाने 'Al Udeid Airbase' पर भयंकर मिसाइल हमला कर दिया है! कतर ने दर्जनों मिसाइलें रोकीं, लेकिन 2 मिसाइलों",Another American base hit in Qatar… Qatar में घुसी ईरान की मिसाइलें! 🤯 US Army in Danger?,https://www.zplusenews.com/video/another-american-base-hit-qatar-qatar-us-army-danger,Yes,No,Yes,Yes,75,Group_83
https://www.zplusenews.com/video/hezbollah-israel-eid-gift-lebanon-airstrike-israel-vs-hezbollah,Sitemap,200,Hezbollah को Israel का “Eid Gift” 😳 | Lebanon Airstrike | Israel vs Hezbollah | ZPluse News,हिज़्बुल्लाह के आतंकियों को मिला इज़राइल की तरफ से “ईद का तोहफा”! Southern Lebanon के Tyre शहर में Israeli Air Force ने Hezbollah के ठिकानों पर किए ताबड़तोड़ ai,Hezbollah को Israel का “Eid Gift” 😳 | Lebanon Airstrike | Israel vs Hezbollah,https://www.zplusenews.com/video/hezbollah-israel-eid-gift-lebanon-airstrike-israel-vs-hezbollah,Yes,No,Yes,Yes,46,Group_84
https://www.zplusenews.com/article/diego-garcia-strike-fog-of-war-or-false-flag-narrative-1775105820743,Sitemap,200,Diego Garcia Strike: Fog of War or False Flag Narrative? | ZPluse News,Tensions in West Asia have entered a dangerous new phase after reports confirmed that missiles were launched toward the strategic US-UK military base at Diego G,Diego Garcia Strike: Fog of War or False Flag Narrative?,https://www.zplusenews.com/article/diego-garcia-strike-fog-of-war-or-false-flag-narrative-1775105820743,Yes,Yes,Yes,No,328,
https://www.zplusenews.com/article/automated-test-state-coverage-1774466872594,Sitemap,200,Automated Test: STATE Coverage | ZPluse News,This is a programmatically generated article confirming the state grid functionality successfully renders on the live ZPlus News interface.,Automated Test: STATE Coverage,https://www.zplusenews.com/article/automated-test-state-coverage-1774466872594,Yes,Yes,Yes,No,19,Group_54
https://www.zplusenews.com/article/crypto-empire-in-the-shadows-chinese-national-arrested-in-kathmandu-scam-bust-1775301420275,Sitemap,200,Crypto Empire in the Shadows: Chinese National Arrested in Kathmandu Scam Bust | ZPluse News,"They call it the Himalayan Hub, a scenic refuge for trekkers and soul-searchers. But beneath the prayer flags and mountain mist, a darker industry is taking roo",Crypto Empire in the Shadows: Chinese National Arrested in Kathmandu Scam Bust,https://www.zplusenews.com/article/crypto-empire-in-the-shadows-chinese-national-arrested-in-kathmandu-scam-bust-1775301420275,Yes,Yes,Yes,No,325,
https://www.zplusenews.com/video/3000,Sitemap,200,महिलाओं की 3000+ गुप्त तस्वीरों के साथ शख्स गिरफ्तार! क्या क्राइम डेटा धर्म के आधार पर बनना चाहिए? | ZPluse News,इस वीडियो में हम समाज की इस शर्मनाक सच्चाई और महिला सुरक्षा (Women Safety in India) के मुद्दे पर बात कर रहे हैं। साथ ही एक बड़ा सवाल: यदि लोगों को धर्म के नाम प,महिलाओं की 3000+ गुप्त तस्वीरों के साथ शख्स गिरफ्तार! क्या क्राइम डेटा धर्म के आधार पर बनना चाहिए?,https://www.zplusenews.com/video/3000,Yes,No,Yes,Yes,88,Group_85
https://www.zplusenews.com/video/speech-se-pehle-batti-gul-donald-trump-sotu-2026,Sitemap,200,Speech se pehle Batti Gul! 😱 आखिर क्यों डर गए Donald Trump? SOTU 2026 की पूरी सच्चाई! | ZPluse News,Trump’s State of the Union 2026: क्या ये अंत की शुरुआत है? 🚨 आज की रात वाशिंगटन के इतिहास में सबसे भारी होने वाली है! राष्ट्रपति डोनाल्ड ट्रंप (Donald Trump) अ,Speech se pehle Batti Gul! 😱 आखिर क्यों डर गए Donald Trump? SOTU 2026 की पूरी सच्चाई!,https://www.zplusenews.com/video/speech-se-pehle-batti-gul-donald-trump-sotu-2026,Yes,No,Yes,Yes,223,Group_86
https://www.zplusenews.com/article/global-energy-crisis-iea-calls-for-work-from-home-to-curb-fuel-consumption-1775106014164,Sitemap,200,Global Energy Crisis: IEA Calls for Work From Home to Curb Fuel Consumption | ZPluse News,"As the world grapples with a deepening energy crisis triggered by escalating conflict in the Middle East, the International Energy Agency (IEA) has issued an ur",Global Energy Crisis: IEA Calls for Work From Home to Curb Fuel Consumption,https://www.zplusenews.com/article/global-energy-crisis-iea-calls-for-work-from-home-to-curb-fuel-consumption-1775106014164,Yes,Yes,Yes,No,454,
https://www.zplusenews.com/video/ireland-sets-biggest-total-t20-wc-2026-vs-t20worldcup,Sitemap,200,Ireland sets BIGGEST Total of T20 WC 2026! 🇮🇪 vs 🇴🇲 #T20WorldCup | ZPluse News,Watch video news on ZPluse News.,Ireland sets BIGGEST Total of T20 WC 2026! 🇮🇪 vs 🇴🇲 #T20WorldCup,https://www.zplusenews.com/video/ireland-sets-biggest-total-t20-wc-2026-vs-t20worldcup,Yes,No,Yes,Yes,3,Group_14
https://www.zplusenews.com/article/india-moves-ahead-325-lakh-crore-rafale-mega-deal-94-fighter-jets,Sitemap,200,"India Moves Ahead with ₹3.25 Lakh Crore Rafale Mega Deal, 94 Fighter Jets to Be Manufactured in India | ZPluse News",New Delhi: India has taken a major step toward strengthening its air power after formally issuing a Letter of Request (LoR) to France for the acquisition of 114,"India Moves Ahead with ₹3.25 Lakh Crore Rafale Mega Deal, 94 Fighter Jets to Be Manufactured in India",https://www.zplusenews.com/article/india-moves-ahead-325-lakh-crore-rafale-mega-deal-94-fighter-jets,Yes,Yes,Yes,No,767,
https://www.zplusenews.com/article/a-new-rural-policy-era-vb-gram-g-act-comes-into-force-on-july-1-as-mgnrega-faces-repeal-1778513255134,Sitemap,200,A New Rural Policy Era: VB-GRAM-G Act Comes Into Force on July 1 as MGNREGA Faces Repeal | ZPluse News,"India’s rural welfare architecture is heading toward one of its biggest transformations in decades. Macroeconomic Dynamics Beginning July 1, the newly introduce",A New Rural Policy Era: VB-GRAM-G Act Comes Into Force on July 1 as MGNREGA Faces Repeal,https://www.zplusenews.com/article/a-new-rural-policy-era-vb-gram-g-act-comes-into-force-on-july-1-as-mgnrega-faces-repeal-1778513255134,Yes,Yes,Yes,No,820,
https://www.zplusenews.com/video/evm,Sitemap,200,"बंगाल चुनाव की तूफानी रात, फिर भी EVM की सुरक्षा में डटे हमारे जांबाज जवान। | ZPluse News","पश्चिम बंगाल विधानसभा चुनाव 2026 की वोटिंग के बाद, तूफानी मौसम और भारी बारिश के बीच महिला अधिकारियों के साथ EVM ले जाते हमारे जांबाज जवान। दिन भर बूथ पर मुस्तैद","बंगाल चुनाव की तूफानी रात, फिर भी EVM की सुरक्षा में डटे हमारे जांबाज जवान।",https://www.zplusenews.com/video/evm,Yes,No,Yes,Yes,47,Group_87
https://www.zplusenews.com/video/iranian-women-dancing-freedom-iran,Sitemap,200,अयातुल्ला खामेनेई की मौत का जश्न - Iranian Women are Dancing - Freedom in Iran | ZPluse News,"ईरान की महिलाएं अयातुल्ला खामेनेई (Ayatollah Khamenei) की मौत पर अपनी 'आज़ादी' का जश्न मना रही हैं, जबकि भारत (Kashmir) और पाकिस्तान में भारी मातम पसरा है। आखिर",अयातुल्ला खामेनेई की मौत का जश्न - Iranian Women are Dancing - Freedom in Iran,https://www.zplusenews.com/video/iranian-women-dancing-freedom-iran,Yes,No,Yes,Yes,84,Group_88
https://www.zplusenews.com/video/bullet-jaipur-viral-video,Sitemap,200,स्कूटी टकराई तो पत्थर से तोड़ दी Bullet! 🚨 Jaipur Viral Video | ZPluse News,"राजस्थान के जयपुर (Jaipur, Rajasthan) के बाइस गोदाम इलाके से एक हैरान कर देने वाला रोड रेज (Road Rage) का वीडियो सामने आया है। बीच सड़क पर एक युवती की स्कूटी (S",स्कूटी टकराई तो पत्थर से तोड़ दी Bullet! 🚨 Jaipur Viral Video,https://www.zplusenews.com/video/bullet-jaipur-viral-video,Yes,No,Yes,Yes,138,Group_89
https://www.zplusenews.com/video/bengal-election-2026-brigade-ground-full,Sitemap,200,Bengal Election 2026 :बंगाल में भगवा सैलाब! 🚩 Brigade Ground Full? | ZPluse News,Watch video news on ZPluse News.,Bengal Election 2026 :बंगाल में भगवा सैलाब! 🚩 Brigade Ground Full?,https://www.zplusenews.com/video/bengal-election-2026-brigade-ground-full,Yes,No,Yes,Yes,3,Group_14
https://www.zplusenews.com/article/horror-muzaffarnagar-12-bonded-labourers-rescued-after-alleged,Sitemap,200,"Horror in Muzaffarnagar: 12 Bonded Labourers Rescued After Alleged Branding, Torture and Pit Bull Surveillance | ZPluse News","Muzaffarnagar: In a shocking case that has exposed the brutal reality of modern-day bonded labour, authorities in Uttar Pradesh’s Muzaffarnagar district rescued","Horror in Muzaffarnagar: 12 Bonded Labourers Rescued After Alleged Branding, Torture and Pit Bull Surveillance",https://www.zplusenews.com/article/horror-muzaffarnagar-12-bonded-labourers-rescued-after-alleged,Yes,Yes,Yes,No,627,
https://www.zplusenews.com/video/breaking-news-today-latest-news-update-2026-news-viral-topnews,Sitemap,200,Breaking News Today | Latest News Update 2026 | #news #viral #topnews #breakingnews #hindinews | ZPluse News,Breaking News Today | Latest News Update 2026 | #news #viral #topnews #breakingnews #hindinews,Breaking News Today | Latest News Update 2026 | #news #viral #topnews #breakingnews #hindinews,https://www.zplusenews.com/video/breaking-news-today-latest-news-update-2026-news-viral-topnews,Yes,No,Yes,Yes,14,Group_90
https://www.zplusenews.com/article/indias-iron-dome-takes-shape-drdo-scores-triple-success-missile,Sitemap,200,India’s Iron Dome Takes Shape: DRDO Scores Triple Success in Missile Defence and Anti-Ship Weapon Trials | ZPluse News,"New Delhi: In a major boost to India’s indigenous defence capabilities, the Defence Research and Development Organisation (DRDO) has successfully conducted thre",India’s Iron Dome Takes Shape: DRDO Scores Triple Success in Missile Defence and Anti-Ship Weapon Trials,https://www.zplusenews.com/article/indias-iron-dome-takes-shape-drdo-scores-triple-success-missile,Yes,Yes,Yes,No,813,
https://www.zplusenews.com/article/andhra-pradeshs-population-push-cm-chandrababu-naidu-announces-30000,Sitemap,200,"Andhra Pradesh’s Population Push: CM Chandrababu Naidu Announces ₹30,000 for Third Child, ₹40,000 for Fourth | ZPluse News","In a dramatic policy shift that reflects growing anxiety over India’s changing demographic future, Andhra Pradesh Chief Minister N. Chandrababu Naidu has announ","Andhra Pradesh’s Population Push: CM Chandrababu Naidu Announces ₹30,000 for Third Child, ₹40,000 for Fourth",https://www.zplusenews.com/article/andhra-pradeshs-population-push-cm-chandrababu-naidu-announces-30000,Yes,Yes,Yes,No,921,
https://www.zplusenews.com/video/-12,Sitemap,200,"छेड़छाड़ के बाद मनचले की सड़क पर पिटाई, कानपुर में बेटी से छेड़छाड़ पर मां ने चप्पलों से कूटा | | ZPluse News",उत्तर प्रदेश के कानपुर (Kanpur News) से एक बड़ी खबर है। बिल्हौर में इंटर कॉलेज के पास एक युवक ने किशोरी के साथ छेड़छाड़ की कोशिश की। युवती की बहादुरी और उसकी मा,"छेड़छाड़ के बाद मनचले की सड़क पर पिटाई, कानपुर में बेटी से छेड़छाड़ पर मां ने चप्पलों से कूटा |",https://www.zplusenews.com/video/-12,Yes,No,Yes,Yes,78,Group_91
https://www.zplusenews.com/video/-7,Sitemap,200,"ब्रेकिंग न्यूज़: कर्नाटक में सियासी भूचाल, अमेरिका-ईरान आमने-सामने! | ZPluse News","आज की इस वीडियो में देखिए देश और दुनिया की 5 सबसे बड़ी खबरें 👇 1️⃣ कर्नाटक की राजनीति में बड़ा सियासी उलटफेर, सत्ता परिवर्तन की अटकलें तेज। 2️⃣ ट्विशा शर्मा के","ब्रेकिंग न्यूज़: कर्नाटक में सियासी भूचाल, अमेरिका-ईरान आमने-सामने!",https://www.zplusenews.com/video/-7,Yes,No,Yes,Yes,120,Group_92
https://www.zplusenews.com/polity,Sitemap,200,Polity News | ZPluse News,"Indian polity and political science news. Parliament, elections, democracy and governance updates.",Polity News,https://www.zplusenews.com/polity,Yes,No,Yes,No,10,
https://www.zplusenews.com/video/leak,Sitemap,200,हिंदू लड़कियों के नंबर Leak करने का आरोप! - कैमरे पर कबूलनामा | ZPluse News,Watch video news on ZPluse News.,हिंदू लड़कियों के नंबर Leak करने का आरोप! - कैमरे पर कबूलनामा,https://www.zplusenews.com/video/leak,Yes,No,Yes,Yes,3,Group_14
https://www.zplusenews.com/article/nitish-kumar-may-move-to-rajya-sabha-bihar-politics-eyes-possible-leadership-shift-1775306569477,Sitemap,200,"Nitish Kumar May Move to Rajya Sabha, Bihar Politics Eyes Possible Leadership Shift | ZPluse News","In Indian politics, surprises are not rare but Bihar might be preparing for one more twist. Strategic Policy & Background Reports from Patna suggest that vetera","Nitish Kumar May Move to Rajya Sabha, Bihar Politics Eyes Possible Leadership Shift",https://www.zplusenews.com/article/nitish-kumar-may-move-to-rajya-sabha-bihar-politics-eyes-possible-leadership-shift-1775306569477,Yes,Yes,Yes,No,254,
https://www.zplusenews.com/video/mary-kom-divorce-war-husband-affairs-mary-5-crore-scam,Sitemap,200,"Mary Kom Divorce War: Husband ने लगाए Affairs के आरोप, Mary ने बोला ₹5 Crore Scam | ZPluse News","Olympic boxing legend Mary Kom और उनके husband Onler Karong के बीच चल रहा divorce अब एक public war बन चुका है. Onler का दावा है कि Mary के secret affairs थे, जब","Mary Kom Divorce War: Husband ने लगाए Affairs के आरोप, Mary ने बोला ₹5 Crore Scam",https://www.zplusenews.com/video/mary-kom-divorce-war-husband-affairs-mary-5-crore-scam,Yes,No,Yes,Yes,67,Group_93
https://www.zplusenews.com/article/teesta-turns-geopolitical-battlefield-bangladeshs-china-bet-challenges,Sitemap,200,Teesta Turns Into a Geopolitical Battlefield: Bangladesh’s China Bet Challenges India’s Strategic Backyard | ZPluse News,"Bangladesh has officially pushed the pedal on its ambitious Teesta River Comprehensive Management and Restoration Project, turning to China for the technical mu",Teesta Turns Into a Geopolitical Battlefield: Bangladesh’s China Bet Challenges India’s Strategic Backyard,https://www.zplusenews.com/article/teesta-turns-geopolitical-battlefield-bangladeshs-china-bet-challenges,Yes,Yes,Yes,No,405,
https://www.zplusenews.com/video/tmc-office-bengal-police-raid,Sitemap,200,ये TMC Office था या कोठा? Bengal Police Raid ! 😱 | ZPluse News,Watch video news on ZPluse News.,ये TMC Office था या कोठा? Bengal Police Raid ! 😱,https://www.zplusenews.com/video/tmc-office-bengal-police-raid,Yes,No,Yes,Yes,3,Group_14
https://www.zplusenews.com/article/automated-test-international-coverage-1774466870986,Sitemap,200,Automated Test: INTERNATIONAL Coverage | ZPluse News,This is a programmatically generated article confirming the international grid functionality successfully renders on the live ZPlus News interface.,Automated Test: INTERNATIONAL Coverage,https://www.zplusenews.com/article/automated-test-international-coverage-1774466870986,Yes,Yes,Yes,No,19,Group_19
https://www.zplusenews.com/article/india-s-island-power-play-why-the-great-nicobar-project-could-redefine-the-bay-of-bengal-and-malacca-strait-1778332091553,Sitemap,200,India’s Island Power Play: Why the Great Nicobar Project Could Redefine the Bay of Bengal and Malacca Strait | ZPluse News,"Far away from Delhi’s political corridors and mainland headlines, India is quietly building what could become one of the most strategically transformative proje",India’s Island Power Play: Why the Great Nicobar Project Could Redefine the Bay of Bengal and Malacca Strait,https://www.zplusenews.com/article/india-s-island-power-play-why-the-great-nicobar-project-could-redefine-the-bay-of-bengal-and-malacca-strait-1778332091553,Yes,Yes,Yes,No,909,
https://www.zplusenews.com/article/neetug-2026-cancelled-rajasthan-leak-allegations-trigger-nationwide,Sitemap,200,NEET-UG 2026 Cancelled: Rajasthan Leak Allegations Trigger Nationwide Shock | ZPluse News,India’s biggest medical entrance examination has been thrown into chaos once again. Strategic Policy & Background The National Testing Agency (NTA) has official,NEET-UG 2026 Cancelled: Rajasthan Leak Allegations Trigger Nationwide Shock,https://www.zplusenews.com/article/neetug-2026-cancelled-rajasthan-leak-allegations-trigger-nationwide,Yes,Yes,Yes,No,796,
https://www.zplusenews.com/article/zojila-light-end-tunnel-historic-breakthrough-brings-ladakh-closer,Sitemap,200,"In Zojila, Light at the End of the Tunnel: Historic Breakthrough Brings Ladakh Closer Than Ever | ZPluse News","Sonamarg: High in the Himalayas, where snowstorms and avalanches have long isolated Ladakh from the rest of the country for months every year, India has achieve","In Zojila, Light at the End of the Tunnel: Historic Breakthrough Brings Ladakh Closer Than Ever",https://www.zplusenews.com/article/zojila-light-end-tunnel-historic-breakthrough-brings-ladakh-closer,Yes,Yes,Yes,No,621,
https://www.zplusenews.com/terms,Sitemap,200,Terms of Service | ZPluse News,"Read the Terms of Service of ZPluse News. Review user conduct guidelines, intellectual property rights, and terms governing our news publication platforms.",Terms of Service,https://www.zplusenews.com/terms,Yes,No,Yes,No,100,
https://www.zplusenews.com/video/iranian-women-dancing-indian-women-crying,Sitemap,200,"ईरान में जश्न, भारत-पाकिस्तान में मातम क्यों? 🤯 Iranian Women are Dancing & Indian Women Crying! 🚨 | ZPluse News","ईरान की महिलाएं अयातुल्ला खामेनेई (Ayatollah Khamenei) की मौत पर अपनी 'आज़ादी' का जश्न मना रही हैं, जबकि भारत (Kashmir) और पाकिस्तान में भारी मातम पसरा है। आखिर","ईरान में जश्न, भारत-पाकिस्तान में मातम क्यों? 🤯 Iranian Women are Dancing & Indian Women Crying! 🚨",https://www.zplusenews.com/video/iranian-women-dancing-indian-women-crying,Yes,No,Yes,Yes,88,Group_88
https://www.zplusenews.com/article/are-the-us-and-iran-finally-talking-the-high-stakes-meeting-in-pakistan-1776080592283,Sitemap,200,Are the US and Iran Finally Talking? The High-Stakes Meeting in Pakistan | ZPluse News,"For anyone following the news, the Strait of Hormuz has felt like a ticking time bomb lately. It's one of the world's most vital waterways, but instead of smoot",Are the US and Iran Finally Talking? The High-Stakes Meeting in Pakistan,https://www.zplusenews.com/article/are-the-us-and-iran-finally-talking-the-high-stakes-meeting-in-pakistan-1776080592283,Yes,Yes,Yes,No,329,
https://www.zplusenews.com/article/the-new-indo-pacific-doctrine-why-the-pentagon-calls-india-indispensable-1774963077027,Sitemap,200,The New Indo-Pacific Doctrine: Why the Pentagon Calls India ‘Indispensable’ | ZPluse News,The language of diplomacy between Washington and New Delhi is shifting from,The New Indo-Pacific Doctrine: Why the Pentagon Calls India ‘Indispensable’,https://www.zplusenews.com/article/the-new-indo-pacific-doctrine-why-the-pentagon-calls-india-indispensable-1774963077027,Yes,Yes,Yes,No,398,
https://www.zplusenews.com/video/-1,Sitemap,200,मध्य प्रदेश में साफ पानी पीने के लिए यह लोग तरस रहे हैं | ZPluse News,"मध्य प्रदेश में साफ पानी पीने के लिए यह लोग तरस रहे हैं, बार-बार डीएम साहब के पास आवेदन देने के बाद भी नहीं हो रही है कोई कार्रवाई।",मध्य प्रदेश में साफ पानी पीने के लिए यह लोग तरस रहे हैं,https://www.zplusenews.com/video/-1,Yes,No,Yes,Yes,29,Group_94
https://www.zplusenews.com/article/india-and-vietnam-draw-closer-new-mous-signal-a-strategic-shift-in-asia-1778180678806,Sitemap,200,India and Vietnam Draw Closer: New MoUs Signal a Strategic Shift in Asia | ZPluse News,"In a rapidly changing Asian geopolitical landscape, India and Vietnam are moving beyond traditional diplomacy and entering a new phase of strategic partnership.",India and Vietnam Draw Closer: New MoUs Signal a Strategic Shift in Asia,https://www.zplusenews.com/article/india-and-vietnam-draw-closer-new-mous-signal-a-strategic-shift-in-asia-1778180678806,Yes,Yes,Yes,No,791,
https://www.zplusenews.com/article/india-draws-a-hard-line-a-quiet-takedown-a-loud-message-1775995218550,Sitemap,200,"India Draws a Hard Line: A Quiet Takedown, A Loud Message | ZPluse News","India draws a hard line and this time, the signal is unmistakable. Strategic Policy & Background In a significant breakthrough near the Myanmar border, Indian a","India Draws a Hard Line: A Quiet Takedown, A Loud Message",https://www.zplusenews.com/article/india-draws-a-hard-line-a-quiet-takedown-a-loud-message-1775995218550,Yes,Yes,Yes,No,205,
https://www.zplusenews.com/video/20-soldiers-dead,Sitemap,200,पाकिस्तान आर्मी बेस पर भयंकर हमला! 🚨 20+ Soldiers Dead | ZPluse News,पाकिस्तान (Pakistan) के साउथ वज़ीरिस्तान (South Waziristan) स्थित वाना बाज़ार के मिलिट्री बेस पर भयंकर आतंकी हमला! इस ज़ोरदार धमाके (Bomb Blast) में 20 से ज़्या,पाकिस्तान आर्मी बेस पर भयंकर हमला! 🚨 20+ Soldiers Dead,https://www.zplusenews.com/video/20-soldiers-dead,Yes,No,Yes,Yes,101,Group_95
https://www.zplusenews.com/video/andhra-pradesh-truck-accident,Sitemap,200,"मदद छोड़, सामान लूटा! 😡 Andhra Pradesh Truck Accident | ZPluse News",आंध्र प्रदेश (Andhra Pradesh) से एक बेहद शर्मनाक और इंसानियत को झकझोर देने वाला वीडियो (Viral Video) सामने आया है। हाईवे पर एक मालवाहक ट्रक का भयानक एक्सीडेंट ह,"मदद छोड़, सामान लूटा! 😡 Andhra Pradesh Truck Accident",https://www.zplusenews.com/video/andhra-pradesh-truck-accident,Yes,No,Yes,Yes,122,Group_96
https://www.zplusenews.com/video/1,Sitemap,200,ऑपरेशन सिंदूर के 1 साल और चुनावी गर्मी! | ZPluse News,ऑपरेशन सिंदूर के 1 साल पूरे | चुनावी माहौल गरम | बड़ी खबर 🔥🗳️ इस वीडियो में जानिए ऑपरेशन सिंदूर के 1 साल पूरे होने पर देशभर में हो रही चर्चा और इसके बीच तेज ह,ऑपरेशन सिंदूर के 1 साल और चुनावी गर्मी!,https://www.zplusenews.com/video/1,Yes,No,Yes,Yes,140,Group_97
https://www.zplusenews.com/article/supreme-court-denies-bail-umar-khalid-again-delhi-riots-case-returns,Sitemap,200,Supreme Court Denies Bail to Umar Khalid Again: Delhi Riots Case Returns to National Spotlight | ZPluse News,"The Supreme Court has once again denied bail to Umar Khalid in the latest hearing related to the 2020 Delhi riots conspiracy case, keeping one of the country’s",Supreme Court Denies Bail to Umar Khalid Again: Delhi Riots Case Returns to National Spotlight,https://www.zplusenews.com/article/supreme-court-denies-bail-umar-khalid-again-delhi-riots-case-returns,Yes,Yes,Yes,No,1871,
https://www.zplusenews.com/video/women-safety-risk,Sitemap,200,लड़कियों के साथ सरेआम बदतमीजी 😡 | Women Safety at Risk! | ZPluse News,"🚨 इस आरोपी की पहचान करने में मदद करें! जागरूकता फैलाने के लिए इस वीडियो को शेयर करें। यह कानूनी और सामाजिक, दोनों रूप से एक गंभीर अपराध है। इस वीडियो में जो दि",लड़कियों के साथ सरेआम बदतमीजी 😡 | Women Safety at Risk!,https://www.zplusenews.com/video/women-safety-risk,Yes,No,Yes,Yes,147,Group_98
https://www.zplusenews.com/article/beijing-summit-trumpxi-meeting-reshapes-global-power-calculations-from,Sitemap,200,The Beijing Summit: Trump–Xi Meeting Reshapes Global Power Calculations From Taiwan to the Middle East | ZPluse News,"In a world increasingly fractured by war, trade tensions, and strategic rivalry, the high-stakes summit between U.S. President Donald Trump and Chinese Presiden",The Beijing Summit: Trump–Xi Meeting Reshapes Global Power Calculations From Taiwan to the Middle East,https://www.zplusenews.com/article/beijing-summit-trumpxi-meeting-reshapes-global-power-calculations-from,Yes,Yes,Yes,No,951,
https://www.zplusenews.com/article/from-fintech-visionary-messaging-giant-cred-founder-kunal-shah-chosen,Sitemap,200,From Fintech Visionary to Messaging Giant: CRED Founder Kunal Shah Chosen to Lead WhatsApp Globally | ZPluse News,"Bengaluru: In one of the most significant leadership moves involving an Indian entrepreneur in global technology, CRED founder Kunal Shah has been appointed to",From Fintech Visionary to Messaging Giant: CRED Founder Kunal Shah Chosen to Lead WhatsApp Globally,https://www.zplusenews.com/article/from-fintech-visionary-messaging-giant-cred-founder-kunal-shah-chosen,Yes,Yes,Yes,No,731,
https://www.zplusenews.com/article/cracks-within-how-tmcs-growing-mp-revolt-could-trigger-biggest,Sitemap,200,The Cracks Within: How TMC’s Growing MP Revolt Could Trigger the Biggest Political Crisis of Mamata Banerjee’s Career | ZPluse News,"Kolkata: For more than a decade, Mamata Banerjee stood as the undisputed center of power in West Bengal politics. She defeated the Left Front’s 34-year rule, re",The Cracks Within: How TMC’s Growing MP Revolt Could Trigger the Biggest Political Crisis of Mamata Banerjee’s Career,https://www.zplusenews.com/article/cracks-within-how-tmcs-growing-mp-revolt-could-trigger-biggest,Yes,Yes,Yes,No,839,
https://www.zplusenews.com/article/e20-fuel-under-scanner-bpcl-debunks-viral-ants-fuel-tank-claim,Sitemap,200,E20 Fuel Under the Scanner: BPCL Debunks Viral ‘Ants in Fuel Tank’ Claim | ZPluse News,"New Delhi: A viral social media video showing ants swarming around a car’s fuel filler cap has sparked widespread concern among vehicle owners, with many users",E20 Fuel Under the Scanner: BPCL Debunks Viral ‘Ants in Fuel Tank’ Claim,https://www.zplusenews.com/article/e20-fuel-under-scanner-bpcl-debunks-viral-ants-fuel-tank-claim,Yes,Yes,Yes,No,636,
https://www.zplusenews.com/article/india-rushes-humanitarian-aid-to-kabul-after-deadly-attack-in-pakistan-region-1775023881678,Sitemap,200,India Rushes Humanitarian Aid to Kabul After Deadly Attack in Pakistan Region | ZPluse News,"India has dispatched urgent humanitarian assistance to Afghanistan’s capital, Kabul, following a wave of instability triggered by a recent attack in Pakistan’s",India Rushes Humanitarian Aid to Kabul After Deadly Attack in Pakistan Region,https://www.zplusenews.com/article/india-rushes-humanitarian-aid-to-kabul-after-deadly-attack-in-pakistan-region-1775023881678,Yes,Yes,Yes,No,317,
https://www.zplusenews.com/article/lvarez-ignites-argentina-rocket-strike-sends-messi-albiceleste-world,Sitemap,200,Álvarez Ignites Argentina: Rocket Strike Sends Messi and Albiceleste into World Cup Semi-finals Houston: | ZPluse News,"Julián Álvarez rediscovered his scoring touch in spectacular fashion, firing a stunning long-range strike as Argentina defeated Switzerland 3-1 to book their pl",Álvarez Ignites Argentina: Rocket Strike Sends Messi and Albiceleste into World Cup Semi-finals Houston:,https://www.zplusenews.com/article/lvarez-ignites-argentina-rocket-strike-sends-messi-albiceleste-world,Yes,Yes,Yes,No,470,
https://www.zplusenews.com/article/double-blow-vedantas-week-reckoning,Sitemap,200,The Double Blow: Vedanta’s Week of Reckoning | ZPluse News,"India’s corporate landscape has been rocked by a turbulent week for Anil Agarwal-led Vedanta Group, which now finds itself battling challenges on two critical f",The Double Blow: Vedanta’s Week of Reckoning,https://www.zplusenews.com/article/double-blow-vedantas-week-reckoning,Yes,Yes,Yes,No,550,
https://www.zplusenews.com/article/celebrity-under-fire-shots-fired-outside-guru-randhawas-delhi-gym,Sitemap,200,Celebrity Under Fire: Shots Fired Outside Guru Randhawa’s Delhi Gym as Bishnoi Gang Claims Responsibility | ZPluse News,New Delhi: A shocking firing incident outside Punjabi singer and actor Guru Randhawa’s fitness center in Delhi has once again raised concerns over the growing r,Celebrity Under Fire: Shots Fired Outside Guru Randhawa’s Delhi Gym as Bishnoi Gang Claims Responsibility,https://www.zplusenews.com/article/celebrity-under-fire-shots-fired-outside-guru-randhawas-delhi-gym,Yes,Yes,Yes,No,572,
https://www.zplusenews.com/video/trendingviralmustwatchwatchnowupdatebignewsshockingexclusive-1,Sitemap,200,#Trending#Viral#MustWatch#WatchNow#Update#BigNews#Shocking#Exclusive | ZPluse News,Breaking News Today | Latest News Update 2026 | #news #viral #topnews #breakingnews #hindinews,#Trending#Viral#MustWatch#WatchNow#Update#BigNews#Shocking#Exclusive,https://www.zplusenews.com/video/trendingviralmustwatchwatchnowupdatebignewsshockingexclusive-1,Yes,No,Yes,Yes,14,Group_90
https://www.zplusenews.com/video/iran-strikes-us-navy-bahrain,Sitemap,200,Iran Strikes US Navy in Bahrain! युद्ध की शुरुआत? | ZPluse News,"🚨 BREAKING: IRAN STRIKES US NAVY! 🇺🇸🇮🇷 ईरान ने बहरीन में स्थित अमेरिकी नौसेना के 5th Fleet मुख्यालय पर भीषण मिसाइल हमला किया है, जो Middle East में तनाव को",Iran Strikes US Navy in Bahrain! युद्ध की शुरुआत?,https://www.zplusenews.com/video/iran-strikes-us-navy-bahrain,Yes,No,Yes,Yes,121,Group_99
https://www.zplusenews.com/article/from-football-icon-financial-empire-sir-david-beckham-becomes-britains,Sitemap,200,From Football Icon to Financial Empire: Sir David Beckham Becomes Britain’s First Billionaire Sportsman | ZPluse News,"Few athletes transcend sport. Key Developments & Background Even fewer become global institutions. Now, David Beckham has reached yet another historic milestone",From Football Icon to Financial Empire: Sir David Beckham Becomes Britain’s First Billionaire Sportsman,https://www.zplusenews.com/article/from-football-icon-financial-empire-sir-david-beckham-becomes-britains,Yes,Yes,Yes,No,861,
https://www.zplusenews.com/video/netaji-bengal-public-actionbulldozer,Sitemap,200,Netaji की धरती जागी! Bengal public का बड़ा action—Bulldozer चलाकर अवैध बस्तियां की साफ़! | ZPluse News,"The people of Bengal, inspired by the legacy of Netaji Subhas Chandra Bose, have taken a stand. Following the change in power, citizens in Kolkata didn't wait f",Netaji की धरती जागी! Bengal public का बड़ा action—Bulldozer चलाकर अवैध बस्तियां की साफ़!,https://www.zplusenews.com/video/netaji-bengal-public-actionbulldozer,Yes,No,Yes,Yes,53,Group_100
https://www.zplusenews.com/video/kargil-war-1999-india-vs-pakistan-operation-vijay,Sitemap,200,Kargil War 1999 | कारगिल युद्ध की पूरी कहानी | India vs Pakistan | Operation Vijay | ZPluse News,"कारगिल युद्ध 1999 भारत के इतिहास का एक निर्णायक अध्याय है। यह युद्ध भारत और पाकिस्तान के बीच लड़ा गया, जिसमें पाकिस्तान ने लाहौर समझौते के बाद धोखे से कारगिल की",Kargil War 1999 | कारगिल युद्ध की पूरी कहानी | India vs Pakistan | Operation Vijay,https://www.zplusenews.com/video/kargil-war-1999-india-vs-pakistan-operation-vijay,Yes,No,Yes,Yes,219,Group_101
https://www.zplusenews.com/video/bjp-workers-attacked-south-24-parganas,Sitemap,200,बंगाल में फिर खूनी खेल! 🚨 BJP Workers Attacked in South 24 Parganas | ZPluse News,पश्चिम बंगाल (West Bengal) के साउथ 24 परगना (South 24 Parganas) जिले से राजनीतिक हिंसा की एक बेहद खौफनाक खबर सामने आई है। कैनिंग वेस्ट विधानसभा क्षेत्र के बांसड,बंगाल में फिर खूनी खेल! 🚨 BJP Workers Attacked in South 24 Parganas,https://www.zplusenews.com/video/bjp-workers-attacked-south-24-parganas,Yes,No,Yes,Yes,126,Group_102
https://www.zplusenews.com/article/colombia-s-blue-shift-trading-oil-for-emerald-waters-1776877280850,Sitemap,200,Colombia’s Blue Shift: Trading Oil for Emerald Waters | ZPluse News,"In a world still debating plastic bans and fossil fuel timelines, Colombia is taking a bold step in a different direction—toward its oceans. Strategic Policy &",Colombia’s Blue Shift: Trading Oil for Emerald Waters,https://www.zplusenews.com/article/colombia-s-blue-shift-trading-oil-for-emerald-waters-1776877280850,Yes,Yes,Yes,No,374,
https://www.zplusenews.com/state-news,Sitemap,200,State News | ZPluse News,"Latest news from Indian states. Regional updates, state politics, governance and local stories.",State News,https://www.zplusenews.com/state-news,Yes,No,Yes,No,10,
https://www.zplusenews.com/article/ufo-files-and-political-theatre-what-s-really-behind-the-disclosure-talk-1775474981259,Sitemap,200,UFO Files and Political Theatre: What’s Really Behind the Disclosure Talk? | ZPluse News,"Are we alone — or has the truth been closer than we think? Key Advancements & Market Impacts In a remark that has reignited global curiosity, former U.S. Presid",UFO Files and Political Theatre: What’s Really Behind the Disclosure Talk?,https://www.zplusenews.com/article/ufo-files-and-political-theatre-what-s-really-behind-the-disclosure-talk-1775474981259,Yes,Yes,Yes,No,325,
https://www.zplusenews.com/article/myanmar-s-political-shift-reform-rebranding-or-real-change-1776877092514,Sitemap,200,"Myanmar’s Political Shift: Reform, Rebranding or Real Change? | ZPluse News","If you’ve been following global headlines, Myanmar has been navigating a turbulent political phase—one that resembles a rollercoaster yet to find its brakes. As","Myanmar’s Political Shift: Reform, Rebranding or Real Change?",https://www.zplusenews.com/article/myanmar-s-political-shift-reform-rebranding-or-real-change-1776877092514,Yes,Yes,Yes,No,406,
https://www.zplusenews.com/article/bengal-s-political-battle-heats-up-bjp-vs-tmc-power-tussle-ahead-of-assembly-polls-1775306285075,Sitemap,200,Bengal’s Political Battle Heats Up: BJP vs TMC Power Tussle Ahead of Assembly Polls | ZPluse News,"As the next West Bengal Legislative Assembly election approaches, the political atmosphere across West Bengal is beginning to heat up once again. Streets in Kol",Bengal’s Political Battle Heats Up: BJP vs TMC Power Tussle Ahead of Assembly Polls,https://www.zplusenews.com/article/bengal-s-political-battle-heats-up-bjp-vs-tmc-power-tussle-ahead-of-assembly-polls-1775306285075,Yes,Yes,Yes,No,601,Group_50
https://www.zplusenews.com/video/bjp-bengal,Sitemap,200,बंगाल में भाजपा की जीत के बाद बड़ा बदलाव? - BJP in Bengal | ZPluse News,"बंगाल में भाजपा जीतने के बाद क्या बदलाव हो सकते हैं? इस वीडियो में West Bengal politics, BJP vs TMC, ground reality, जनता की सोच और आने वाले चुनावों पर चर्चा की",बंगाल में भाजपा की जीत के बाद बड़ा बदलाव? - BJP in Bengal,https://www.zplusenews.com/video/bjp-bengal,Yes,No,Yes,Yes,62,Group_103
https://www.zplusenews.com/article/tragedy-jorhat-five-iaf-personnel-including-two-agniveers-killed-an32,Sitemap,200,"Tragedy at Jorhat: Five IAF Personnel, Including Two Agniveers, Killed in AN-32 Crash; Air Force Orders Probe | ZPluse News",New Delhi: The Indian Air Force (IAF) suffered a major loss on Saturday after an AN-32 transport aircraft crashed while attempting to land at the Jorhat Air For,"Tragedy at Jorhat: Five IAF Personnel, Including Two Agniveers, Killed in AN-32 Crash; Air Force Orders Probe",https://www.zplusenews.com/article/tragedy-jorhat-five-iaf-personnel-including-two-agniveers-killed-an32,Yes,Yes,Yes,No,546,
https://www.zplusenews.com/video/hindinews-viral-news-topnews-latestnews,Sitemap,200,#hindinews #viral #news #topnews #latestnews | ZPluse News,"🔥 Breaking News Today | Latest News Update 2026 | Big Update You Must Know! Stay updated with the latest breaking news happening right now! In this video, we b",#hindinews #viral #news #topnews #latestnews,https://www.zplusenews.com/video/hindinews-viral-news-topnews-latestnews,Yes,No,Yes,Yes,157,Group_104
https://www.zplusenews.com/article/automated-test-environment-coverage-1774466461455,Sitemap,200,Automated Test: ENVIRONMENT Coverage | ZPluse News,This is a programmatically generated article confirming the environment grid functionality successfully renders on the live ZPlus News interface.,Automated Test: ENVIRONMENT Coverage,https://www.zplusenews.com/article/automated-test-environment-coverage-1774466461455,Yes,Yes,Yes,No,19,Group_62
https://www.zplusenews.com/video/-11,Sitemap,200,बजरंग दल ने एक होटल में एक मुस्लिम को एक हिंदू लड़की के साथ फर्जी आईडी का इस्तेमाल करते हुए पकड़ा। | ZPluse News,मध्य प्रदेश के भोपाल में एक होटल के अंदर पहचान छिपाने का एक बेहद गंभीर और सनसनीखेज मामला सामने आया है। बजरंग दल (Bajrang Dal) के कार्यकर्ताओं ने एक होटल में छाप,बजरंग दल ने एक होटल में एक मुस्लिम को एक हिंदू लड़की के साथ फर्जी आईडी का इस्तेमाल करते हुए पकड़ा।,https://www.zplusenews.com/video/-11,Yes,No,Yes,Yes,177,Group_105
https://www.zplusenews.com/video/kolkata-police-massive-crackdown-park-circus-1,Sitemap,200,Kolkata Police Massive Crackdown in Park Circus! 🚨 सिर्फ 1 घंटे में एक्शन | ZPluse News,"सिर्फ एक घंटे से भी कम समय में Kolkata Police का massive crackdown! पार्क सर्कस इलाके में जिन भी आरोपी पत्थरबाजों ने अराजकता फैलाई थी, उन्हें उनकी बस्तियों से न",Kolkata Police Massive Crackdown in Park Circus! 🚨 सिर्फ 1 घंटे में एक्शन,https://www.zplusenews.com/video/kolkata-police-massive-crackdown-park-circus-1,Yes,No,Yes,Yes,56,Group_106
https://www.zplusenews.com/article/end-era-lutyens-delhi-centre-takes-possession-historic-jaipur-polo,Sitemap,200,End of an Era in Lutyens’ Delhi: Centre Takes Possession of Historic Jaipur Polo Ground | ZPluse News,"New Delhi: In a significant move that could reshape the landscape of Lutyens’ Delhi, the Central Government has officially taken physical possession of the hist",End of an Era in Lutyens’ Delhi: Centre Takes Possession of Historic Jaipur Polo Ground,https://www.zplusenews.com/article/end-era-lutyens-delhi-centre-takes-possession-historic-jaipur-polo,Yes,Yes,Yes,No,631,
https://www.zplusenews.com/article/chaos-at-us-missions-karachi-consulate-stormed-baghdad-embassy-protests-rage,Sitemap,200,"Chaos at US Missions: Karachi Consulate Stormed, Baghdad Embassy Protests Rage | ZPluse News","Karachi; Hundreds of enraged protesters, fuelled by outrage over the reported killing of Iran’s Supreme Leader Ayatollah Ali Khamenei in a joint U.S.–Israeli st","Chaos at US Missions: Karachi Consulate Stormed, Baghdad Embassy Protests Rage",https://www.zplusenews.com/article/chaos-at-us-missions-karachi-consulate-stormed-baghdad-embassy-protests-rage,Yes,Yes,Yes,No,194,
https://www.zplusenews.com/article/from-goonda-raj-to-bulldozer-baba-the-changing-narrative-of-uttar-pradesh,Sitemap,200,From ‘Goonda Raj’ to ‘Bulldozer Baba’: The Changing Narrative of Uttar Pradesh | ZPluse News,From ‘Goonda Raj’ to ‘Bulldozer Baba’: The Changing Narrative of Uttar Pradesh Lucknow | Special Correspondent “From ‘goonda raj’ headlines to ‘bulldozer baba’,From ‘Goonda Raj’ to ‘Bulldozer Baba’: The Changing Narrative of Uttar Pradesh,https://www.zplusenews.com/article/from-goonda-raj-to-bulldozer-baba-the-changing-narrative-of-uttar-pradesh,Yes,Yes,Yes,No,324,
https://www.zplusenews.com/video/international-kite-festival-2026-ahmedabad-pm-modi-inaugurates,Sitemap,200,International Kite Festival 2026 Ahmedabad – PM Modi Inaugurates | Uttarayan Highlights | ZPluse News,"📍 International Kite Festival Ahmedabad 2026 at Sabarmati Riverfront, Gujarat 📅 12–14 January 2026 — Part of Uttarayan / Makar Sankranti celebrations. ikf.guj",International Kite Festival 2026 Ahmedabad – PM Modi Inaugurates | Uttarayan Highlights,https://www.zplusenews.com/video/international-kite-festival-2026-ahmedabad-pm-modi-inaugurates,Yes,No,Yes,Yes,135,Group_107
https://www.zplusenews.com/video/tmc-rbi,Sitemap,200,"बिहार अस्पताल अग्निकांड, अन्नामलाई का इस्तीफा, TMC में बगावत, RBI का बड़ा फैसला! | ZPluse News","और दुनिया की 5 सबसे बड़ी खबरें: 🔥 बिहार के एक निजी अस्पताल में भीषण आग लगने से 10 मरीजों की दर्दनाक मौत, राहत और बचाव कार्य जारी। 🏛️ तमिलनाडु बीजेपी अध्यक्ष क","बिहार अस्पताल अग्निकांड, अन्नामलाई का इस्तीफा, TMC में बगावत, RBI का बड़ा फैसला!",https://www.zplusenews.com/video/tmc-rbi,Yes,No,Yes,Yes,145,Group_108
https://www.zplusenews.com/latest,Sitemap,200,Latest News | ZPluse News,"Latest breaking news from India. Most recent news updates, top stories and current affairs.",Latest News,https://www.zplusenews.com/latest,Yes,No,Yes,No,379,
https://www.zplusenews.com/article/venom-road-cobra-halts-bengaluru-traffic-30-minutes-busy-palace-road,Sitemap,200,Venom on the Road: Cobra Halts Bengaluru Traffic for 30 Minutes on Busy Palace Road | ZPluse News,"Bengaluru: Morning commuters in Bengaluru witnessed an extraordinary scene after a cobra slithered onto the bustling Palace Road, bringing traffic to a complete",Venom on the Road: Cobra Halts Bengaluru Traffic for 30 Minutes on Busy Palace Road,https://www.zplusenews.com/article/venom-road-cobra-halts-bengaluru-traffic-30-minutes-busy-palace-road,Yes,Yes,Yes,No,367,
https://www.zplusenews.com/article/nautapa-heatwave-grips-india-temperatures-soar-across-northern-central,Sitemap,200,Nautapa Heatwave Grips India as Temperatures Soar Across Northern and Central States | ZPluse News,"India is once again witnessing the intense and feared period of “Nautapa,” the traditional nine-day heat cycle that is often associated with some of the harshes",Nautapa Heatwave Grips India as Temperatures Soar Across Northern and Central States,https://www.zplusenews.com/article/nautapa-heatwave-grips-india-temperatures-soar-across-northern-central,Yes,Yes,Yes,No,872,
https://www.zplusenews.com/article/washington-s-direct-line-to-kathmandu-sergio-gor-s-strategic-visit-1777026872864,Sitemap,200,Washington’s Direct Line to Kathmandu: Sergio Gor’s Strategic Visit | ZPluse News,The arrival of Sergio Gor in Kathmandu on April 30 is more than a routine diplomatic visit—it signals a calculated move by Washington to re-engage with Nepal at,Washington’s Direct Line to Kathmandu: Sergio Gor’s Strategic Visit,https://www.zplusenews.com/article/washington-s-direct-line-to-kathmandu-sergio-gor-s-strategic-visit-1777026872864,Yes,Yes,Yes,No,421,
https://www.zplusenews.com/article/the-assam-model-bjp-s-historic-hat-trick-and-the-rise-of-himanta-biswa-sarma-1777982436536,Sitemap,200,The Assam Model: BJP’s Historic Hat-Trick and the Rise of Himanta Biswa Sarma | ZPluse News,"In the shifting landscape of Indian politics, few stories are as striking as the Bharatiya Janata Party’s (BJP) sustained dominance in Assam. With a historic th",The Assam Model: BJP’s Historic Hat-Trick and the Rise of Himanta Biswa Sarma,https://www.zplusenews.com/article/the-assam-model-bjp-s-historic-hat-trick-and-the-rise-of-himanta-biswa-sarma-1777982436536,Yes,Yes,Yes,No,601,
https://www.zplusenews.com/video/25-happened-india,Sitemap,200,पाकिस्तान में नमाज़ी को 25 फीट से फेंका! 😡 If this happened in India... | ZPluse News,पाकिस्तान (Pakistan) के इस्लामाबाद से सामने आए एक वायरल वीडियो ने पूरी दुनिया में इस्लामी मुल्क के पाखंड की पोल खोल दी है। वीडियो में एक पाकिस्तानी रेंजर (Pakis,पाकिस्तान में नमाज़ी को 25 फीट से फेंका! 😡 If this happened in India...,https://www.zplusenews.com/video/25-happened-india,Yes,No,Yes,Yes,135,Group_109
https://www.zplusenews.com/article/end-era-historic-delhi-gymkhana-club-faces-eviction-notice-amid-power,Sitemap,200,End of an Era? Historic Delhi Gymkhana Club Faces Eviction Notice Amid Power Struggle and Legacy Debate | ZPluse News,"New Delhi’s iconic Gymkhana Club, once considered one of the most powerful and exclusive institutions in India’s capital, has found itself at the center of a dr",End of an Era? Historic Delhi Gymkhana Club Faces Eviction Notice Amid Power Struggle and Legacy Debate,https://www.zplusenews.com/article/end-era-historic-delhi-gymkhana-club-faces-eviction-notice-amid-power,Yes,Yes,Yes,No,905,
https://www.zplusenews.com/video/jee-counselling-heatwave,Sitemap,200,"बड़ी खबरें: ट्रंप, सुप्रीम कोर्ट, JEE Counselling और Heatwave | ZPluse News","भारत और दुनिया की आज की बड़ी खबरों में देखिए — US डोनाल्ड ट्रंप के बयान के बाद रुपये में आई मजबूती, ⚖️ जाति जनगणना को लेकर सुप्रीम कोर्ट का अहम फैसला, 🎓 JEE पर","बड़ी खबरें: ट्रंप, सुप्रीम कोर्ट, JEE Counselling और Heatwave",https://www.zplusenews.com/video/jee-counselling-heatwave,Yes,No,Yes,Yes,104,Group_110
https://www.zplusenews.com/article/power-protection-and-crackdown-tamil-nadu-cm-vijay-unveils-three-big-priorities-on-day-one-1778426456424,Sitemap,200,"Power, Protection and Crackdown: Tamil Nadu CM Vijay Unveils Three Big Priorities on Day One | ZPluse News","Tamil Nadu’s new Chief Minister Vijay wasted little time signaling the direction of his government. Strategic Policy & Background Within hours of taking oath, V","Power, Protection and Crackdown: Tamil Nadu CM Vijay Unveils Three Big Priorities on Day One",https://www.zplusenews.com/article/power-protection-and-crackdown-tamil-nadu-cm-vijay-unveils-three-big-priorities-on-day-one-1778426456424,Yes,Yes,Yes,No,825,
https://www.zplusenews.com/article/yogi-adityanath-s-japan-outreach-11-000-crore-mous-mark-strategic-push-1775476138399,Sitemap,200,"Yogi Adityanath’s Japan Outreach: ₹11,000 Crore MoUs Mark Strategic Push | ZPluse News","Uttar Pradesh Chief Minister Yogi Adityanath is in Japan this week on a high-stakes diplomatic and economic mission, seeking to transform the northern Indian st","Yogi Adityanath’s Japan Outreach: ₹11,000 Crore MoUs Mark Strategic Push",https://www.zplusenews.com/article/yogi-adityanath-s-japan-outreach-11-000-crore-mous-mark-strategic-push-1775476138399,Yes,Yes,Yes,No,362,
https://www.zplusenews.com/article/bloodbath-behind-bars-sri-lanka-prison-clashes-leave-25-dead-over-100,Sitemap,200,"Bloodbath Behind Bars: Sri Lanka Prison Clashes Leave 25 Dead, Over 100 Injured | ZPluse News",Colombo: One of the deadliest prison riots in Sri Lanka’s recent history unfolded at Negombo Prison as violent clashes between inmates escalated into a full-sca,"Bloodbath Behind Bars: Sri Lanka Prison Clashes Leave 25 Dead, Over 100 Injured",https://www.zplusenews.com/article/bloodbath-behind-bars-sri-lanka-prison-clashes-leave-25-dead-over-100,Yes,Yes,Yes,No,629,
https://www.zplusenews.com/article/amit-shah-announces-tough-new-border-security-policy-pakistan,Sitemap,200,"Amit Shah Announces Tough New Border Security Policy for Pakistan and Bangladesh Frontiers, AI and Drone Surveillance to Lead Next-Gen Defence Grid | ZPluse News","Union Home Minister Amit Shah has announced a major overhaul of India’s border security strategy along the Pakistan and Bangladesh frontiers, unveiling a toughe","Amit Shah Announces Tough New Border Security Policy for Pakistan and Bangladesh Frontiers, AI and Drone Surveillance to Lead Next-Gen Defence Grid",https://www.zplusenews.com/article/amit-shah-announces-tough-new-border-security-policy-pakistan,Yes,Yes,Yes,No,1050,
https://www.zplusenews.com/article/indias-oil-security-strategy-action-russian-uae-crude-imports-surge,Sitemap,200,India’s Oil Security Strategy in Action: Russian and UAE Crude Imports Surge Amid Hormuz Uncertainty | ZPluse News,"New Delhi: As geopolitical tensions continue to cast a shadow over global energy markets, India has moved decisively to strengthen its energy security by sharpl",India’s Oil Security Strategy in Action: Russian and UAE Crude Imports Surge Amid Hormuz Uncertainty,https://www.zplusenews.com/article/indias-oil-security-strategy-action-russian-uae-crude-imports-surge,Yes,Yes,Yes,No,832,
https://www.zplusenews.com/video/7-train,Sitemap,200,मोहम्मद ने छेड़ा 7 साल की बच्ची को - Train में मचा हड़कंप | ZPluse News,Watch video news on ZPluse News.,मोहम्मद ने छेड़ा 7 साल की बच्ची को - Train में मचा हड़कंप,https://www.zplusenews.com/video/7-train,Yes,No,Yes,Yes,3,Group_14
https://www.zplusenews.com/article/the-great-uniform-swap-min-aung-hlaing-eyes-the-presidency-1774930817301,Sitemap,200,The Great Uniform Swap: Min Aung Hlaing Eyes the Presidency | ZPluse News,"In a move that surprised absolutely no one, Myanmar’s junta chief, Senior General Min Aung Hlaing, has been officially nominated for the presidency. After five",The Great Uniform Swap: Min Aung Hlaing Eyes the Presidency,https://www.zplusenews.com/article/the-great-uniform-swap-min-aung-hlaing-eyes-the-presidency-1774930817301,Yes,Yes,Yes,No,354,
https://www.zplusenews.com/article/fingerprint-scanner-every-pocket-new-mobile-app-gives-police-instant,Sitemap,200,Fingerprint Scanner in Every Pocket: New Mobile App Gives Police Instant Biometric Identification Power | ZPluse News,"New Delhi: In a major technological upgrade for India’s law enforcement and investigative agencies, police personnel and probe agencies are set to gain access t",Fingerprint Scanner in Every Pocket: New Mobile App Gives Police Instant Biometric Identification Power,https://www.zplusenews.com/article/fingerprint-scanner-every-pocket-new-mobile-app-gives-police-instant,Yes,Yes,Yes,No,642,
https://www.zplusenews.com/article/ladakh-frontline-update-infrastructure-push-and-strategic-balancing-in-april-2026-1777384368785,Sitemap,200,Ladakh Frontline Update: Infrastructure Push and Strategic Balancing in April 2026 | ZPluse News,"The situation in Ladakh continues to reflect a high-stakes balancing act. While frontline military tensions have eased following earlier disengagement efforts,",Ladakh Frontline Update: Infrastructure Push and Strategic Balancing in April 2026,https://www.zplusenews.com/article/ladakh-frontline-update-infrastructure-push-and-strategic-balancing-in-april-2026-1777384368785,Yes,Yes,Yes,No,509,
https://www.zplusenews.com/article/famous-temples-uttarakhand-spiritual-journey-through-devbhoomi,Sitemap,200,Famous Temples in Uttarakhand – A Spiritual Journey Through Devbhoomi | ZPluse News,"Uttarakhand, often referred to as Devbhoomi or the",Famous Temples in Uttarakhand – A Spiritual Journey Through Devbhoomi,https://www.zplusenews.com/article/famous-temples-uttarakhand-spiritual-journey-through-devbhoomi,Yes,Yes,Yes,No,834,
https://www.zplusenews.com/video/devbhoomi-uttarakhand,Sitemap,200,मसूरी के जंगलों में अवैध मजारें! 🚨 Devbhoomi Uttarakhand में अतिक्रमण! 😡 | ZPluse News,देवभूमि उत्तराखंड (Uttarakhand) के मसूरी (Mussoorie) के घने जंगलों में दर्जनों अवैध मजारें (Illegal Mazaars) बनाए जाने का सनसनीखेज मामला सामने आया है। इस बड़े अ,मसूरी के जंगलों में अवैध मजारें! 🚨 Devbhoomi Uttarakhand में अतिक्रमण! 😡,https://www.zplusenews.com/video/devbhoomi-uttarakhand,Yes,No,Yes,Yes,110,Group_111
https://www.zplusenews.com/article/india-s-lpg-crisis-a-wake-up-call-for-energy-security-1777119874456,Sitemap,200,India’s LPG Crisis: A Wake-Up Call for Energy Security | ZPluse News,India is currently facing a growing challenge in the form of an LPG (Liquefied Petroleum Gas) crisis. While LPG has become a primary cooking fuel for millions o,India’s LPG Crisis: A Wake-Up Call for Energy Security,https://www.zplusenews.com/article/india-s-lpg-crisis-a-wake-up-call-for-energy-security-1777119874456,Yes,Yes,Yes,No,247,
https://www.zplusenews.com/video/superpower-bangladeshs-new-medical-miracle,Sitemap,200,"मिलिए ढाका के इस नए 'चमत्कारी' बाबा से, Superpower Bangladesh's New Medical Miracle? 🤯😂 | ZPluse News","मिलिए ढाका (Dhaka, Bangladesh) के इस नए 'चमत्कारी' बाबा से, जिनका दावा है कि ये अपनी उंगली के टच से कोई भी बीमारी ठीक कर सकते हैं! Watch how this cleric in a Ba","मिलिए ढाका के इस नए 'चमत्कारी' बाबा से, Superpower Bangladesh's New Medical Miracle? 🤯😂",https://www.zplusenews.com/video/superpower-bangladeshs-new-medical-miracle,Yes,No,Yes,Yes,68,Group_112
https://www.zplusenews.com/video/indian-passport-ranking-2026-good-news-bad-news-henley-passport-index,Sitemap,200,Indian Passport Ranking 2026: Good News or Bad News? ✈️ - Henley Passport Index | ZPluse News,Indian Passport Ranking 2026 Update: भारत की पासपोर्ट रैंकिंग अब 75वें स्थान पर आ गई है (Henley Passport Index 2026)। लेकिन क्या आप जानते हैं कि हमने 2 देशों का,Indian Passport Ranking 2026: Good News or Bad News? ✈️ - Henley Passport Index,https://www.zplusenews.com/video/indian-passport-ranking-2026-good-news-bad-news-henley-passport-index,Yes,No,Yes,Yes,77,Group_113
https://www.zplusenews.com/article/strait-of-hormuz-a-new-order-emerges-in-a-critical-chokepoint-1775543526739,Sitemap,200,Strait of Hormuz: A New Order Emerges in a Critical Chokepoint | ZPluse News,"The statement that the Strait of Hormuz will never return to its previous order marks a significant geopolitical shift, reflecting a transformation in how one o",Strait of Hormuz: A New Order Emerges in a Critical Chokepoint,https://www.zplusenews.com/article/strait-of-hormuz-a-new-order-emerges-in-a-critical-chokepoint-1775543526739,Yes,Yes,Yes,No,375,
https://www.zplusenews.com/article/from-retaliation-to-regional-shake-up-iran-s-strike-wave-and-the-new-great-power-chessboard-1775713002132,Sitemap,200,"From Retaliation to Regional Shake-Up, Iran’s Strike Wave and the New Great Power Chessboard | ZPluse News","In the span of a few days, what many hoped would be a limited conflict between Tehran, Washington, and Tel Aviv has expanded into something far broader, drawing","From Retaliation to Regional Shake-Up, Iran’s Strike Wave and the New Great Power Chessboard",https://www.zplusenews.com/article/from-retaliation-to-regional-shake-up-iran-s-strike-wave-and-the-new-great-power-chessboard-1775713002132,Yes,Yes,Yes,No,364,Group_33
https://www.zplusenews.com/video/bengal-elections-2026-bjptmc,Sitemap,200,Bengal Elections 2026: BJP-TMC में भयंकर झड़प! 😱 | ZPluse News,पश्चिम बंगाल चुनाव 2026 (West Bengal Elections 2026) से पहले भड़की राजनीतिक हिंसा! बीजेपी (BJP) ने आरोप लगाया है कि उनकी 'परिवर्तन यात्रा' और रैलियों में जा रहे,Bengal Elections 2026: BJP-TMC में भयंकर झड़प! 😱,https://www.zplusenews.com/video/bengal-elections-2026-bjptmc,Yes,No,Yes,Yes,124,Group_114
https://www.zplusenews.com/video/pm-modi-latest-news-covid-reminder-pm-modis-rundown-middle-east-war,Sitemap,200,PM Modi Latest News | A Covid Reminder In PM Modi's Rundown Of Middle East War Impact On India | ZPluse News,"Drawing a parallel between the COVID-19 pandemic and the current geopolitical situation because of the war in the Middle East, Prime Minister Narendra Modi toda",PM Modi Latest News | A Covid Reminder In PM Modi's Rundown Of Middle East War Impact On India,https://www.zplusenews.com/video/pm-modi-latest-news-covid-reminder-pm-modis-rundown-middle-east-war,Yes,No,Yes,Yes,291,Group_115
https://www.zplusenews.com/contact,Sitemap,200,"ZPluse News | Breaking News, Latest India News, National & International Updates","ZPluse News is India's leading digital platform for breaking news, latest national updates, politics, business trends, defense, technology and state news.",,https://www.zplusenews.com/contact,Yes,No,Yes,No,0,Group_46
https://www.zplusenews.com/video/breaking-news-today-top-headlines-zpluse-newsnews-viralvideo-hindinews,Sitemap,200,“Breaking News Today | Top Headlines | ZPluse News”#news #viralvideo #hindinews | ZPluse News,“Breaking News Today | Top Headlines | ZPlus News”#news #viral #hindinews #breakingnews #breaking #news,“Breaking News Today | Top Headlines | ZPluse News”#news #viralvideo #hindinews,https://www.zplusenews.com/video/breaking-news-today-top-headlines-zpluse-newsnews-viralvideo-hindinews,Yes,No,Yes,Yes,14,Group_116
https://www.zplusenews.com/video/deputy-cm-nishant-politics,Sitemap,200,बिहार का अगला Deputy CM कौन? नीतीश कुमार का सबसे बड़ा खेल - Nishant in Politics? | ZPluse News,बिहार (Bihar) की राजनीति में बड़ा भूचाल! क्या सीएम नीतीश कुमार (Nitish Kumar) अब सत्ता की चाबी अपने बेटे निशांत कुमार (Nishant Kumar) को सौंपने जा रहे हैं? ताज़,बिहार का अगला Deputy CM कौन? नीतीश कुमार का सबसे बड़ा खेल - Nishant in Politics?,https://www.zplusenews.com/video/deputy-cm-nishant-politics,Yes,No,Yes,Yes,99,Group_117
https://www.zplusenews.com/article/reverse-migration-begins-from-bengal-bangladesh-after-strict-policy,Sitemap,200,Reverse Migration Begins from Bengal to Bangladesh After Strict Policy Changes by Adhikari Government | ZPluse News,Kolkata: West Bengal is witnessing a dramatic and politically explosive shift in migration patterns after the newly formed government under Chief Minister Suven,Reverse Migration Begins from Bengal to Bangladesh After Strict Policy Changes by Adhikari Government,https://www.zplusenews.com/article/reverse-migration-begins-from-bengal-bangladesh-after-strict-policy,Yes,Yes,Yes,No,848,
https://www.zplusenews.com/fake-news,Sitemap,200,Fact Check & Fake News | ZPluse News,"Fact-check and fake news busting. Verify viral news, misinformation and rumours from India.",Fact Check & Fake News,https://www.zplusenews.com/fake-news,Yes,No,Yes,No,10,
https://www.zplusenews.com/article/from-retaliation-to-regional-shake-up-iran-s-strike-wave-and-the-new-great-power-chessboard-1775994819899,Sitemap,200,"From Retaliation to Regional Shake-Up, Iran’s Strike Wave and the New Great Power Chessboard | ZPluse News","In the span of a few days, what many hoped would be a limited conflict between Tehran, Washington, and Tel Aviv has expanded into something far broader, drawing","From Retaliation to Regional Shake-Up, Iran’s Strike Wave and the New Great Power Chessboard",https://www.zplusenews.com/article/from-retaliation-to-regional-shake-up-iran-s-strike-wave-and-the-new-great-power-chessboard-1775994819899,Yes,Yes,Yes,No,364,Group_33
https://www.zplusenews.com/others,Sitemap,200,Other News | ZPluse News,Latest news and updates from ZPluse News covering various topics and categories.,Other News,https://www.zplusenews.com/others,Yes,No,Yes,No,10,
https://www.zplusenews.com/article/tragedy-vietnam-15-indian-tourists-killed-after-speedboat-capsizes,Sitemap,200,Tragedy in Vietnam: 15 Indian Tourists Killed After Speedboat Capsizes Near Phu Quoc Island | ZPluse News,"A joyous holiday turned into a devastating tragedy after a speedboat carrying Indian tourists capsized off Vietnam’s popular Phu Quoc Island, leaving 15 Indian",Tragedy in Vietnam: 15 Indian Tourists Killed After Speedboat Capsizes Near Phu Quoc Island,https://www.zplusenews.com/article/tragedy-vietnam-15-indian-tourists-killed-after-speedboat-capsizes,Yes,Yes,Yes,No,411,
https://www.zplusenews.com/article/passport-proof-citizenship-clarifies-centre-amid-growing-legal-debate,Sitemap,200,"Passport Is Not Proof of Citizenship, Clarifies Centre Amid Growing Legal Debate | ZPluse News",New Delhi: The Ministry of External Affairs (MEA) has clarified that an Indian passport should be regarded as a travel document and not as conclusive proof of I,"Passport Is Not Proof of Citizenship, Clarifies Centre Amid Growing Legal Debate",https://www.zplusenews.com/article/passport-proof-citizenship-clarifies-centre-amid-growing-legal-debate,Yes,Yes,Yes,No,722,
https://www.zplusenews.com/article/congress-power-struggle-karnataka-reaches-delhi-siddaramaiahdk,Sitemap,200,Congress Power Struggle in Karnataka Reaches Delhi as Siddaramaiah–DK Shivakumar Rivalry Intensifies | ZPluse News,"The simmering power tussle inside the Karnataka Congress government has now reached the national capital, exposing growing tensions between Chief Minister Sidda",Congress Power Struggle in Karnataka Reaches Delhi as Siddaramaiah–DK Shivakumar Rivalry Intensifies,https://www.zplusenews.com/article/congress-power-struggle-karnataka-reaches-delhi-siddaramaiahdk,Yes,Yes,Yes,No,823,
https://www.zplusenews.com/article/chaos-at-the-hilton-white-house-correspondents-dinner-turns-into-security-scare-1777383820713,Sitemap,200,Chaos at the Hilton: White House Correspondents’ Dinner Turns Into Security Scare | ZPluse News,"What was meant to be an evening of humor, glamour, and political satire quickly descended into chaos at the White House Correspondents’ Dinner in Washington, D.",Chaos at the Hilton: White House Correspondents’ Dinner Turns Into Security Scare,https://www.zplusenews.com/article/chaos-at-the-hilton-white-house-correspondents-dinner-turns-into-security-scare-1777383820713,Yes,Yes,Yes,No,454,
https://www.zplusenews.com/article/rise-15yearold-sixhitting-monster-vaibhav-sooryavanshi-becomes,Sitemap,200,The Rise of a 15-Year-Old Six-Hitting Monster: Vaibhav Sooryavanshi Becomes Cricket’s New Power Sensation | ZPluse News,"Indian cricket may have discovered its newest teenage phenomenon. Key Developments & Background At just 15 years old, Vaibhav Sooryavanshi is already creating w",The Rise of a 15-Year-Old Six-Hitting Monster: Vaibhav Sooryavanshi Becomes Cricket’s New Power Sensation,https://www.zplusenews.com/article/rise-15yearold-sixhitting-monster-vaibhav-sooryavanshi-becomes,Yes,Yes,Yes,No,906,
https://www.zplusenews.com/article/modis-fivenation-diplomatic-marathon-countries-his-route-what-india,Sitemap,200,Modi’s Five-Nation Diplomatic Marathon: The Countries on His Route and What India Wants From Each Visit | ZPluse News,"Prime Minister Narendra Modi is currently undertaking one of the most strategically significant foreign tours of recent years, visiting a series of key countrie",Modi’s Five-Nation Diplomatic Marathon: The Countries on His Route and What India Wants From Each Visit,https://www.zplusenews.com/article/modis-fivenation-diplomatic-marathon-countries-his-route-what-india,Yes,Yes,Yes,No,1039,
https://www.zplusenews.com/video/system-failed,Sitemap,200,System Failed! 🚨 सड़क पर रोती बच्ची और खामोश यूपी पुलिस! | ZPluse News,"उत्तर प्रदेश (Uttar Pradesh) के मथुरा (Mathura) से एक ऐसा रूह कंपा देने वाला वीडियो सामने आया है, जिसने पूरे समाज और सिस्टम की संवेदनहीनता की पोल खोल कर रख दी ह",System Failed! 🚨 सड़क पर रोती बच्ची और खामोश यूपी पुलिस!,https://www.zplusenews.com/video/system-failed,Yes,No,Yes,Yes,123,Group_118
https://www.zplusenews.com/video/48-hours-ground-report,Sitemap,200,सियालदह का सच: सिर्फ 48 Hours में कैसे चमका स्टेशन? | Ground Report | ZPluse News,"In this exclusive ground report, we decode the sudden transformation of Kolkata's Sealdah Station following the change in Bengal's government. Is this a permane",सियालदह का सच: सिर्फ 48 Hours में कैसे चमका स्टेशन? | Ground Report,https://www.zplusenews.com/video/48-hours-ground-report,Yes,No,Yes,Yes,58,Group_119
https://www.zplusenews.com/article/abraham-accords-middle-east-agreement-changed-regional-politics,Sitemap,200,The Abraham Accords: The Middle East Agreement That Changed Regional Politics | ZPluse News,The Abraham Accords represent one of the most significant diplomatic breakthroughs in modern Middle Eastern history. Signed in 2020 under the mediation of the U,The Abraham Accords: The Middle East Agreement That Changed Regional Politics,https://www.zplusenews.com/article/abraham-accords-middle-east-agreement-changed-regional-politics,Yes,Yes,Yes,No,924,
https://www.zplusenews.com/article/rupee-under-pressure-indian-currency-hits-record-low-against-the-u-s-dollar,Sitemap,200,Rupee Under Pressure: Indian Currency Hits Record Low Against the U.S. Dollar | ZPluse News,"India’s currency has slipped into uncharted territory. The Indian rupee has fallen to an all-time low against the U.S. dollar, rattling financial markets and ra",Rupee Under Pressure: Indian Currency Hits Record Low Against the U.S. Dollar,https://www.zplusenews.com/article/rupee-under-pressure-indian-currency-hits-record-low-against-the-u-s-dollar,Yes,Yes,Yes,No,240,
https://www.zplusenews.com/article/peace-table-pressure-border-fresh-china-claims-test-indias-resolve,Sitemap,200,"Peace at the Table, Pressure at the Border: Fresh China Claims Test India’s Resolve | ZPluse News","The fragile thaw between New Delhi and Beijing is being put to a fresh, bitter test as reports of renewed Chinese encroachment emerge from the remote frontiers","Peace at the Table, Pressure at the Border: Fresh China Claims Test India’s Resolve",https://www.zplusenews.com/article/peace-table-pressure-border-fresh-china-claims-test-indias-resolve,Yes,Yes,Yes,No,325,
https://www.zplusenews.com/article/diplomatic-setback-geneva-collapse-usiran-talks-raises-fears-fragile,Sitemap,200,Diplomatic Setback in Geneva: Collapse of U.S.-Iran Talks Raises Fears for Fragile Middle East Truce | ZPluse News,Geneva: Hopes for a lasting peace between the United States and Iran suffered a major setback after high-level talks scheduled to take place in Switzerland were,Diplomatic Setback in Geneva: Collapse of U.S.-Iran Talks Raises Fears for Fragile Middle East Truce,https://www.zplusenews.com/article/diplomatic-setback-geneva-collapse-usiran-talks-raises-fears-fragile,Yes,Yes,Yes,No,702,
https://www.zplusenews.com/article/super-el-ni-o-and-its-impact-on-india-1777521987381,Sitemap,200,Super El Niño and Its Impact on India | ZPluse News,Super El Niño and Its Impact on India (Detailed UPSC Notes) Introduction El Niño is a climatic phenomenon involving abnormal warming of the central and eastern,Super El Niño and Its Impact on India,https://www.zplusenews.com/article/super-el-ni-o-and-its-impact-on-india-1777521987381,Yes,Yes,Yes,No,267,
https://www.zplusenews.com/video/superpower-bangladesh,Sitemap,200,SuperPower Bangladesh | ZPluse News,Watch video news on ZPluse News.,SuperPower Bangladesh,https://www.zplusenews.com/video/superpower-bangladesh,Yes,No,Yes,Yes,3,Group_14
https://www.zplusenews.com/article/automated-test-technology-coverage-1774466460648,Sitemap,200,Automated Test: TECHNOLOGY Coverage | ZPluse News,This is a programmatically generated article confirming the technology grid functionality successfully renders on the live ZPlus News interface.,Automated Test: TECHNOLOGY Coverage,https://www.zplusenews.com/article/automated-test-technology-coverage-1774466460648,Yes,Yes,Yes,No,19,Group_15
https://www.zplusenews.com/article/automated-test-sports-coverage-1774466462133,Sitemap,200,Automated Test: SPORTS Coverage | ZPluse News,This is a programmatically generated article confirming the sports grid functionality successfully renders on the live ZPlus News interface.,Automated Test: SPORTS Coverage,https://www.zplusenews.com/article/automated-test-sports-coverage-1774466462133,Yes,Yes,Yes,No,19,Group_120
https://www.zplusenews.com/article/india-successfully-tests-agni1-ballistic-missile-from-odisha-boosting,Sitemap,200,"India Successfully Tests Agni-1 Ballistic Missile from Odisha, Boosting Strategic Defence Confidence | ZPluse News","India has successfully conducted a test of the Agni-I ballistic missile from the Integrated Test Range in Odisha, marking another significant milestone in the c","India Successfully Tests Agni-1 Ballistic Missile from Odisha, Boosting Strategic Defence Confidence",https://www.zplusenews.com/article/india-successfully-tests-agni1-ballistic-missile-from-odisha-boosting,Yes,Yes,Yes,No,1072,
https://www.zplusenews.com/video/ssc-gd-paper-leak-prayagraj-exam-centre-viral-video,Sitemap,200,SSC GD Paper Leak पर छात्रों का गुस्सा फूटा 🔥 | Prayagraj Exam Centre Viral Video | ZPluse News,"प्रयागराज के SSC GD एग्जाम सेंटर में छात्रों का गुस्सा फूट पड़ा। Paper Leak, खराब सिस्टम और लगातार हो रही लापरवाही से परेशान aspirants ने सेंटर के कंप्यूटर तक त",SSC GD Paper Leak पर छात्रों का गुस्सा फूटा 🔥 | Prayagraj Exam Centre Viral Video,https://www.zplusenews.com/video/ssc-gd-paper-leak-prayagraj-exam-centre-viral-video,Yes,No,Yes,Yes,94,Group_121
https://www.zplusenews.com/article/japan-s-political-shift-signals-a-tougher-global-posture,Sitemap,200,Japan’s Political Shift Signals a Tougher Global Posture | ZPluse News,"Japan’s Political Shift Signals a Tougher Global Posture Tokyo | Staff Correspondent For years, Japanese politics sailed so smoothly it could double as a medita",Japan’s Political Shift Signals a Tougher Global Posture,https://www.zplusenews.com/article/japan-s-political-shift-signals-a-tougher-global-posture,Yes,Yes,Yes,No,448,
https://www.zplusenews.com/video/viral-video-indian-railways,Sitemap,200,चलती ट्रेन में सरेआम सरकारी संपत्ति का नुकसान! Viral Video | Indian Railways | ZPluse News,"चलती ट्रेन में कुछ असभ्य लोगों द्वारा रेलवे की संपत्ति को नुकसान पहुंचाने का निंदनीय वीडियो वायरल हो रहा है, जिस पर सख्त कार्रवाई की मांग है।",चलती ट्रेन में सरेआम सरकारी संपत्ति का नुकसान! Viral Video | Indian Railways,https://www.zplusenews.com/video/viral-video-indian-railways,Yes,No,Yes,Yes,27,Group_122
https://www.zplusenews.com/video/25,Sitemap,200,इतिहास का भूला हुआ नायक | महाराजा सूरजमल | 25 दिसंबर | ZPluse News,"भारत के महान योद्धा और दूरदर्शी शासक महाराजा सूरजमल को आज 25 दिसंबर को श्रद्धांजलि। यह शॉर्ट वीडियो उस वीर राजा की कहानी कहता है जिसने सत्ता के लिए नहीं, बल्कि",इतिहास का भूला हुआ नायक | महाराजा सूरजमल | 25 दिसंबर,https://www.zplusenews.com/video/25,Yes,No,Yes,Yes,78,Group_123
https://www.zplusenews.com/article/the-soul-savers-of-manipur-just-some-casual-converts-and-tactical-training-1775995372363,Sitemap,200,The 'Soul-Savers' of Manipur: Just Some Casual Converts and Tactical Training? | ZPluse News,"It’s a classic tale of modern benevolence, really. While the Indian Home Ministry is busy worrying about minor details like",The 'Soul-Savers' of Manipur: Just Some Casual Converts and Tactical Training?,https://www.zplusenews.com/article/the-soul-savers-of-manipur-just-some-casual-converts-and-tactical-training-1775995372363,Yes,Yes,Yes,No,359,Group_7
https://www.zplusenews.com/article/afghanistan-pakistan-conflict-escalates-retaliatory-strikes-border-clashes-and-fears-of-open-war,Sitemap,200,"Afghanistan–Pakistan Conflict Escalates: Retaliatory Strikes, Border Clashes, and Fears of Open War | ZPluse News",Tensions between Afghanistan’s Taliban-led government and Pakistan have dramatically escalated following recent Pakistani airstrikes inside Afghan territory. Wh,"Afghanistan–Pakistan Conflict Escalates: Retaliatory Strikes, Border Clashes, and Fears of Open War",https://www.zplusenews.com/article/afghanistan-pakistan-conflict-escalates-retaliatory-strikes-border-clashes-and-fears-of-open-war,Yes,Yes,Yes,No,686,
https://www.zplusenews.com/video/pm-modi-west-asia-nasa-artemis-iii-mission,Sitemap,200,PM Modi ने तोड़ा नेहरू का रिकॉर्ड | West Asia में युद्ध तेज | NASA Artemis III Mission | ZPluse News,PM मोदी ने जवाहरलाल नेहरू का सबसे लंबे समय तक लगातार प्रधानमंत्री रहने का रिकॉर्ड तोड़ा। 🔹 फर्जी हस्ताक्षर मामले में ममता बनर्जी के आवास पर CID की कार्रवाई। 🔹,PM Modi ने तोड़ा नेहरू का रिकॉर्ड | West Asia में युद्ध तेज | NASA Artemis III Mission,https://www.zplusenews.com/video/pm-modi-west-asia-nasa-artemis-iii-mission,Yes,No,Yes,Yes,129,Group_124
https://www.zplusenews.com/article/arunachal-flashpoint-fresh-china-encroachment-claims-reignite-border,Sitemap,200,Arunachal Flashpoint: Fresh China Encroachment Claims Reignite Border Tensions | ZPluse News,"The frontier in Arunachal Pradesh has once again become a flashpoint of strategic anxiety, with fresh allegations of Chinese encroachment sparking a heated dome",Arunachal Flashpoint: Fresh China Encroachment Claims Reignite Border Tensions,https://www.zplusenews.com/article/arunachal-flashpoint-fresh-china-encroachment-claims-reignite-border,Yes,Yes,Yes,No,314,
https://www.zplusenews.com/video/harish-rana,Sitemap,200,सबको माफ करते हुए जाओ... - Harish Rana का अलविदा! | ZPluse News,"सबको माफ करते हुए, सबसे माफी मांगते हुए अब जाओ, ठीक है।",सबको माफ करते हुए जाओ... - Harish Rana का अलविदा!,https://www.zplusenews.com/video/harish-rana,Yes,No,Yes,Yes,112,Group_125
https://www.zplusenews.com/article/heavy-price-war-report-claims-us-lost-42-aircraft-including-fighter,Sitemap,200,Heavy Price of War: Report Claims US Lost 42 Aircraft Including Fighter Jets and MQ-9 Reaper Drones in Iran Conflict | ZPluse News,A new report claiming that the United States lost or saw damage to 42 military aircraft during the Iran conflict has triggered intense debate over the true cost,Heavy Price of War: Report Claims US Lost 42 Aircraft Including Fighter Jets and MQ-9 Reaper Drones in Iran Conflict,https://www.zplusenews.com/article/heavy-price-war-report-claims-us-lost-42-aircraft-including-fighter,Yes,Yes,Yes,No,974,
https://www.zplusenews.com/video/dm-reels,Sitemap,200,"सिद्धार्थनगर DM की शर्मनाक हरकत! घायल माँ के लिए रोता रहा बेटा, साहब Reels देखते रहे | | ZPluse News","सिद्धार्थनगर के जिलाधिकारी (DM) कार्यालय में एक बेबस बेटा अपनी घायल माँ के लिए न्याय की गुहार लगाने पहुँचा। बंदरों के हमले में माँ का सिर फट गया, टांके लगे, लेक","सिद्धार्थनगर DM की शर्मनाक हरकत! घायल माँ के लिए रोता रहा बेटा, साहब Reels देखते रहे |",https://www.zplusenews.com/video/dm-reels,Yes,No,Yes,Yes,70,Group_126
https://www.zplusenews.com/article/operation-prahar-1775394992120,Sitemap,200,Operation Prahar | ZPluse News,"India has upped the ante. In a decisive move, New Delhi has released its first comprehensive account detailing terror activities it says are linked to Pakistan-",Operation Prahar,https://www.zplusenews.com/article/operation-prahar-1775394992120,Yes,Yes,Yes,No,303,Group_127
https://www.zplusenews.com/video/maharishi-dayanand-saraswati-jayanti-2026-breakingnews-event-tranding,Sitemap,200,Maharishi Dayanand Saraswati Jayanti 2026 #breakingnews #event #tranding #celebration #news #india | ZPluse News,"Maharishi Dayanand Saraswati Jayanti 2026 will be celebrated on Thursday, 12 February 2026 in India. This day marks the 202nd birth anniversary of the influenti",Maharishi Dayanand Saraswati Jayanti 2026 #breakingnews #event #tranding #celebration #news #india,https://www.zplusenews.com/video/maharishi-dayanand-saraswati-jayanti-2026-breakingnews-event-tranding,Yes,No,Yes,Yes,88,Group_128
https://www.zplusenews.com/video/video-online-shopping-fraud-exposed,Sitemap,200,ऑनलाइन शॉपिंग करने से पहले ये Video जरूर देखें ! Online Shopping Fraud Exposed | ZPluse News,"हर दिन हजारों लोग डिस्काउंट के लालच में अपना बैंक अकाउंट खाली करवा रहे हैं। कहीं अगला नंबर आपका तो नहीं? ऑनलाइन शॉपिंग हमारी आदत बन चुकी है, लेकिन इसके पीछे चल",ऑनलाइन शॉपिंग करने से पहले ये Video जरूर देखें ! Online Shopping Fraud Exposed,https://www.zplusenews.com/video/video-online-shopping-fraud-exposed,Yes,No,Yes,Yes,70,Group_129
https://www.zplusenews.com/article/indian-sailors-killed-as-gulf-shipping-lanes-turn-into-war-zone-1775994993409,Sitemap,200,Indian Sailors Killed as Gulf Shipping Lanes Turn into War Zone | ZPluse News,"The Middle East war has now claimed Indian lives. Strategic Policy & Background And this time, the battlefield wasn’t on land, it was at sea. Two Indian sailors",Indian Sailors Killed as Gulf Shipping Lanes Turn into War Zone,https://www.zplusenews.com/article/indian-sailors-killed-as-gulf-shipping-lanes-turn-into-war-zone-1775994993409,Yes,Yes,Yes,No,284,
https://www.zplusenews.com/video/election-breaking-news,Sitemap,200,Election Breaking News | नेताओं के बड़े बयान | ZPluse News,Breaking News Today | Latest News Update 2026 | #news #viral #topnews #breakingnews #hindinews 🔥 Breaking News Today | Latest News Update 2026 | Big Update You,Election Breaking News | नेताओं के बड़े बयान,https://www.zplusenews.com/video/election-breaking-news,Yes,No,Yes,Yes,171,Group_130
https://www.zplusenews.com/article/india-becomes-worlds-third-largest-solar-power-producer-marking,Sitemap,200,"India Becomes World’s Third Largest Solar Power Producer, Marking a Historic Clean Energy Transformation | ZPluse News","India has achieved a major milestone in its energy journey by emerging as the world’s third largest producer of solar power, reflecting the country’s rapid tran","India Becomes World’s Third Largest Solar Power Producer, Marking a Historic Clean Energy Transformation",https://www.zplusenews.com/article/india-becomes-worlds-third-largest-solar-power-producer-marking,Yes,Yes,Yes,No,822,
https://www.zplusenews.com/article/a-presidential-first-donald-trump-s-signature-to-grace-us-dollar-for-250th-anniversary-1774962807966,Sitemap,200,A Presidential First: Donald Trump’s Signature to Grace US Dollar for 250th Anniversary | ZPluse News,"In a move that breaks a 165-year-old tradition, the United States Treasury has announced that President Donald Trump’s signature will appear on future U.S. pape",A Presidential First: Donald Trump’s Signature to Grace US Dollar for 250th Anniversary,https://www.zplusenews.com/article/a-presidential-first-donald-trump-s-signature-to-grace-us-dollar-for-250th-anniversary-1774962807966,Yes,Yes,Yes,No,355,
https://www.zplusenews.com/video/tmc-bappa-sheikh-parade-diamond-harbour-viral,Sitemap,200,TMC का गुंडा Bappa Sheikh रस्सियों में Parade | Diamond Harbour Viral | ZPluse News,Watch video news on ZPluse News.,TMC का गुंडा Bappa Sheikh रस्सियों में Parade | Diamond Harbour Viral,https://www.zplusenews.com/video/tmc-bappa-sheikh-parade-diamond-harbour-viral,Yes,No,Yes,Yes,3,Group_14
https://www.zplusenews.com/video/-2,Sitemap,200,क्या आप भी बाज़ार का खीरा खाते हैं? सावधान! कटिहार स्टेशन के इस वायरल वीडियो की पूरी सच्चाई देखें | ZPluse News,"सोशल मीडिया पर एक बेहद चौंकाने वाला वीडियो तेजी से वायरल हो रहा है, जिसे बिहार के कटिहार रेलवे स्टेशन (Katihar Railway Station) का बताया जा रहा है। इस वीडियो मे",क्या आप भी बाज़ार का खीरा खाते हैं? सावधान! कटिहार स्टेशन के इस वायरल वीडियो की पूरी सच्चाई देखें,https://www.zplusenews.com/video/-2,Yes,No,Yes,Yes,153,Group_131
https://www.zplusenews.com/article/shockwaves-across-gulf-iranian-drone-strike-uaes-barakah-nuclear,Sitemap,200,Shockwaves Across the Gulf: Iranian Drone Strike on UAE’s Barakah Nuclear Facility Raises Fears of Wider Middle East Escalation | ZPluse News,"The Middle East moved dangerously closer to a major regional crisis after a drone strike targeted the Barakah Nuclear Power Plant in the United Arab Emirates, t",Shockwaves Across the Gulf: Iranian Drone Strike on UAE’s Barakah Nuclear Facility Raises Fears of Wider Middle East Escalation,https://www.zplusenews.com/article/shockwaves-across-gulf-iranian-drone-strike-uaes-barakah-nuclear,Yes,Yes,Yes,No,1070,
https://www.zplusenews.com/spirituality,Sitemap,200,Spirituality News | ZPluse News,"Spirituality and religion news from India. Yoga, meditation, temples and spiritual events.",Spirituality News,https://www.zplusenews.com/spirituality,Yes,No,Yes,No,10,
https://www.zplusenews.com/article/middle-east-war-disruptions-trigger-lpg-shortage-concerns-across-asia-1775306030054,Sitemap,200,Middle East War Disruptions Trigger LPG Shortage Concerns Across Asia | ZPluse News,"The ongoing war in the Middle East is now hitting kitchens across Asia. Strategic Policy & Background A severe shortage of LPG, the cooking gas used by millions",Middle East War Disruptions Trigger LPG Shortage Concerns Across Asia,https://www.zplusenews.com/article/middle-east-war-disruptions-trigger-lpg-shortage-concerns-across-asia-1775306030054,Yes,Yes,Yes,No,257,
https://www.zplusenews.com/article/spacexs-historic-liftoff-elon-musks-company-raises-record-75-billion,Sitemap,200,SpaceX’s Historic Liftoff: Elon Musk’s Company Raises Record $75 Billion in Biggest IPO Ever | ZPluse News,"New York: Elon Musk’s SpaceX has rewritten Wall Street history by raising a staggering $75 billion in its initial public offering (IPO), making it the largest s",SpaceX’s Historic Liftoff: Elon Musk’s Company Raises Record $75 Billion in Biggest IPO Ever,https://www.zplusenews.com/article/spacexs-historic-liftoff-elon-musks-company-raises-record-75-billion,Yes,Yes,Yes,No,796,
https://www.zplusenews.com/video/pakistan-vs-afghanistan-pakistan-afghanistan-borderconflict,Sitemap,200,Pakistan vs Afghanistan: #Pakistan #Afghanistan #BorderConflict #BreakingNews #SouthAsia #GlobalNews | ZPluse News,"Tensions between Pakistan and Afghanistan have intensified dramatically, with both sides claiming significant military casualties as cross-border fighting conti",Pakistan vs Afghanistan: #Pakistan #Afghanistan #BorderConflict #BreakingNews #SouthAsia #GlobalNews,https://www.zplusenews.com/video/pakistan-vs-afghanistan-pakistan-afghanistan-borderconflict,Yes,No,Yes,Yes,103,Group_132
https://www.zplusenews.com/article/nature-succeeds-where-policy-struggled-monsoon-rains-transform-delhis,Sitemap,200,Nature Succeeds Where Policy Struggled: Monsoon Rains Transform Delhi’s Air in Just 48 Hours | ZPluse News,"New Delhi: In a remarkable turnaround, two days of persistent monsoon rainfall achieved what years of anti-pollution measures have often struggled to accomplish",Nature Succeeds Where Policy Struggled: Monsoon Rains Transform Delhi’s Air in Just 48 Hours,https://www.zplusenews.com/article/nature-succeeds-where-policy-struggled-monsoon-rains-transform-delhis,Yes,Yes,Yes,No,461,
https://www.zplusenews.com/video/pakistan-taliban-300-dead-pak-vs-afghan-war-explained,Sitemap,200,Pakistan में घुसा Taliban! 300+ Dead 🚨 | Pak vs Afghan War Explained | ZPluse News,"Pakistan और Afghanistan के बीच भयंकर युद्ध शुरू हो चुका है! 🚨 पाकिस्तानी एयरफोर्स की एयरस्ट्राइक के बाद, Taliban ने पाकिस्तानी मिलिट्री चौकियों पर कब्ज़ा कर लिय",Pakistan में घुसा Taliban! 300+ Dead 🚨 | Pak vs Afghan War Explained,https://www.zplusenews.com/video/pakistan-taliban-300-dead-pak-vs-afghan-war-explained,Yes,No,Yes,Yes,118,Group_133
https://www.zplusenews.com/article/washington-allows-india-to-buy-russian-oil,Sitemap,200,Washington “Allows” India to Buy Russian Oil | ZPluse News,"In what may sound like a geopolitical green signal, the United States has reportedly indicated that India can continue purchasing Russian oil. A curious stateme",Washington “Allows” India to Buy Russian Oil,https://www.zplusenews.com/article/washington-allows-india-to-buy-russian-oil,Yes,Yes,Yes,No,358,
https://www.zplusenews.com/article/trumps-america250-passport-sparks-political-firestorm,Sitemap,200,Trump’s America250 Passport Sparks Political Firestorm | ZPluse News,"The United States Department of State has unveiled a limited edition America250 passport series to commemorate the nation’s 250th anniversary, which prominently",Trump’s America250 Passport Sparks Political Firestorm,https://www.zplusenews.com/article/trumps-america250-passport-sparks-political-firestorm,Yes,Yes,Yes,No,290,
https://www.zplusenews.com/video/court-10-land-jihad,Sitemap,200,Court का आदेश भी नहीं माना! 10 साल से ज़मीन पर कब्ज़ा और सरेआम गुंडागर्दी - Land Jihad | ZPluse News,"इस Shocking Video में देखिए कैसे ज़मीन पर कब्जा जमाए बैठे लोगों ने न सिर्फ कोर्ट के आदेश की धज्जियां उड़ाईं, बल्कि महिलाओं की आड़ में Pepper Spray से हमला भी कि",Court का आदेश भी नहीं माना! 10 साल से ज़मीन पर कब्ज़ा और सरेआम गुंडागर्दी - Land Jihad,https://www.zplusenews.com/video/court-10-land-jihad,Yes,No,Yes,Yes,76,Group_134
https://www.zplusenews.com/video/israel-pm-modi-masterstroke,Sitemap,200,Israel की संसद में गूंजी भारत की दहाड़ 🔥 | PM Modi Masterstroke | ZPluse News,इजराइल की संसद 'नेसेट' (Knesset) में प्रधानमंत्री नरेंद्र मोदी का ऐतिहासिक भाषण। 70 सालों की पुरानी कूटनीति को पीछे छोड़ते हुए भारत ने मिडिल-ईस्ट (Middle East),Israel की संसद में गूंजी भारत की दहाड़ 🔥 | PM Modi Masterstroke,https://www.zplusenews.com/video/israel-pm-modi-masterstroke,Yes,No,Yes,Yes,78,Group_135
https://www.zplusenews.com/article/merger-mystery-confusion-deepens-tmc-rebels-ncpi-struggle-explain,Sitemap,200,Merger or Mystery? Confusion Deepens as TMC Rebels and NCPI Struggle to Explain Political Alliance | ZPluse News,"Kolkata: What was projected as a dramatic political realignment capable of reshaping national politics is increasingly turning into a story of confusion, confli",Merger or Mystery? Confusion Deepens as TMC Rebels and NCPI Struggle to Explain Political Alliance,https://www.zplusenews.com/article/merger-mystery-confusion-deepens-tmc-rebels-ncpi-struggle-explain,Yes,Yes,Yes,No,658,
https://www.zplusenews.com/video/breakingnews-news-khamenei-usiranwar,Sitemap,200,#breakingnews #news #khamenei #usiranwar | ZPluse News,Watch video news on ZPluse News.,#breakingnews #news #khamenei #usiranwar,https://www.zplusenews.com/video/breakingnews-news-khamenei-usiranwar,Yes,No,Yes,Yes,3,Group_14
https://www.zplusenews.com/article/france-adopts-new-laws,Sitemap,200,France adopts new laws | ZPluse News,"In a landmark shift that marks the end of a decades-long legal struggle, France has officially redefined its approach to sexual violence. Following the national",France adopts new laws,https://www.zplusenews.com/article/france-adopts-new-laws,Yes,Yes,Yes,No,285,
https://www.zplusenews.com/video/60-lakh-fine-irctc,Sitemap,200,वंदे भारत के खाने में निकले कीड़े! 😱 60 Lakh Fine on IRCTC | ZPluse News,पटना-टाटानगर 'वंदे भारत एक्सप्रेस' में सफर करने वाले ज़रा ध्यान दें! देश की सबसे प्रीमियम ट्रेन में परोसे गए अमूल दही में तैरते हुए कीड़े मिले हैं! यात्री रितेश,वंदे भारत के खाने में निकले कीड़े! 😱 60 Lakh Fine on IRCTC,https://www.zplusenews.com/video/60-lakh-fine-irctc,Yes,No,Yes,Yes,72,Group_136
https://www.zplusenews.com/article/red-wave-recedes-congress-led-udf-s-thumping-victory-in-kerala-marks-the-end-of-an-era-1777983113842,Sitemap,200,Red Wave Recedes: Congress-Led UDF’s Thumping Victory in Kerala Marks the End of an Era | ZPluse News,"In a result that carries both symbolic weight and national significance, the Congress led United Democratic Front (UDF) has swept to a decisive victory in Keral",Red Wave Recedes: Congress-Led UDF’s Thumping Victory in Kerala Marks the End of an Era,https://www.zplusenews.com/article/red-wave-recedes-congress-led-udf-s-thumping-victory-in-kerala-marks-the-end-of-an-era-1777983113842,Yes,Yes,Yes,No,537,
https://www.zplusenews.com/article/blood-on-the-ballot-bengal-erupts-after-polls-as-violence-shadows-bjp-s-rise-1778180369705,Sitemap,200,Blood on the Ballot: Bengal Erupts After Polls as Violence Shadows BJP’s Rise | ZPluse News,"West Bengal’s historic election result was supposed to mark a new political beginning. Strategic Policy & Background Instead, parts of the state are once again",Blood on the Ballot: Bengal Erupts After Polls as Violence Shadows BJP’s Rise,https://www.zplusenews.com/article/blood-on-the-ballot-bengal-erupts-after-polls-as-violence-shadows-bjp-s-rise-1778180369705,Yes,Yes,Yes,No,679,
https://www.zplusenews.com/article/guard-honour-skies-indonesian-f16s-sukhoi30s-escort-pm-modis-aircraft,Sitemap,200,Guard of Honour in the Skies: Indonesian F-16s and Sukhoi-30s Escort PM Modi’s Aircraft in Symbolic Show of Strategic Friendship | ZPluse News,"Jakarta: In a powerful display of diplomatic respect and growing strategic partnership, Indonesian Air Force fighter jets escorted Prime Minister Narendra Modi’",Guard of Honour in the Skies: Indonesian F-16s and Sukhoi-30s Escort PM Modi’s Aircraft in Symbolic Show of Strategic Friendship,https://www.zplusenews.com/article/guard-honour-skies-indonesian-f16s-sukhoi30s-escort-pm-modis-aircraft,Yes,Yes,Yes,No,693,
https://www.zplusenews.com/events,Sitemap,200,"ZPluse News | Breaking News, Latest India News, National & International Updates","ZPluse News is India's leading digital platform for breaking news, latest national updates, politics, business trends, defense, technology and state news.",,https://www.zplusenews.com/events,Yes,No,Yes,No,0,Group_46
https://www.zplusenews.com/article/teestas-new-course-bangladeshs-china-pivot-reshapes-south-asias,Sitemap,200,Teesta’s New Course: Bangladesh’s China Pivot Reshapes South Asia’s Strategic Landscape | ZPluse News,The Teesta River Comprehensive Management and Restoration Project (TRCMRP) has effectively become the latest front in the tug-of-war for influence in South Asia,Teesta’s New Course: Bangladesh’s China Pivot Reshapes South Asia’s Strategic Landscape,https://www.zplusenews.com/article/teestas-new-course-bangladeshs-china-pivot-reshapes-south-asias,Yes,Yes,Yes,No,372,
https://www.zplusenews.com/video/tmc-bengal-violence-dubrajpur-news,Sitemap,200,जनता ने दौड़ा-दौड़ा कर पीटा TMC के वसूली गैंग को 😳 | Bengal Violence | Dubrajpur News | ZPluse News,Watch video news on ZPluse News.,जनता ने दौड़ा-दौड़ा कर पीटा TMC के वसूली गैंग को 😳 | Bengal Violence | Dubrajpur News,https://www.zplusenews.com/video/tmc-bengal-violence-dubrajpur-news,Yes,No,Yes,Yes,3,Group_14
https://www.zplusenews.com/article/nuclear-partnership-reforged-india-australia-seal-landmark-uranium,Sitemap,200,A Nuclear Partnership Reforged: India and Australia Seal Landmark Uranium Export Deal | ZPluse News,Canberra: India and Australia have taken their strategic partnership to a new level by reaching a landmark agreement on uranium exports during Prime Minister Na,A Nuclear Partnership Reforged: India and Australia Seal Landmark Uranium Export Deal,https://www.zplusenews.com/article/nuclear-partnership-reforged-india-australia-seal-landmark-uranium,Yes,Yes,Yes,No,563,
https://www.zplusenews.com/video/australia-secured-comprehensive-67run-victory-over-ireland-cricket,Sitemap,200,Australia secured a comprehensive 67-run victory over Ireland #cricket #cricketnews #crickettwitter | ZPluse News,"Australia secured a comprehensive 67-run victory over Ireland to open their 2026 ICC Men’s T20 World Cup campaign on Wednesday, February 11, 2026. Despite missi",Australia secured a comprehensive 67-run victory over Ireland #cricket #cricketnews #crickettwitter,https://www.zplusenews.com/video/australia-secured-comprehensive-67run-victory-over-ireland-cricket,Yes,No,Yes,Yes,62,Group_137
https://www.zplusenews.com/video/uk-11,Sitemap,200,UK मे मुहम्मद पर 11 वर्षीय बच्ची के साथ यौन अपराध करने की मंशा रखने क आरोप लगा है। | ZPluse News,"Mohammed, from Pakistan, has just arrived in the UK and wants to abuse an 11-year-old girl, claiming that age doesn't matter. #GroomingGang",UK मे मुहम्मद पर 11 वर्षीय बच्ची के साथ यौन अपराध करने की मंशा रखने क आरोप लगा है।,https://www.zplusenews.com/video/uk-11,Yes,No,Yes,Yes,22,Group_138
https://www.zplusenews.com/video/top-news-today-daily-news-roundup,Sitemap,200,Top News Today | सुबह की बड़ी खबरें | Daily News Roundup | ZPluse News,"यदि आपको हमारा वीडियो पसंद आए तो Like 👍, Share 📲 और Channel को Subscribe 🔔 करना न भूलें। इससे आपको हर दिन सबसे पहले ताज़ा खबरें मिलती रहेंगी।#top10news #brea",Top News Today | सुबह की बड़ी खबरें | Daily News Roundup,https://www.zplusenews.com/video/top-news-today-daily-news-roundup,Yes,No,Yes,Yes,38,Group_139
https://www.zplusenews.com/video/taliban-attack-pakistan-army,Sitemap,200,पाकिस्तानी सेना पर सबसे बड़ा हमला! 🚨 Taliban Attack on Pakistan Army | ZPluse News,Pakistan Taliban Border Clash 2026: अफगान तालिबान ने Pakistani Army पर अब तक का सबसे बड़ा हमला किया है! 55 Pakistani soldiers dead और 19 military posts पर कब्ज़ा,पाकिस्तानी सेना पर सबसे बड़ा हमला! 🚨 Taliban Attack on Pakistan Army,https://www.zplusenews.com/video/taliban-attack-pakistan-army,Yes,No,Yes,Yes,45,Group_140
https://www.zplusenews.com/article/automated-test-economics-coverage-1774466459005,Sitemap,200,Automated Test: ECONOMICS Coverage | ZPluse News,This is a programmatically generated article confirming the economics grid functionality successfully renders on the live ZPlus News interface.,Automated Test: ECONOMICS Coverage,https://www.zplusenews.com/article/automated-test-economics-coverage-1774466459005,Yes,Yes,Yes,No,19,Group_141
https://www.zplusenews.com/video/t20-world-cup-2026-points-table,Sitemap,200,t20 world cup 2026 points table | ZPluse News,Watch video news on ZPluse News.,t20 world cup 2026 points table,https://www.zplusenews.com/video/t20-world-cup-2026-points-table,Yes,No,Yes,Yes,3,Group_14
https://www.zplusenews.com/article/kedarnath,Sitemap,200,Kedarnath | ZPluse News,"The Kedarnath Temple, an ancient Jyotirlinga located at an altitude of 3,583 to 3,584 meters in the Garhwal Himalayas, is officially scheduled to open its porta",Kedarnath,https://www.zplusenews.com/article/kedarnath,Yes,Yes,Yes,No,265,
https://www.zplusenews.com/technology,Sitemap,200,Technology News | ZPluse News,"Latest technology news. AI, gadgets, startups, digital India and tech innovation updates.",Technology News,https://www.zplusenews.com/technology,Yes,No,Yes,No,10,
https://www.zplusenews.com/article/automated-test-economics-coverage-1774466873316,Sitemap,200,Automated Test: ECONOMICS Coverage | ZPluse News,This is a programmatically generated article confirming the economics grid functionality successfully renders on the live ZPlus News interface.,Automated Test: ECONOMICS Coverage,https://www.zplusenews.com/article/automated-test-economics-coverage-1774466873316,Yes,Yes,Yes,No,19,Group_141
https://www.zplusenews.com/article/after-10-days-intense-power-struggle-congress-picks-vd-satheesan,Sitemap,200,"After 10 Days of Intense Power Struggle, Congress Picks V.D. Satheesan as Kerala Chief Minister | ZPluse News","The Congress has finally ended ten days of intense internal drama, factional negotiations, and leadership uncertainty by choosing V. D. Satheesan as the next Ch","After 10 Days of Intense Power Struggle, Congress Picks V.D. Satheesan as Kerala Chief Minister",https://www.zplusenews.com/article/after-10-days-intense-power-struggle-congress-picks-vd-satheesan,Yes,Yes,Yes,No,785,
https://www.zplusenews.com/video/vs,Sitemap,200,अमेरिका vs ईरान: क्या मिडिल ईस्ट में शुरू होगा महायुद्ध | ZPluse News,क्या अमेरिका और ईरान के बीच एक और बड़े युद्ध की शुरुआत होने वाली है? इस शॉर्ट में जानिए कैसे डोनाल्ड ट्रंप के अल्टीमेटम के बाद अमेरिका ने अपने सबसे घातक युद्धपो,अमेरिका vs ईरान: क्या मिडिल ईस्ट में शुरू होगा महायुद्ध,https://www.zplusenews.com/video/vs,Yes,No,Yes,Yes,92,Group_142
https://www.zplusenews.com/article/diplomatic-opening-time-war-iran-us-set-highstakes-switzerland-talks,Sitemap,200,A Diplomatic Opening in a Time of War: Iran and U.S. Set for High-Stakes Switzerland Talks | ZPluse News,"Geneva: After years of hostility, proxy conflicts, sanctions, and periodic military confrontations, the United States and Iran are preparing for what could beco",A Diplomatic Opening in a Time of War: Iran and U.S. Set for High-Stakes Switzerland Talks,https://www.zplusenews.com/article/diplomatic-opening-time-war-iran-us-set-highstakes-switzerland-talks,Yes,Yes,Yes,No,912,
https://www.zplusenews.com/about,Sitemap,200,"ZPluse News | Breaking News, Latest India News, National & International Updates","ZPluse News is India's leading digital platform for breaking news, latest national updates, politics, business trends, defense, technology and state news.",,https://www.zplusenews.com/about,Yes,No,Yes,No,0,Group_46
https://www.zplusenews.com/article/who-gauri-spratt-bengaluru-entrepreneur-reportedly-set-become-aamir,Sitemap,200,Who Is Gauri Spratt? The Bengaluru Entrepreneur Reportedly Set to Become Aamir Khan’s Third Wife | ZPluse News,Gauri Spratt has become one of the most talked-about names in Bollywood after reports emerged that she is set to marry actor Aamir Khan in July 2026. If the mar,Who Is Gauri Spratt? The Bengaluru Entrepreneur Reportedly Set to Become Aamir Khan’s Third Wife,https://www.zplusenews.com/article/who-gauri-spratt-bengaluru-entrepreneur-reportedly-set-become-aamir,Yes,Yes,Yes,No,1120,
https://www.zplusenews.com/article/india-takes-center-stage-dr-s-jaishankar-host-brics-foreign-ministers,Sitemap,200,"India Takes Center Stage: Dr. S. Jaishankar to Host BRICS Foreign Ministers’ Meeting on May 14, 2026 | ZPluse News","At a time when the global order is being reshaped by wars, economic fragmentation, and intensifying power competition, India is preparing to host one of the mos","India Takes Center Stage: Dr. S. Jaishankar to Host BRICS Foreign Ministers’ Meeting on May 14, 2026",https://www.zplusenews.com/article/india-takes-center-stage-dr-s-jaishankar-host-brics-foreign-ministers,Yes,Yes,Yes,No,1039,
https://www.zplusenews.com/article/us-uk-rift-emerges-over-iran-blockade-in-strait-of-hormuz-1776082032540,Sitemap,200,US–UK Rift Emerges Over Iran Blockade in Strait of Hormuz | ZPluse News,"The long-standing “special relationship” between the United States and the United Kingdom appears to be under strain, as tensions escalate over strategy in one",US–UK Rift Emerges Over Iran Blockade in Strait of Hormuz,https://www.zplusenews.com/article/us-uk-rift-emerges-over-iran-blockade-in-strait-of-hormuz-1776082032540,Yes,Yes,Yes,No,363,
https://www.zplusenews.com/article/iran-s-new-supreme-leader-a-dynasty-rises-in-the-middle-east-1775995114978,Sitemap,200,Iran’s New Supreme Leader: A Dynasty Rises in the Middle East | ZPluse News,"In the middle of war, sanctions, and rising political tensions, Iran has entered a new political era. The Islamic Republic has a new supreme leader Mojtaba Kham",Iran’s New Supreme Leader: A Dynasty Rises in the Middle East,https://www.zplusenews.com/article/iran-s-new-supreme-leader-a-dynasty-rises-in-the-middle-east-1775995114978,Yes,Yes,Yes,No,409,Group_26
https://www.zplusenews.com/article/indianew-zealand-relations-enter-new-era-pm-modi-elevates-ties,Sitemap,200,India–New Zealand Relations Enter a New Era as PM Modi Elevates Ties to Strategic Partnership | ZPluse News,"India and New Zealand have elevated their bilateral relationship to a Comprehensive Strategic Partnership, marking a historic milestone during Prime Minister Na",India–New Zealand Relations Enter a New Era as PM Modi Elevates Ties to Strategic Partnership,https://www.zplusenews.com/article/indianew-zealand-relations-enter-new-era-pm-modi-elevates-ties,Yes,Yes,Yes,No,569,
https://www.zplusenews.com/article/rupee-under-pressure-how-middle-east-tensions-dragging-indian-currency,Sitemap,200,Rupee Under Pressure: How Middle East Tensions Are Dragging the Indian Currency Down Against the Dollar | ZPluse News,"The Indian rupee is facing sustained pressure against the U.S. dollar as escalating tensions in the Middle East continue to shake global energy markets, disrupt",Rupee Under Pressure: How Middle East Tensions Are Dragging the Indian Currency Down Against the Dollar,https://www.zplusenews.com/article/rupee-under-pressure-how-middle-east-tensions-dragging-indian-currency,Yes,Yes,Yes,No,1105,
https://www.zplusenews.com/article/india-draws-red-line-new-delhi-warns-washington-after-us-strikes-hit,Sitemap,200,India Draws a Red Line: New Delhi Warns Washington After U.S. Strikes Hit Merchant Ships Carrying Indian Seafarers | ZPluse News,New Delhi: India has issued one of its strongest diplomatic messages to the United States in recent years after three merchant vessels carrying Indian seafarers,India Draws a Red Line: New Delhi Warns Washington After U.S. Strikes Hit Merchant Ships Carrying Indian Seafarers,https://www.zplusenews.com/article/india-draws-red-line-new-delhi-warns-washington-after-us-strikes-hit,Yes,Yes,Yes,No,848,
https://www.zplusenews.com/article/missiles-markets-megabytes-how-the-middle-east-tension-is-hitting-your-fuel-tank-and-wi-fi-signal-1775395273145,Sitemap,200,"Missiles, Markets & Megabytes: How the Middle East Tension is Hitting Your Fuel Tank and Wi-Fi Signal | ZPluse News","The Middle East is restless again. Missiles fly, statements flare, and global markets do what they do best, panic first, calculate later. Strategic Policy & Bac","Missiles, Markets & Megabytes: How the Middle East Tension is Hitting Your Fuel Tank and Wi-Fi Signal",https://www.zplusenews.com/article/missiles-markets-megabytes-how-the-middle-east-tension-is-hitting-your-fuel-tank-and-wi-fi-signal-1775395273145,Yes,Yes,Yes,No,564,
https://www.zplusenews.com/article/india-lifts-the-world-cup-a-statement-to-the-cricketing-world,Sitemap,200,India Lifts the World Cup: A Statement to the Cricketing World | ZPluse News,"India has done it again. On the biggest stage of cricket, Team India crushed New Zealand to lift the T20 World Cup, delivering one of the most dominant final pe",India Lifts the World Cup: A Statement to the Cricketing World,https://www.zplusenews.com/article/india-lifts-the-world-cup-a-statement-to-the-cricketing-world,Yes,Yes,Yes,No,283,
https://www.zplusenews.com/article/how-rcb-became-champions-again-ipl-2026-strategy-dks-masterplan-kohlis,Sitemap,200,"RCB Became Champions Again in IPL 2026: The Strategy, DK’s Masterplan and Kohli’s Everlasting Influence | ZPluse News","For years, Royal Challengers Bengaluru was cricket’s greatest paradox. They had the biggest fanbase. They had some of the greatest players. They had Virat Kohli","RCB Became Champions Again in IPL 2026: The Strategy, DK’s Masterplan and Kohli’s Everlasting Influence",https://www.zplusenews.com/article/how-rcb-became-champions-again-ipl-2026-strategy-dks-masterplan-kohlis,Yes,Yes,Yes,No,936,
https://www.zplusenews.com/video/rain-threatens-india-versus-pakistan-t20-world-cup-clash,Sitemap,200,Rain threatens India versus Pakistan T20 World Cup clash in Colombo#cricket #viral #indiapakistanwar | ZPluse News,"The highly anticipated India vs Pakistan T20 World Cup showdown, after several scheduling changes, is just hours away at R. Premadasa Stadium in Colombo. While",Rain threatens India versus Pakistan T20 World Cup clash in Colombo#cricket #viral #indiapakistanwar,https://www.zplusenews.com/video/rain-threatens-india-versus-pakistan-t20-world-cup-clash,Yes,No,Yes,Yes,76,Group_143
https://www.zplusenews.com/video/neet-ipl,Sitemap,200,मोदी का विदेश दौरा | NEET पेपर लीक | अमित शाह बस्तर में | IPL प्लेऑफ का महासंग्राम | ZPluse News,देश और खेल जगत की आज की सबसे बड़ी खबरों में आपका स्वागत है। इस वीडियो में देखिए — 🔹 प्रधानमंत्री नरेंद्र मोदी के विदेश दौरे की बड़ी अपडेट 🔹 NEET-UG 2026 पेपर,मोदी का विदेश दौरा | NEET पेपर लीक | अमित शाह बस्तर में | IPL प्लेऑफ का महासंग्राम,https://www.zplusenews.com/video/neet-ipl,Yes,No,Yes,Yes,95,Group_144
https://www.zplusenews.com/video/boxing-day-test-2-mcg-pitch-shock-ashes-2025,Sitemap,200,Boxing Day Test 2 दिन में खत्म! 😱 MCG Pitch Shock | Ashes 2025 | | ZPluse News,"The Boxing Day Test at the Melbourne Cricket Ground ended in just two days during The Ashes 2025, shocking the cricket world. A total of 36 wickets fell in 142",Boxing Day Test 2 दिन में खत्म! 😱 MCG Pitch Shock | Ashes 2025 |,https://www.zplusenews.com/video/boxing-day-test-2-mcg-pitch-shock-ashes-2025,Yes,No,Yes,Yes,110,Group_145
https://www.zplusenews.com/article/water-strategic-lever-india-signals-tough-new-stance-indus-waters,Sitemap,200,Water as a Strategic Lever: India Signals Tough New Stance on Indus Waters Treaty with Pakistan | ZPluse News,"New Delhi: In one of its strongest statements yet on the future of the Indus Waters Treaty (IWT), the Indian government has declared that Pakistan will not rece",Water as a Strategic Lever: India Signals Tough New Stance on Indus Waters Treaty with Pakistan,https://www.zplusenews.com/article/water-strategic-lever-india-signals-tough-new-stance-indus-waters,Yes,Yes,Yes,No,823,
https://www.zplusenews.com/article/indian-medical-students-in-iran-seek-urgent-help-amid-rising-u-s-iran-tensions,Sitemap,200,Indian Medical Students in Iran Seek Urgent Help Amid Rising U.S.–Iran Tensions | ZPluse News,A growing number of Indian medical students in Iran have voiced frustration and appealed for urgent government intervention as they remain stranded in the count,Indian Medical Students in Iran Seek Urgent Help Amid Rising U.S.–Iran Tensions,https://www.zplusenews.com/article/indian-medical-students-in-iran-seek-urgent-help-amid-rising-u-s-iran-tensions,Yes,Yes,Yes,No,245,Group_72
https://www.zplusenews.com/article/fault-lines-in-the-gulf-uae-iran-hostilities-and-abu-dhabi-s-shock-exit-from-opec-1778070236016,Sitemap,200,Fault Lines in the Gulf: UAE–Iran Hostilities and Abu Dhabi’s Shock Exit from OPEC | ZPluse News,The Middle East is once again entering dangerous waters. Strategic Policy & Background What began as rising maritime tensions and proxy rivalry has now escalate,Fault Lines in the Gulf: UAE–Iran Hostilities and Abu Dhabi’s Shock Exit from OPEC,https://www.zplusenews.com/article/fault-lines-in-the-gulf-uae-iran-hostilities-and-abu-dhabi-s-shock-exit-from-opec-1778070236016,Yes,Yes,Yes,No,723,
https://www.zplusenews.com/article/automated-test-sports-coverage-1774466876486,Sitemap,200,Automated Test: SPORTS Coverage | ZPluse News,This is a programmatically generated article confirming the sports grid functionality successfully renders on the live ZPlus News interface.,Automated Test: SPORTS Coverage,https://www.zplusenews.com/article/automated-test-sports-coverage-1774466876486,Yes,Yes,Yes,No,19,Group_120
https://www.zplusenews.com/video/abhayas-mother-contests-election,Sitemap,200,इंसाफ की लड़ाई अब चुनावी मैदान में! 🚨 Abhaya's Mother Contests Election | ZPluse News,पश्चिम बंगाल चुनाव 2026 (West Bengal Elections 2026) में पानीहाटी (Panihati) विधानसभा सीट सबसे ज्यादा चर्चा का विषय बन गई है। आर.जी. कर (RG Kar Case) मामले की प,इंसाफ की लड़ाई अब चुनावी मैदान में! 🚨 Abhaya's Mother Contests Election,https://www.zplusenews.com/video/abhayas-mother-contests-election,Yes,No,Yes,Yes,111,Group_146
https://www.zplusenews.com/article/from-the-banks-of-the-ganges-to-the-skyline-of-singapore-1775475631275,Sitemap,200,From the banks of the Ganges to the skyline of Singapore | ZPluse News,"From the banks of the Ganges to the skyline of Singapore, Uttar Pradesh Chief Minister Yogi Adityanath is on a high-stakes diplomatic outreach. Strategic Policy",From the banks of the Ganges to the skyline of Singapore,https://www.zplusenews.com/article/from-the-banks-of-the-ganges-to-the-skyline-of-singapore-1775475631275,Yes,Yes,Yes,No,419,
https://www.zplusenews.com/article/india-releases-first-comprehensive-terror-activity-report-1775475958809,Sitemap,200,India Releases First Comprehensive Terror Activity Report | ZPluse News,"India has upped the ante. In a decisive move, New Delhi has released its first comprehensive account detailing terror activities it says are linked to Pakistan-",India Releases First Comprehensive Terror Activity Report,https://www.zplusenews.com/article/india-releases-first-comprehensive-terror-activity-report-1775475958809,Yes,Yes,Yes,No,303,Group_127
https://www.zplusenews.com/video/truth-pakistan-protests,Sitemap,200,लाहौर में अमेरिका पर हमला? 🚨 The Truth of Pakistan Protests - कराची के बाद लाहौर में बवाल! | ZPluse News,कराची के बाद अब लाहौर (Lahore) में भी भड़की अमेरिका-ईरान युद्ध की आग! जानिए ईरान के सुप्रीम लीडर अयातुल्ला खामेनेई (Ayatollah Khamenei) की मौत के बाद कैसे हजारो,लाहौर में अमेरिका पर हमला? 🚨 The Truth of Pakistan Protests - कराची के बाद लाहौर में बवाल!,https://www.zplusenews.com/video/truth-pakistan-protests,Yes,No,Yes,Yes,68,Group_147
https://www.zplusenews.com/article/heartbeat-detection-technology-from-cold-war-rescue-to-modern-warfare-1775663230127,Sitemap,200,Heartbeat Detection Technology: From Cold War Rescue to Modern Warfare | ZPluse News,"This is a fascinating story that sounds like something out of a spy thriller, but it is actually a blend of high-tech engineering and a legendary rescue operati",Heartbeat Detection Technology: From Cold War Rescue to Modern Warfare,https://www.zplusenews.com/article/heartbeat-detection-technology-from-cold-war-rescue-to-modern-warfare-1775663230127,Yes,Yes,Yes,No,435,
https://www.zplusenews.com/article/a-political-earthquake-bjp-s-historic-triumph-in-west-bengal-and-what-it-means-for-india-1777982134648,Sitemap,200,A Political Earthquake: BJP’s Historic Triumph in West Bengal and What It Means for India | ZPluse News,"In a result that has redrawn India’s political map, the Bharatiya Janata Party (BJP) has achieved a historic victory in West Bengal breaking decades of regional",A Political Earthquake: BJP’s Historic Triumph in West Bengal and What It Means for India,https://www.zplusenews.com/article/a-political-earthquake-bjp-s-historic-triumph-in-west-bengal-and-what-it-means-for-india-1777982134648,Yes,Yes,Yes,No,682,
https://www.zplusenews.com/video/-8,Sitemap,200,कीव पर मिसाइल अटैक | भारत-अमेरिका वार्ता | बुमराह को आराम! | ZPluse News,"आज की इस वीडियो में देखिए देश और दुनिया की 5 सबसे बड़ी और ताजा खबरें — 🔴 व्हाइट हाउस चेकपॉइंट पर गोलीबारी, सीक्रेट सर्विस ने हमलावर को मार गिराया 💥 रूस ने यूक",कीव पर मिसाइल अटैक | भारत-अमेरिका वार्ता | बुमराह को आराम!,https://www.zplusenews.com/video/-8,Yes,No,Yes,Yes,118,Group_148
https://www.zplusenews.com/article/tmcs-biggest-crisis-since-2011-rajya-sabha-mp-prakash-chik-baraik,Sitemap,200,TMC’s Biggest Crisis Since 2011? Rajya Sabha MP Prakash Chik Baraik Quits as Revolt Against Mamata Banerjee Deepens | ZPluse News,Kolkata: The political turmoil within the Trinamool Congress (TMC) appears to have entered a dangerous new phase with Rajya Sabha MP Prakash Chik Baraik resigni,TMC’s Biggest Crisis Since 2011? Rajya Sabha MP Prakash Chik Baraik Quits as Revolt Against Mamata Banerjee Deepens,https://www.zplusenews.com/article/tmcs-biggest-crisis-since-2011-rajya-sabha-mp-prakash-chik-baraik,Yes,Yes,Yes,No,798,
https://www.zplusenews.com/article/india-s-thorium-dream-a-sleeping-giant-1775221021534,Sitemap,200,India’s Thorium Dream: A Sleeping Giant? | ZPluse News,"India sits on one of the largest thorium reserves in the world, quietly buried in the monazite sands along its southern coasts. Strategic Policy & Background Fo",India’s Thorium Dream: A Sleeping Giant?,https://www.zplusenews.com/article/india-s-thorium-dream-a-sleeping-giant-1775221021534,Yes,Yes,Yes,No,243,
https://www.zplusenews.com/video/trendingviralmustwatchwatchnowupdatebignewsshockingexclusive,Sitemap,200,#Trending#Viral#MustWatch#WatchNow#Update#BigNews#Shocking#Exclusive | ZPluse News,"🔥 Breaking News Today | Latest News Update 2026 | Big Update You Must Know! Stay updated with the latest breaking news happening right now! In this video, we b",#Trending#Viral#MustWatch#WatchNow#Update#BigNews#Shocking#Exclusive,https://www.zplusenews.com/video/trendingviralmustwatchwatchnowupdatebignewsshockingexclusive,Yes,No,Yes,Yes,157,Group_104
https://www.zplusenews.com/article/victory-turns-into-power-struggle-congress-faces-internal-tussle-over-kerala-chief-minister-choice-1778426750209,Sitemap,200,Victory Turns Into Power Struggle: Congress Faces Internal Tussle Over Kerala Chief Minister Choice | ZPluse News,"The Congress-led United Democratic Front may have secured a decisive victory in Kerala, but even before the celebrations have fully settled, a familiar problem",Victory Turns Into Power Struggle: Congress Faces Internal Tussle Over Kerala Chief Minister Choice,https://www.zplusenews.com/article/victory-turns-into-power-struggle-congress-faces-internal-tussle-over-kerala-chief-minister-choice-1778426750209,Yes,Yes,Yes,No,770,
https://www.zplusenews.com/article/iran-s-shadow-war-hits-the-cloud-aws-bahrain-disrupted-1775105724387,Sitemap,200,Iran’s Shadow War Hits the Cloud: AWS Bahrain Disrupted | ZPluse News,"In a dramatic escalation of the ongoing Iran–U.S. conflict, the battlefield has now expanded into the digital domain. Key Advancements & Market Impacts Amazon W",Iran’s Shadow War Hits the Cloud: AWS Bahrain Disrupted,https://www.zplusenews.com/article/iran-s-shadow-war-hits-the-cloud-aws-bahrain-disrupted-1775105724387,Yes,Yes,Yes,No,308,
https://www.zplusenews.com/video/jaipur-indian-army-parade-rehearsal-26-january-2026,Sitemap,200,Jaipur में Indian Army Parade Rehearsal | 26 January 2026 | ZPluse News,"Indian Army Parade Rehearsal – Jaipur 2026 इस वीडियो में आप देख रहे हैं Indian Army Parade Rehearsal in Jaipur, जो 26 January 2026 Republic Day से पहले की जा रह",Jaipur में Indian Army Parade Rehearsal | 26 January 2026,https://www.zplusenews.com/video/jaipur-indian-army-parade-rehearsal-26-january-2026,Yes,No,Yes,Yes,143,Group_149
https://www.zplusenews.com/article/heatwave-grip-europe-1,Sitemap,200,Heatwave grip on EUROPE | ZPluse News,"Europe is currently buckling under a historic and lethal heatwave that has shattered temperature records across the continent. As of late June 2026, a relentles",Heatwave grip on EUROPE,https://www.zplusenews.com/article/heatwave-grip-europe-1,Yes,Yes,Yes,No,391,
https://www.zplusenews.com/video/indias-lpg-cylinder-shortage-why-restaurants-canteens-struggling-news,Sitemap,200,“India’s LPG Cylinder Shortage: Why Restaurants & Canteens Are Struggling” 🔥 #news #lpgcrisis #lpg | ZPluse News,"The shortage of commercial LPG cylinders triggered disruptions across restaurants, hostels, canteens and catering services in multiple cities, highlighting the",“India’s LPG Cylinder Shortage: Why Restaurants & Canteens Are Struggling” 🔥 #news #lpgcrisis #lpg,https://www.zplusenews.com/video/indias-lpg-cylinder-shortage-why-restaurants-canteens-struggling-news,Yes,No,Yes,Yes,36,Group_150
https://www.zplusenews.com/article/india-rejects-china-s-renaming-claims-on-arunachal-pradesh-1776085722485,Sitemap,200,India Rejects China’s Renaming Claims on Arunachal Pradesh | ZPluse News,"In what has become a recurring feature of regional geopolitics, China has once again released a list of so-called “standardized” names for locations in Arunacha",India Rejects China’s Renaming Claims on Arunachal Pradesh,https://www.zplusenews.com/article/india-rejects-china-s-renaming-claims-on-arunachal-pradesh-1776085722485,Yes,Yes,Yes,No,336,
https://www.zplusenews.com/video/wadh-balochistan-holi-celebration,Sitemap,200,पाकिस्तान में सनातन की होली! 🚩 Wadh Balochistan Holi Celebration | ZPluse News,पाकिस्तान (Pakistan) के बलूचिस्तान (Balochistan) स्थित 'वाघ' (Wadh) इलाके में कट्टरपंथ के साये के बीच भी हिंदुओं ने पूरे जोश के साथ सनातन धर्म की होली मनाई! हिं,पाकिस्तान में सनातन की होली! 🚩 Wadh Balochistan Holi Celebration,https://www.zplusenews.com/video/wadh-balochistan-holi-celebration,Yes,No,Yes,Yes,88,Group_151
https://www.zplusenews.com/video/tmc-breaking-news,Sitemap,200,"ट्रम्प को झटका, बिहार अस्पताल अग्निकांड, TMC में बगावत, विराट कोहली चोटिल! | Breaking News | ZPluse News",देश और दुनिया की सबसे महत्वपूर्ण खबरें: 🔹 अमेरिकी प्रतिनिधि सभा ने ईरान के खिलाफ सैन्य कार्रवाई रोकने का प्रस्ताव पारित कर डोनाल्ड ट्रम्प को बड़ा झटका दिया। 🔹,"ट्रम्प को झटका, बिहार अस्पताल अग्निकांड, TMC में बगावत, विराट कोहली चोटिल! | Breaking News",https://www.zplusenews.com/video/tmc-breaking-news,Yes,No,Yes,Yes,162,Group_152
https://www.zplusenews.com/article/a-strategic-retreat-why-akhilesh-yadav-scrapped-the-i-pac-deal-after-bengal-shockwaves-1778070487769,Sitemap,200,A Strategic Retreat: Why Akhilesh Yadav Scrapped the I-PAC Deal After Bengal Shockwaves | ZPluse News,"In politics, victories inspire imitation. Key Developments & Background Defeats trigger panic. And after the political earthquakes in West Bengal and Tamil Nadu",A Strategic Retreat: Why Akhilesh Yadav Scrapped the I-PAC Deal After Bengal Shockwaves,https://www.zplusenews.com/article/a-strategic-retreat-why-akhilesh-yadav-scrapped-the-i-pac-deal-after-bengal-shockwaves-1778070487769,Yes,Yes,Yes,No,606,
https://www.zplusenews.com/video/trendingviralmustwatchwatchnowupdatebignewsshockingexclusive-2,Sitemap,200,#Trending#Viral#MustWatch#WatchNow#Update#BigNews#Shocking#Exclusive | ZPluse News,Aaj ki taaza khabron mein aapka swagat hai! Is video mein hum lekar aaye hain desh aur duniya ki sabse badi aur important news updates. 👉 Iss video mein aap ja,#Trending#Viral#MustWatch#WatchNow#Update#BigNews#Shocking#Exclusive,https://www.zplusenews.com/video/trendingviralmustwatchwatchnowupdatebignewsshockingexclusive-2,Yes,No,Yes,Yes,52,Group_153
https://www.zplusenews.com/video/loc-indian-army,Sitemap,200,भारतीय सेना ने LoC पर 'छत्रपति शिवाजी महाराज' की भव्य प्रतिमा स्थापित की - Indian Army 🚩 | ZPluse News,कश्मीर (Kashmir) की वादियों और LoC (Line of Control) पर अब गूंजेगा 'हर हर महादेव'! भारतीय सेना (Indian Army) ने सीमा के बिल्कुल पास 'छत्रपति शिवाजी महाराज' (Chh,भारतीय सेना ने LoC पर 'छत्रपति शिवाजी महाराज' की भव्य प्रतिमा स्थापित की - Indian Army 🚩,https://www.zplusenews.com/video/loc-indian-army,Yes,No,Yes,Yes,110,Group_154
https://www.zplusenews.com/video/mgnrega-vikshit-bharat-rozgar-bill-2025-explained-rural-jobs-impact,Sitemap,200,MGNREGA खत्म? | Vikshit Bharat Rozgar Bill 2025 Explained | Rural Jobs Impact | ZPluse News,भारत सरकार ने **MGNREGA Act 2005** को बदलने के लिए एक नया बिल प्रस्तावित किया है — 👉 **Vikshit Bharat Guarantee for Rozgar and Aajeevika Mission Gramin Bill 20,MGNREGA खत्म? | Vikshit Bharat Rozgar Bill 2025 Explained | Rural Jobs Impact,https://www.zplusenews.com/video/mgnrega-vikshit-bharat-rozgar-bill-2025-explained-rural-jobs-impact,Yes,No,Yes,Yes,168,Group_155
https://www.zplusenews.com/,Sitemap,200,"ZPluse News | Breaking News, Latest India News, National & International Updates","ZPluse News is India's leading digital platform for breaking news, latest national updates, politics, business trends, defense, technology and state news.",,https://www.zplusenews.com/,Yes,No,Yes,No,0,Group_46
https://www.zplusenews.com/article/india-leads-global-tech-innovation-2026,Sitemap,200,India Leads Global Tech Innovation in 2026 | ZPluse News,"India is emerging as a powerhouse in global technology, with record investments in AI, semiconductors, and digital infrastructure driving unprecedented growth",India Leads Global Tech Innovation in 2026,https://www.zplusenews.com/article/india-leads-global-tech-innovation-2026,Yes,Yes,Yes,No,111,
https://www.zplusenews.com/article/jio-goes-public-reliance-unveils-indias-largestever-ipo-landmark,Sitemap,200,Jio Goes Public: Reliance Unveils India’s Largest-Ever IPO in Landmark Market Debut | ZPluse News,"Mumbai: Reliance Industries has officially launched what is expected to be the largest initial public offering (IPO) in Indian history, with its digital and tel",Jio Goes Public: Reliance Unveils India’s Largest-Ever IPO in Landmark Market Debut,https://www.zplusenews.com/article/jio-goes-public-reliance-unveils-indias-largestever-ipo-landmark,Yes,Yes,Yes,No,737,
https://www.zplusenews.com/article/russia-launches-massive-oreshnik-hypersonic-missile-strike-kyiv,Sitemap,200,Russia Launches Massive Oreshnik Hypersonic Missile Strike on Kyiv in Largest Attack Yet | ZPluse News,Kyiv witnessed one of the most devastating nights since the beginning of the Russia–Ukraine war after Russia reportedly launched a massive missile assault invol,Russia Launches Massive Oreshnik Hypersonic Missile Strike on Kyiv in Largest Attack Yet,https://www.zplusenews.com/article/russia-launches-massive-oreshnik-hypersonic-missile-strike-kyiv,Yes,Yes,Yes,No,818,
https://www.zplusenews.com/article/indian-navy-set-to-commission-ins-anjadeep-a-new-boost-to-maritime-security-1775395103829,Sitemap,200,Indian Navy Set to Commission INS Anjadeep: A New Boost to Maritime Security | ZPluse News,"The Indian Navy is set to commission INS Anjadeep, a modern patrol vessel designed to strengthen India’s coastal defense and maritime surveillance capabilities.",Indian Navy Set to Commission INS Anjadeep: A New Boost to Maritime Security,https://www.zplusenews.com/article/indian-navy-set-to-commission-ins-anjadeep-a-new-boost-to-maritime-security-1775395103829,Yes,Yes,Yes,No,545,
https://www.zplusenews.com/video/south-africa-vs-india-cricket-match-update,Sitemap,200,दक्षिण अफ़्रीका बनाम भारतीय क्रिकेट टीम - South Africa VS India Cricket Match - Update | ZPluse News,"India vs South Africa 3rd T20I match at HPCA Stadium Dharamshala. Get IND vs SA toss update, live scorecard, playing XI, match time, Dharamshala weather report,",दक्षिण अफ़्रीका बनाम भारतीय क्रिकेट टीम - South Africa VS India Cricket Match - Update,https://www.zplusenews.com/video/south-africa-vs-india-cricket-match-update,Yes,No,Yes,Yes,221,Group_156
https://www.zplusenews.com/article/rawalakot-revolt-shoot-sight-orders-issued-unrest-engulfs-pakistan,Sitemap,200,Rawalakot in Revolt: Shoot at Sight Orders Issued as Unrest Engulfs Pakistan Occupied Kashmir | ZPluse News,"Rawalakot: Pakistan-occupied Kashmir (PoK) is witnessing one of its most serious episodes of civil unrest in recent years, with authorities reportedly issuing s",Rawalakot in Revolt: Shoot at Sight Orders Issued as Unrest Engulfs Pakistan Occupied Kashmir,https://www.zplusenews.com/article/rawalakot-revolt-shoot-sight-orders-issued-unrest-engulfs-pakistan,Yes,Yes,Yes,No,628,
https://www.zplusenews.com/article/operation-sindoor-strategy-over-spectacle,Sitemap,200,Operation Sindoor: Strategy Over Spectacle | ZPluse News,"When missiles lit up the Gulf skies, the world expected the region’s richest nations armed with billions of dollars’ worth of Western air defence systems, to do",Operation Sindoor: Strategy Over Spectacle,https://www.zplusenews.com/article/operation-sindoor-strategy-over-spectacle,Yes,Yes,Yes,No,230,
https://www.zplusenews.com/article/1-lakh-crore-naval-leap-indian-navy-unveils-next-wave-warship-projects,Sitemap,200,₹1 Lakh Crore Naval Leap: Indian Navy Unveils Next Wave of Warship Projects to Dominate the Indo-Pacific | ZPluse News,New Delhi: India is set to take another giant stride in strengthening its maritime power as the Indian Navy prepares to launch three major indigenous warship pr,₹1 Lakh Crore Naval Leap: Indian Navy Unveils Next Wave of Warship Projects to Dominate the Indo-Pacific,https://www.zplusenews.com/article/1-lakh-crore-naval-leap-indian-navy-unveils-next-wave-warship-projects,Yes,Yes,Yes,No,563,
https://www.zplusenews.com/article/russia-delivers-fourth-squadron-aienabled-s400-air-defence-system,Sitemap,200,"Russia Delivers Fourth Squadron of AI-Enabled S-400 Air Defence System to India, Strengthening Strategic Shield | ZPluse News","New Delhi: India has received the fourth squadron of the advanced S-400 Triumf air defence system from Russia, significantly boosting the country’s ability to d","Russia Delivers Fourth Squadron of AI-Enabled S-400 Air Defence System to India, Strengthening Strategic Shield",https://www.zplusenews.com/article/russia-delivers-fourth-squadron-aienabled-s400-air-defence-system,Yes,Yes,Yes,No,869,
https://www.zplusenews.com/video/mobile-aiims-rishikesh-cheating-caught,Sitemap,200,चप्पल में Mobile! 🤯🚨 AIIMS Rishikesh Cheating Caught | ZPluse News,"ऋषिकेश एम्स (AIIMS Rishikesh) की परीक्षा में नकल का एक ऐसा हैरान कर देने वाला 'हाई-टेक जुगाड़' (High-Tech Cheating) सामने आया है, जिसे देखकर सुरक्षाकर्मी भी दंग",चप्पल में Mobile! 🤯🚨 AIIMS Rishikesh Cheating Caught,https://www.zplusenews.com/video/mobile-aiims-rishikesh-cheating-caught,Yes,No,Yes,Yes,126,Group_157
https://www.zplusenews.com/article/indias-gaganyaan-mission-set-launch-coming-months-marking-historic,Sitemap,200,"India’s Gaganyaan Mission Set for Launch in Coming Months, Marking a Historic Leap in Human Spaceflight | ZPluse News",India is preparing for one of the most defining moments in its scientific and technological history as the country’s ambitious Gaganyaan mission moves closer to,"India’s Gaganyaan Mission Set for Launch in Coming Months, Marking a Historic Leap in Human Spaceflight",https://www.zplusenews.com/article/indias-gaganyaan-mission-set-launch-coming-months-marking-historic,Yes,Yes,Yes,No,796,
https://www.zplusenews.com/article/new-flashpoint-durand-line-afghanistan-launches-airstrikes-inside,Sitemap,200,New Flashpoint on the Durand Line: Afghanistan Launches Airstrikes Inside Pakistan as Border Tensions Escalate | ZPluse News,Tensions between Afghanistan and Pakistan have escalated dramatically after Afghan forces reportedly carried out airstrikes against targets inside Pakistani ter,New Flashpoint on the Durand Line: Afghanistan Launches Airstrikes Inside Pakistan as Border Tensions Escalate,https://www.zplusenews.com/article/new-flashpoint-durand-line-afghanistan-launches-airstrikes-inside,Yes,Yes,Yes,No,705,
https://www.zplusenews.com/article/fatf-actions-myanmar,Sitemap,200,FATF actions on myanmar | ZPluse News,"The Financial Action Task Force (FATF) has turned up the heat on Myanmar, issuing a pointed, urgent directive for the nation to dismantle the massive cyber-scam",FATF actions on myanmar,https://www.zplusenews.com/article/fatf-actions-myanmar,Yes,Yes,Yes,No,306,
https://www.zplusenews.com/video/unbelievable-cricket-comeback-182run-partnership-stuns-hyderabad,Sitemap,200,Unbelievable Cricket Comeback | 182-Run Partnership Stuns Hyderabad 😱 क्रिकेट ने फिर चौंकाया! | ZPluse News,"A match that looked over… until one innings changed history. From 90/7 to a stunning win, this Vijay Hazare Trophy clash delivered peak cricket drama. A maiden",Unbelievable Cricket Comeback | 182-Run Partnership Stuns Hyderabad 😱 क्रिकेट ने फिर चौंकाया!,https://www.zplusenews.com/video/unbelievable-cricket-comeback-182run-partnership-stuns-hyderabad,Yes,No,Yes,Yes,71,Group_158
https://www.zplusenews.com/article/quantum-computing-startup-qcore-secures-120m-in-series-b-funding-1774546366187,Sitemap,200,Quantum Computing Startup 'QCore' Secures $120M in Series B Funding | ZPluse News,"A revolutionary quantum computing firm has closed a massive funding round, aiming to bring commercial-grade quantum processors to enterprise cloud networks by t",Quantum Computing Startup 'QCore' Secures $120M in Series B Funding,https://www.zplusenews.com/article/quantum-computing-startup-qcore-secures-120m-in-series-b-funding-1774546366187,Yes,Yes,Yes,No,129,
https://www.zplusenews.com/article/matt-henry-reaches-summit-new-zealand-pacer-becomes-joint-world-1-icc,Sitemap,200,Matt Henry Reaches the Summit: New Zealand Pacer Becomes Joint World No. 1 in ICC Test Bowling Rankings | ZPluse News,"New Zealand fast bowler Matt Henry has achieved the biggest milestone of his Test career by climbing to the top of the ICC Men’s Test Bowling Rankings, becoming",Matt Henry Reaches the Summit: New Zealand Pacer Becomes Joint World No. 1 in ICC Test Bowling Rankings,https://www.zplusenews.com/article/matt-henry-reaches-summit-new-zealand-pacer-becomes-joint-world-1-icc,Yes,Yes,Yes,No,660,
https://www.zplusenews.com/article/indias-first-captagon-seizure-raises-alarm-amit-shah-calls-jihadi-drug,Sitemap,200,India’s First Captagon Seizure Raises Alarm: Amit Shah Calls It a “Jihadi Drug” Amid Growing Narco-Terror Concerns | ZPluse News,India’s security agencies are confronting a disturbing new threat after the country reported its first major seizure linked to the notorious drug Captagon—a sub,India’s First Captagon Seizure Raises Alarm: Amit Shah Calls It a “Jihadi Drug” Amid Growing Narco-Terror Concerns,https://www.zplusenews.com/article/indias-first-captagon-seizure-raises-alarm-amit-shah-calls-jihadi-drug,Yes,Yes,Yes,No,914,
https://www.zplusenews.com/video/news-breakingnews-viral,Sitemap,200,#news #breakingnews #viral | ZPluse News,Watch video news on ZPluse News.,#news #breakingnews #viral,https://www.zplusenews.com/video/news-breakingnews-viral,Yes,No,Yes,Yes,3,Group_14
https://www.zplusenews.com/article/israel-lebanon-begin-historic-talks-after-usled-mediation-raising,Sitemap,200,"Israel and Lebanon Begin Historic Talks After U.S.-Led Mediation, Raising Hopes of Ending Decades of Hostility | ZPluse News","In a development that could potentially reshape the security architecture of the Middle East, Israel and Lebanon have reportedly begun direct negotiations follo","Israel and Lebanon Begin Historic Talks After U.S.-Led Mediation, Raising Hopes of Ending Decades of Hostility",https://www.zplusenews.com/article/israel-lebanon-begin-historic-talks-after-usled-mediation-raising,Yes,Yes,Yes,No,1159,
https://www.zplusenews.com/video/kolkata-police-action-bengal,Sitemap,200,"Kolkata Police Action: सड़क पर नमाज पढ़ने पर लाठीचार्ज, Bengal में नया नियम लागू! | ZPluse News","पश्चिम बंगाल प्रशासन ने स्पष्ट कर दिया है कि सार्वजनिक सड़कों को धार्मिक आयोजनों के लिए बंधक नहीं बनाया जा सकता। जब कोलकाता में सड़क जाम करने की कोशिश की गई, तो","Kolkata Police Action: सड़क पर नमाज पढ़ने पर लाठीचार्ज, Bengal में नया नियम लागू!",https://www.zplusenews.com/video/kolkata-police-action-bengal,Yes,No,Yes,Yes,96,Group_159
https://www.zplusenews.com/article/here-newspaperstyle-feature-article-improved-title-global-game-debate,Sitemap,200,The Global Game Debate: Why Football Rules the World While Cricket Commands Billions | ZPluse News,"In the world of sports, few debates generate as much discussion as the question of which game truly deserves the title of the most global sport. While football",The Global Game Debate: Why Football Rules the World While Cricket Commands Billions,https://www.zplusenews.com/article/here-newspaperstyle-feature-article-improved-title-global-game-debate,Yes,Yes,Yes,No,810,
https://www.zplusenews.com/article/terror-goes-digital-up-ats-cracks-isis-linked-online-module-1775014913571,Sitemap,200,Terror Goes Digital: UP ATS Cracks ISIS-Linked Online Module | ZPluse News,"In a chilling reminder of how modern terror networks operate, the UP ATS has arrested Harshid Ali a trained dentist for allegedly running an ISIS-linked online",Terror Goes Digital: UP ATS Cracks ISIS-Linked Online Module,https://www.zplusenews.com/article/terror-goes-digital-up-ats-cracks-isis-linked-online-module-1775014913571,Yes,Yes,Yes,No,209,
https://www.zplusenews.com/article/us-secretary-state-marco-rubio-visit-india-may-23-his-first-official,Sitemap,200,US Secretary of State Marco Rubio to Visit India on May 23 in His First Official India Tour | ZPluse News,"In a major diplomatic development reflecting the growing strategic importance of India–US relations, Marco Rubio is set to arrive in India on May 23 for his fir",US Secretary of State Marco Rubio to Visit India on May 23 in His First Official India Tour,https://www.zplusenews.com/article/us-secretary-state-marco-rubio-visit-india-may-23-his-first-official,Yes,Yes,Yes,No,981,
https://www.zplusenews.com/article/football-fever-its-peak-biggest-fifa-world-cup-ever-captivates-planet,Sitemap,200,Football Fever at Its Peak: The Biggest FIFA World Cup Ever Captivates the Planet | ZPluse News,"The FIFA World Cup 2026 has finally arrived, and football fever is sweeping across continents with an intensity rarely seen in sporting history. From packed fan",Football Fever at Its Peak: The Biggest FIFA World Cup Ever Captivates the Planet,https://www.zplusenews.com/article/football-fever-its-peak-biggest-fifa-world-cup-ever-captivates-planet,Yes,Yes,Yes,No,588,
https://www.zplusenews.com/article/jharkhand-plane-crash-tragedy-strikes-near-ranchi-rescue-efforts-underway-,Sitemap,200,"Jharkhand Plane Crash: Tragedy Strikes Near Ranchi, Rescue Efforts Underway | ZPluse News","Jharkhand Plane Crash: Tragedy Strikes Near Ranchi, Rescue Efforts Underway By Staff of Zpluse News A tragic aviation accident shook Jharkhand today after a sma","Jharkhand Plane Crash: Tragedy Strikes Near Ranchi, Rescue Efforts Underway",https://www.zplusenews.com/article/jharkhand-plane-crash-tragedy-strikes-near-ranchi-rescue-efforts-underway-,Yes,Yes,Yes,No,438,
https://www.zplusenews.com/article/rare-show-unity-all-28-chief-ministers-attend-niti-aayog-meeting,Sitemap,200,A Rare Show of Unity: All 28 Chief Ministers Attend NITI Aayog Meeting Chaired by PM Modi | ZPluse News,"New Delhi: In a rare and politically significant development, all 28 Chief Ministers of India’s states participated in the NITI Aayog Governing Council meeting",A Rare Show of Unity: All 28 Chief Ministers Attend NITI Aayog Meeting Chaired by PM Modi,https://www.zplusenews.com/article/rare-show-unity-all-28-chief-ministers-attend-niti-aayog-meeting,Yes,Yes,Yes,No,763,
https://www.zplusenews.com/article/explosive-claim-raises-global-tensions-analyst-alleges-mossad-plot,Sitemap,200,Explosive Claim Raises Global Tensions: Analyst Alleges Mossad Plot Against Pakistan Army Chief in Switzerland | ZPluse News,A sensational claim made by Brazilian journalist and geopolitical analyst Pepe Escobar has sparked international attention after he alleged that Israel’s intell,Explosive Claim Raises Global Tensions: Analyst Alleges Mossad Plot Against Pakistan Army Chief in Switzerland,https://www.zplusenews.com/article/explosive-claim-raises-global-tensions-analyst-alleges-mossad-plot,Yes,Yes,Yes,No,584,
https://www.zplusenews.com/economics,Sitemap,200,Economics News | ZPluse News,"Business and economics news from India. Market updates, economy trends, finance and trade news.",Economics News,https://www.zplusenews.com/economics,Yes,No,Yes,No,10,
https://www.zplusenews.com/article/hezbollah-attack-on-israel-1775994909991,Sitemap,200,Hezbollah attack on Israel: | ZPluse News,"The Middle East is on the brink. As Israel’s war with Iran intensifies, a new front has exploded open. Hezbollah, Tehran’s most powerful proxy, has fired rocket",Hezbollah attack on Israel:,https://www.zplusenews.com/article/hezbollah-attack-on-israel-1775994909991,Yes,Yes,Yes,No,316,
https://www.zplusenews.com/article/work-from-home-save-fuel-pm-modi-s-appeal-signals-india-s-push-for-energy-discipline-amid-global-uncertainty-1778512883108,Sitemap,200,"“Work From Home, Save Fuel”: PM Modi’s Appeal Signals India’s Push for Energy Discipline Amid Global Uncertainty | ZPluse News","Prime Minister Narendra Modi has made a striking public appeal urging citizens and institutions to reduce unnecessary fuel consumption, encourage work-from-home","“Work From Home, Save Fuel”: PM Modi’s Appeal Signals India’s Push for Energy Discipline Amid Global Uncertainty",https://www.zplusenews.com/article/work-from-home-save-fuel-pm-modi-s-appeal-signals-india-s-push-for-energy-discipline-amid-global-uncertainty-1778512883108,Yes,Yes,Yes,No,851,
https://www.zplusenews.com/article/voice-global-south-pm-modi-set-carry-developing-nations-agenda-g7,Sitemap,200,Voice of the Global South: PM Modi Set to Carry Developing Nations’ Agenda to G7 Summit | ZPluse News,New Delhi: Prime Minister Narendra Modi has said that he will carry the aspirations and concerns of the Global South to the upcoming G7 Summit as he embarks on,Voice of the Global South: PM Modi Set to Carry Developing Nations’ Agenda to G7 Summit,https://www.zplusenews.com/article/voice-global-south-pm-modi-set-carry-developing-nations-agenda-g7,Yes,Yes,Yes,No,777,
https://www.zplusenews.com/article/automated-test-polity-coverage-1774466459803,Sitemap,200,Automated Test: POLITY Coverage | ZPluse News,This is a programmatically generated article confirming the polity grid functionality successfully renders on the live ZPlus News interface.,Automated Test: POLITY Coverage,https://www.zplusenews.com/article/automated-test-polity-coverage-1774466459803,Yes,Yes,Yes,No,19,Group_41
https://www.zplusenews.com/geography,Sitemap,200,Geography News | ZPluse News,"Geography and geopolitics news. Indian regions, borders, natural resources and geographic events.",Geography News,https://www.zplusenews.com/geography,Yes,No,Yes,No,10,
https://www.zplusenews.com/astrology,Sitemap,200,Astrology News | ZPluse News,"Daily horoscope, astrology predictions and spiritual news. Kundali, rashifal and jyotish updates.",Astrology News,https://www.zplusenews.com/astrology,Yes,No,Yes,No,10,
https://www.zplusenews.com/article/dhamaal-5-confirmed-comedy-franchise-set-another-laugh-riot-after,Sitemap,200,Dhamaal 5’ Confirmed: Comedy Franchise Set for Another Laugh Riot After Fourth Film’s Surprise Ending | ZPluse News,Mumbai: Fans of Bollywood’s popular comedy franchise have another reason to celebrate as Dhamaal 4 concluded with a post-credit tease confirming that the madnes,Dhamaal 5’ Confirmed: Comedy Franchise Set for Another Laugh Riot After Fourth Film’s Surprise Ending,https://www.zplusenews.com/article/dhamaal-5-confirmed-comedy-franchise-set-another-laugh-riot-after,Yes,Yes,Yes,No,402,
https://www.zplusenews.com/article/virat-kohlitravis-head-handshake-snub-sets-ipl-internet-fire-after,Sitemap,200,Virat Kohli–Travis Head Handshake Snub Sets IPL Internet on Fire After Heated On-Field Clash | ZPluse News,Another high-voltage IPL moment has exploded across the cricketing world after Virat Kohli appeared to skip a post-match handshake with Travis Head following a,Virat Kohli–Travis Head Handshake Snub Sets IPL Internet on Fire After Heated On-Field Clash,https://www.zplusenews.com/article/virat-kohlitravis-head-handshake-snub-sets-ipl-internet-fire-after,Yes,Yes,Yes,No,886,
https://www.zplusenews.com/article/centre-notifies-resolution-highlevel-committee-study-demographic,Sitemap,200,"Centre Notifies Resolution on High-Level Committee to Study Demographic Changes, Sparks National Debate | ZPluse News","New Delhi: The Central government has officially notified a resolution constituting a high-level committee to examine demographic changes across the country, a","Centre Notifies Resolution on High-Level Committee to Study Demographic Changes, Sparks National Debate",https://www.zplusenews.com/article/centre-notifies-resolution-highlevel-committee-study-demographic,Yes,Yes,Yes,No,782,
https://www.zplusenews.com/video/ram-mandir-dispute-explained,Sitemap,200,राम मंदिर विवाद | Ram Mandir Dispute Explained | ZPluse News,"राम मंदिर विवाद भारत का एक ऐतिहासिक और संवेदनशील मुद्दा रहा है। इस वीडियो में हम इसके इतिहास, कोर्ट केस, और फैसलों को सरल भाषा में समझाते हैं। जानें कैसे इस विव",राम मंदिर विवाद | Ram Mandir Dispute Explained,https://www.zplusenews.com/video/ram-mandir-dispute-explained,Yes,No,Yes,Yes,99,Group_160
https://www.zplusenews.com/video/suvendu-adhikari-yogi-model,Sitemap,200,पश्चिम बंगाल में 'बुलडोजर एक्शन' शुरू! 🚜 Suvendu Adhikari ने अपनाया Yogi Model? | ZPluse News,"पश्चिम बंगाल में भी अब 'बुलडोजर की कार्रवाई' देखने को मिल रही है! बीजेपी नेता शुभेंदु अधिकारी (Suvendu Adhikari) ने अपने राजनीतिक गुरु, यूपी के सीएम योगी आदित्य",पश्चिम बंगाल में 'बुलडोजर एक्शन' शुरू! 🚜 Suvendu Adhikari ने अपनाया Yogi Model?,https://www.zplusenews.com/video/suvendu-adhikari-yogi-model,Yes,No,Yes,Yes,82,Group_161
https://www.zplusenews.com/article/indias-hydrogen-revolution-rails-six-things-every-passenger-should,Sitemap,200,India’s Hydrogen Revolution on Rails: Six Things Every Passenger Should Know Before the First Hydrogen Train Rolls Out | ZPluse News,"India is set to enter a new era of sustainable rail transport with the launch of its first hydrogen-powered passenger train, marking a major milestone in the co",India’s Hydrogen Revolution on Rails: Six Things Every Passenger Should Know Before the First Hydrogen Train Rolls Out,https://www.zplusenews.com/article/indias-hydrogen-revolution-rails-six-things-every-passenger-should,Yes,Yes,Yes,No,420,
https://www.zplusenews.com/article/grey-wave-chessboard-why-india-holds-the-maritime-advantage-1777027153950,Sitemap,200,Grey Wave Chessboard: Why India Holds the Maritime Advantage | ZPluse News,"To understand why India holds the upper hand in the evolving “Grey Zone” maritime competition, one must look beyond fleet numbers and focus on geography. This i",Grey Wave Chessboard: Why India Holds the Maritime Advantage,https://www.zplusenews.com/article/grey-wave-chessboard-why-india-holds-the-maritime-advantage-1777027153950,Yes,Yes,Yes,No,439,
https://www.zplusenews.com/sports,Sitemap,200,Sports News | ZPluse News,"Latest sports news from India. Cricket, football, Olympics, and all sports updates.",Sports News,https://www.zplusenews.com/sports,Yes,No,Yes,No,10,
https://www.zplusenews.com/article/what-vector-image-complete-guide-vector-graphics-formats-software-uses,Sitemap,200,"What Is a Vector Image? A Complete Guide to Vector Graphics, Formats, Software, and Uses | ZPluse News","Vector images have become an essential part of modern graphic design, web development, digital marketing, and printing. Unlike traditional raster images that ar","What Is a Vector Image? A Complete Guide to Vector Graphics, Formats, Software, and Uses",https://www.zplusenews.com/article/what-vector-image-complete-guide-vector-graphics-formats-software-uses,Yes,Yes,Yes,No,1172,
https://www.zplusenews.com/video/tmc-west-bengal,Sitemap,200,TMC का नेता शम्सुल इस्लाम निकला आतंकवादी - West Bengal | ZPluse News,Watch video news on ZPluse News.,TMC का नेता शम्सुल इस्लाम निकला आतंकवादी - West Bengal,https://www.zplusenews.com/video/tmc-west-bengal,Yes,No,Yes,Yes,3,Group_14
https://www.zplusenews.com/video/-4,Sitemap,200,"सिर में चोट, फिर पेट क्यों फाड़ा? गोरखपुर में डॉक्टरों पर किडनी चोरी का आरोप! 🚨 | ZPluse News",यूपी के सीएम सिटी गोरखपुर से एक दिल दहला देने वाला मामला सामने आया है। रेजीडेंसी अस्पताल पर एक मृतक युवक की मां ने गंभीर आरोप लगाए हैं। युवक के सिर में चोट लगी,"सिर में चोट, फिर पेट क्यों फाड़ा? गोरखपुर में डॉक्टरों पर किडनी चोरी का आरोप! 🚨",https://www.zplusenews.com/video/-4,Yes,No,Yes,Yes,75,Group_162
https://www.zplusenews.com/article/world-ngo-day-civil-society-at-the-frontlines-of-global-change-1775474720182,Sitemap,200,World NGO Day: Civil Society at the Frontlines of Global Change | ZPluse News,"They don’t command armies. They don’t draft laws. They don’t control markets. Key Developments & Background Yet, in the world’s darkest corners — from war-torn",World NGO Day: Civil Society at the Frontlines of Global Change,https://www.zplusenews.com/article/world-ngo-day-civil-society-at-the-frontlines-of-global-change-1775474720182,Yes,Yes,Yes,No,255,
https://www.zplusenews.com/article/iran-cleared-to-participate-in-2026-fifa-world-cup-amid-tensions-1776442769571,Sitemap,200,Iran Cleared to Participate in 2026 FIFA World Cup Amid Tensions | ZPluse News,"As of April 2026, FIFA President Gianni Infantino has officially confirmed that Iran will participate in the upcoming 2026 FIFA World Cup, co-hosted by the Unit",Iran Cleared to Participate in 2026 FIFA World Cup Amid Tensions,https://www.zplusenews.com/article/iran-cleared-to-participate-in-2026-fifa-world-cup-amid-tensions-1776442769571,Yes,Yes,Yes,No,224,
https://www.zplusenews.com/article/can-indian-rupee-hit-100-against-dollar-inside-indias-biggest-currency,Sitemap,200,Can the Indian Rupee Hit ₹100 Against the Dollar? Inside India’s Biggest Currency Fear | ZPluse News,"For years, the idea of the Indian rupee touching ₹100 against the US dollar sounded like a distant economic nightmare. Macroeconomic Dynamics Today, it no longe",Can the Indian Rupee Hit ₹100 Against the Dollar? Inside India’s Biggest Currency Fear,https://www.zplusenews.com/article/can-indian-rupee-hit-100-against-dollar-inside-indias-biggest-currency,Yes,Yes,Yes,No,1252,
https://www.zplusenews.com/article/power-from-waste-japan-turns-seawater-sewage-next-generation-clean,Sitemap,200,Power From Waste: Japan Turns Seawater and Sewage Into the Next Generation of Clean Electricity | ZPluse News,Tokyo: Japan is pioneering a new frontier in clean energy by transforming two of the world’s most overlooked resources—salty water and sewage—into electricity.,Power From Waste: Japan Turns Seawater and Sewage Into the Next Generation of Clean Electricity,https://www.zplusenews.com/article/power-from-waste-japan-turns-seawater-sewage-next-generation-clean,Yes,Yes,Yes,No,491,
https://www.zplusenews.com/video/breaking-news-top-10-news-today,Sitemap,200,BREAKING NEWS | आज की सभी बड़ी खबरें | Top 10 News Today | ZPluse News,"आज की 10 बड़ी खबरों में राजनीति, मौसम, खेल, बिजनेस, अंतरराष्ट्रीय और ब्रेकिंग न्यूज़ का पूरा अपडेट। वीडियो को लाइक करें, शेयर करें और Zpluse News को सब्सक्राइब",BREAKING NEWS | आज की सभी बड़ी खबरें | Top 10 News Today,https://www.zplusenews.com/video/breaking-news-top-10-news-today,Yes,No,Yes,Yes,35,Group_163
https://www.zplusenews.com/article/rrts-revolution-how-delhi-meerut-corridor-is-transforming-ncr-mobility-1775475800682,Sitemap,200,RRTS Revolution: How Delhi–Meerut Corridor Is Transforming NCR Mobility | ZPluse News,India’s urban commute is shifting gears. The Regional Rapid Transit System (RRTS) is no longer just a blueprint on paper; it is up and running. The Delhi–Meerut,RRTS Revolution: How Delhi–Meerut Corridor Is Transforming NCR Mobility,https://www.zplusenews.com/article/rrts-revolution-how-delhi-meerut-corridor-is-transforming-ncr-mobility-1775475800682,Yes,Yes,Yes,No,396,
https://www.zplusenews.com/video/cia-headquarters-dubai-attacked,Sitemap,200,ईरान का दुबई पर भयंकर हमला! 😱CIA headquarters in Dubai Attacked? | ZPluse News,ईरान ने लिया बदला? दुबई में CIA के ठिकानों पर हमले की खबर से हड़कंप! UAE पुलिस क्यों कर रही है गिरफ्तारियां? जानिए मिडिल-ईस्ट की सबसे बड़ी और खौफनाक सच्चाई। #Du,ईरान का दुबई पर भयंकर हमला! 😱CIA headquarters in Dubai Attacked?,https://www.zplusenews.com/video/cia-headquarters-dubai-attacked,Yes,No,Yes,Yes,33,Group_164
https://www.zplusenews.com/video/bangladesh-border-bsf-victory-rally,Sitemap,200,Bangladesh Border पर गूंजे जय श्री राम के नारे - BSF के साथ ग्रामीणों की Victory Rally! | ZPluse News,"बांग्लादेश बॉर्डर के पास ग्रामीणों की ये बेखौफ Victory Rally देखिए! जब BSF (Border Security Force) खुद एस्कॉर्ट कर रही हो, तो लोगों का कॉन्फिडेंस अलग ही स्तर पर",Bangladesh Border पर गूंजे जय श्री राम के नारे - BSF के साथ ग्रामीणों की Victory Rally!,https://www.zplusenews.com/video/bangladesh-border-bsf-victory-rally,Yes,No,Yes,Yes,56,Group_165
https://www.zplusenews.com/video/-6,Sitemap,200,आज की बड़ी खबरें: अमेरिका-ईरान टकराव से लेकर दिल्ली होटल हादसे तक | ZPluse News,आज की इस वीडियो में हम देश और दुनिया की 5 बड़ी खबरों पर चर्चा करेंगे: 🔹 अमेरिका और ईरान के बीच बढ़ते तनाव और हवाई हमलों की ताज़ा जानकारी। 🔹 पश्चिम बंगाल में म,आज की बड़ी खबरें: अमेरिका-ईरान टकराव से लेकर दिल्ली होटल हादसे तक,https://www.zplusenews.com/video/-6,Yes,No,Yes,Yes,144,Group_166
https://www.zplusenews.com/article/deep-sea-disco-discoveries-from-the-ocean-s-hidden-world-1777183459075,Sitemap,200,Deep Sea Disco: Discoveries from the Ocean’s Hidden World | ZPluse News,"While global attention often remains fixed on political shifts and conflicts, the deep ocean is quietly revealing a different kind of story—one of discovery, my",Deep Sea Disco: Discoveries from the Ocean’s Hidden World,https://www.zplusenews.com/article/deep-sea-disco-discoveries-from-the-ocean-s-hidden-world-1777183459075,Yes,Yes,Yes,No,451,
https://www.zplusenews.com/video/brigade-rally-2026,Sitemap,200,पीएम मोदी की रैली से पहले महा-बवाल - दीदी डर गयी - Brigade Rally 2026 | ZPluse News,पश्चिम बंगाल चुनाव 2026 (West Bengal Elections 2026) के सबसे बड़े सियासी संग्राम में नया मोड़! कोलकाता के ऐतिहासिक ब्रिगेड मैदान (Brigade Parade Ground) में पीए,पीएम मोदी की रैली से पहले महा-बवाल - दीदी डर गयी - Brigade Rally 2026,https://www.zplusenews.com/video/brigade-rally-2026,Yes,No,Yes,Yes,118,Group_167
https://www.zplusenews.com/video/cash-votes,Sitemap,200,Cash for Votes? चुनाव से पहले सरेआम बांटे गए लिफाफे! 😡 - बंगाल चुनाव | ZPluse News,पश्चिम बंगाल चुनाव (West Bengal Elections 2026) के बीच उत्तर दिनाजपुर (Uttar Dinajpur) के करनदिघी (Karandighi) से एक बेहद विवादित वीडियो वायरल (Viral Video) हो,Cash for Votes? चुनाव से पहले सरेआम बांटे गए लिफाफे! 😡 - बंगाल चुनाव,https://www.zplusenews.com/video/cash-votes,Yes,No,Yes,Yes,137,Group_168
https://www.zplusenews.com/video/smriti-mandhana-shafali-verma-india-womens-t20i,Sitemap,200,Smriti Mandhana & Shafali Verma का तूफान 🔥 India का सबसे बड़ा Women’s T20I स्कोर | | ZPluse News,भारतीय महिला क्रिकेट ने इतिहास रच दिया! स्मृति मंधाना और शेफाली वर्मा की रिकॉर्ड साझेदारी के दम पर भारत ने Women’s T20I में अब तक का सबसे बड़ा स्कोर बना दिया। ऋ,Smriti Mandhana & Shafali Verma का तूफान 🔥 India का सबसे बड़ा Women’s T20I स्कोर |,https://www.zplusenews.com/video/smriti-mandhana-shafali-verma-india-womens-t20i,Yes,No,Yes,Yes,66,Group_169
https://www.zplusenews.com/article/thorium-breakthrough-india-s-nuclear-leap-signals-a-new-energy-era-1775662875491,Sitemap,200,Thorium Breakthrough: India’s Nuclear Leap Signals a New Energy Era | ZPluse News,"The world of nuclear energy has just crossed a massive threshold. For decades, thorium has been seen as the “holy grail” of clean energy—a safer, more abundant",Thorium Breakthrough: India’s Nuclear Leap Signals a New Energy Era,https://www.zplusenews.com/article/thorium-breakthrough-india-s-nuclear-leap-signals-a-new-energy-era-1775662875491,Yes,Yes,Yes,No,412,
https://www.zplusenews.com/article/missiles-over-gulf-iran-opens-new-front-against-us-forces-jordan,Sitemap,200,Missiles Over the Gulf: Iran Opens New Front Against U.S. Forces in Jordan and Bahrain | ZPluse News,The rapidly escalating conflict in West Asia entered a dangerous new phase after Iran launched missile and drone attacks against multiple American military inst,Missiles Over the Gulf: Iran Opens New Front Against U.S. Forces in Jordan and Bahrain,https://www.zplusenews.com/article/missiles-over-gulf-iran-opens-new-front-against-us-forces-jordan,Yes,Yes,Yes,No,689,
https://www.zplusenews.com/article/from-coal-chemicals-pm-modi-launch-indias-first-commercialscale,Sitemap,200,From Coal to Chemicals: PM Modi to Launch India’s First Commercial-Scale Coal-to-Ammonium Nitrate Project in Odisha | ZPluse News,"Bhubaneswar: In a landmark step towards industrial self-reliance and energy security, Prime Minister Narendra Modi is set to lay the foundation stone of India’s",From Coal to Chemicals: PM Modi to Launch India’s First Commercial-Scale Coal-to-Ammonium Nitrate Project in Odisha,https://www.zplusenews.com/article/from-coal-chemicals-pm-modi-launch-indias-first-commercialscale,Yes,Yes,Yes,No,624,
https://www.zplusenews.com/article/india-condemns-attack-on-un-peacekeepers-in-southern-lebanon-1775395828226,Sitemap,200,India Condemns Attack on UN Peacekeepers in Southern Lebanon | ZPluse News,"The situation in Southern Lebanon has taken a somber turn, drawing sharp condemnation from New Delhi following an attack that resulted in the injury of Indonesi",India Condemns Attack on UN Peacekeepers in Southern Lebanon,https://www.zplusenews.com/article/india-condemns-attack-on-un-peacekeepers-in-southern-lebanon-1775395828226,Yes,Yes,Yes,No,353,
https://www.zplusenews.com/article/a-new-era-in-tamil-nadu-joseph-vijay-takes-oath-as-chief-minister-ending-six-decades-of-dravidian-dominance-1778420330156,Sitemap,200,"A New Era in Tamil Nadu: Joseph Vijay Takes Oath as Chief Minister, Ending Six Decades of Dravidian Dominance | ZPluse News",Tamil Nadu has witnessed a political moment that will be remembered for generations. Strategic Policy & Background Actor-turned-politician Vijay — popularly kno,"A New Era in Tamil Nadu: Joseph Vijay Takes Oath as Chief Minister, Ending Six Decades of Dravidian Dominance",https://www.zplusenews.com/article/a-new-era-in-tamil-nadu-joseph-vijay-takes-oath-as-chief-minister-ending-six-decades-of-dravidian-dominance-1778420330156,Yes,Yes,Yes,No,807,
https://www.zplusenews.com/video/iran-protest-2026-khamenei-vs-people-trump-warning,Sitemap,200,Iran Protest 2026: तेहरान जल रहा है | Khamenei vs People | Trump Warning | ZPluse News,"ईरान में खामेनेई शासन के खिलाफ जबरदस्त विरोध प्रदर्शन चल रहे हैं। तेहरान समेत कई शहरों में जनता सड़कों पर है, इंटरनेट बंद है और हालात बेकाबू होते जा रहे हैं। डो",Iran Protest 2026: तेहरान जल रहा है | Khamenei vs People | Trump Warning,https://www.zplusenews.com/video/iran-protest-2026-khamenei-vs-people-trump-warning,Yes,No,Yes,Yes,61,Group_170
https://www.zplusenews.com/article/oil-shock-returns-us-strikes-iran-send-global-crude-prices-soaring,Sitemap,200,Oil Shock Returns: U.S. Strikes on Iran Send Global Crude Prices Soaring | ZPluse News,"New Delhi: Global oil markets were jolted back into crisis mode after U.S. military strikes on Iranian targets triggered a sharp surge in crude oil prices, abru",Oil Shock Returns: U.S. Strikes on Iran Send Global Crude Prices Soaring,https://www.zplusenews.com/article/oil-shock-returns-us-strikes-iran-send-global-crude-prices-soaring,Yes,Yes,Yes,No,574,
https://www.zplusenews.com/video/west-bengal-election,Sitemap,200,West Bengal Election: ब्रिगेड मैदान में महिलाओं का सैलाब! 👁️ | ZPluse News,पश्चिम बंगाल चुनाव 2026 (West Bengal Elections 2026) से पहले कोलकाता के ऐतिहासिक ब्रिगेड मैदान (Brigade Parade Ground) में सबसे बड़ी राजनीतिक हलचल! राज्य भर से,West Bengal Election: ब्रिगेड मैदान में महिलाओं का सैलाब! 👁️,https://www.zplusenews.com/video/west-bengal-election,Yes,No,Yes,Yes,123,Group_171
https://www.zplusenews.com/video/police,Sitemap,200,ट्रेन में मरी हुई इंसानियत! Police ने सिखाया सबक 🔥 | ZPluse News,इंसानों से ज्यादा बैग की कीमत? Watch how this RPF officer taught a harsh lesson to selfish passengers occupying seats while women stood in the general coach. 🛑,ट्रेन में मरी हुई इंसानियत! Police ने सिखाया सबक 🔥,https://www.zplusenews.com/video/police,Yes,No,Yes,Yes,42,Group_172
https://www.zplusenews.com/video/182-neet,Sitemap,200,सेना प्रमुख का पाकिस्तान को बड़ा संदेश | ₹182 करोड़ ड्रग्स बरामद | NEET पर बड़ा खुलासा | ZPluse News,"आज की इस वीडियो में देखिए देश और राजनीति से जुड़ी 5 सबसे बड़ी खबरें — 🔹 ₹182 करोड़ की खतरनाक 'जिहादी ड्रग' जब्त, जांच एजेंसियां अलर्ट 🔹 सेना प्रमुख की पाकिस्त",सेना प्रमुख का पाकिस्तान को बड़ा संदेश | ₹182 करोड़ ड्रग्स बरामद | NEET पर बड़ा खुलासा,https://www.zplusenews.com/video/182-neet,Yes,No,Yes,Yes,100,Group_173
https://www.zplusenews.com/video/-10,Sitemap,200,दो शब्द कमेंट में मियां जी के लिए | ZPluse News,"A controversial incident has surfaced from the Kalkaji Metro Station in Delhi, where a video involving a confrontation inside a metro lift is going viral on soc",दो शब्द कमेंट में मियां जी के लिए,https://www.zplusenews.com/video/-10,Yes,No,Yes,Yes,126,Group_174
https://www.zplusenews.com/video/100,Sitemap,200,भारत बना डिजिटल सुपरपावर: ब्रॉडबैंड यूज़र्स की संख्या 100 करोड़ के पार! 📶 | ZPluse News,Watch video news on ZPluse News.,भारत बना डिजिटल सुपरपावर: ब्रॉडबैंड यूज़र्स की संख्या 100 करोड़ के पार! 📶,https://www.zplusenews.com/video/100,Yes,No,Yes,Yes,3,Group_14
https://www.zplusenews.com/article/the-fall-of-a-political-dynasty-tvk-s-108-seat-earthquake-ends-tamil-nadu-s-dravidian-duopoly-1777982815596,Sitemap,200,The Fall of a Political Dynasty: TVK’s 108-Seat Earthquake Ends Tamil Nadu’s Dravidian Duopoly | ZPluse News,Tamil Nadu has witnessed political waves before. Strategic Policy & Background This was a political earthquake. With a stunning 108 seats and nearly 35% vote sh,The Fall of a Political Dynasty: TVK’s 108-Seat Earthquake Ends Tamil Nadu’s Dravidian Duopoly,https://www.zplusenews.com/article/the-fall-of-a-political-dynasty-tvk-s-108-seat-earthquake-ends-tamil-nadu-s-dravidian-duopoly-1777982815596,Yes,Yes,Yes,No,622,
https://www.zplusenews.com/article/spirit-economy-how-liquor-became-one-uttar-pradeshs-biggest-revenue,Sitemap,200,The Spirit Economy: How Liquor Became One of Uttar Pradesh’s Biggest Revenue Engines | ZPluse News,"Lucknow: Once viewed primarily as a regulated consumer product, liquor has evolved into one of the largest sources of tax revenue for the Uttar Pradesh governme",The Spirit Economy: How Liquor Became One of Uttar Pradesh’s Biggest Revenue Engines,https://www.zplusenews.com/article/spirit-economy-how-liquor-became-one-uttar-pradeshs-biggest-revenue,Yes,Yes,Yes,No,581,
https://www.zplusenews.com/article/monsoon-tragedy-wayanad-landslide-tunnel-construction-site-kills-two,Sitemap,200,"Monsoon Tragedy in Wayanad: Landslide at Tunnel Construction Site Kills Two, Rescue Efforts Continue | ZPluse News","Wayanad: Torrential monsoon rains triggered a deadly landslide at an under-construction tunnel project in Kerala’s Wayanad district, claiming the lives of at le","Monsoon Tragedy in Wayanad: Landslide at Tunnel Construction Site Kills Two, Rescue Efforts Continue",https://www.zplusenews.com/article/monsoon-tragedy-wayanad-landslide-tunnel-construction-site-kills-two,Yes,Yes,Yes,No,513,
https://www.zplusenews.com/article/indias-ambitious-mumbaiahmedabad-bullet-train-project-gets-its-first,Sitemap,200,India’s Ambitious Mumbai–Ahmedabad Bullet Train Project Gets Its First Official Look | ZPluse News,India’s dream of entering the elite league of high-speed rail nations has taken a major leap forward with the unveiling of the first official glimpse of the Mum,India’s Ambitious Mumbai–Ahmedabad Bullet Train Project Gets Its First Official Look,https://www.zplusenews.com/article/indias-ambitious-mumbaiahmedabad-bullet-train-project-gets-its-first,Yes,Yes,Yes,No,568,
https://www.zplusenews.com/video/delhi-smog-crisis-rich-indians-leave-doctors-warn-common-people,Sitemap,200,"Delhi Smog Crisis: Rich Indians Leave, Doctors Warn Common People | ZPluse News","Delhi is facing its worst smog in years. Doctors are warning people to leave the city during winter if possible. As pollution reaches hazardous AQI levels, weal","Delhi Smog Crisis: Rich Indians Leave, Doctors Warn Common People",https://www.zplusenews.com/video/delhi-smog-crisis-rich-indians-leave-doctors-warn-common-people,Yes,No,Yes,Yes,77,Group_175
https://www.zplusenews.com/article/indias-37500-crore-coal-gasification-push-strategic-bet-syngas-reduce,Sitemap,200,"India’s ₹37,500 Crore Coal Gasification Push: A Strategic Bet on Syngas to Reduce Foreign Energy Dependence | ZPluse News","New Delhi: In a major step toward strengthening energy security and reducing dependence on imported fuels, India is aggressively expanding its coal gasification","India’s ₹37,500 Crore Coal Gasification Push: A Strategic Bet on Syngas to Reduce Foreign Energy Dependence",https://www.zplusenews.com/article/indias-37500-crore-coal-gasification-push-strategic-bet-syngas-reduce,Yes,Yes,Yes,No,895,
https://www.zplusenews.com/video/-9,Sitemap,200,कोयला खदान धमाका से दुनिया दहली | इबोला खतरा बढ़ा | कोहली-हेड विवाद वायरल | ZPluse News,आज की इस बड़ी न्यूज वीडियो में देखिए दुनिया और भारत की 5 सबसे चर्चित खबरें — 🔴 चीन की कोयला खदान में भयानक विस्फोट से कई लोग प्रभावित 🦠 अफ्रीकी देश कांगो में,कोयला खदान धमाका से दुनिया दहली | इबोला खतरा बढ़ा | कोहली-हेड विवाद वायरल,https://www.zplusenews.com/video/-9,Yes,No,Yes,Yes,110,Group_176
https://www.zplusenews.com/article/ceasefire-or-countdown-india-signals-caution-amid-us-iran-pause-1775663523973,Sitemap,200,Ceasefire or Countdown? India Signals Caution Amid US–Iran Pause | ZPluse News,"The geopolitical equivalent of “we need to talk” has just hit the global airwaves, and as usual, the signal carries a mix of hope and quiet panic. Strategic Pol",Ceasefire or Countdown? India Signals Caution Amid US–Iran Pause,https://www.zplusenews.com/article/ceasefire-or-countdown-india-signals-caution-amid-us-iran-pause-1775663523973,Yes,Yes,Yes,No,416,
https://www.zplusenews.com/article/lifeline-skilled-migrants-indian-diaspora-celebrates-court-decision,Sitemap,200,"A Lifeline for Skilled Migrants: Indian Diaspora Celebrates Court Decision Against $100,000 H-1B Visa Fee | ZPluse News",Washington D.C.: Indian-American organizations and skilled worker advocacy groups have welcomed a landmark court ruling that struck down a controversial proposa,"A Lifeline for Skilled Migrants: Indian Diaspora Celebrates Court Decision Against $100,000 H-1B Visa Fee",https://www.zplusenews.com/article/lifeline-skilled-migrants-indian-diaspora-celebrates-court-decision,Yes,Yes,Yes,No,720,
https://www.zplusenews.com/video/us-iran-nuclear-deal-jd-vance,Sitemap,200,US Iran Nuclear Deal: JD Vance ने दी चेतावनी | ZPluse News,क्या अमेरिका ईरान पर हमला करने वाला है? जिनेवा में परमाणु वार्ता (Nuclear Talks) के बाद उप-राष्ट्रपति जेडी वेंस (JD Vance) ने दिया बड़ा बयान। जानिए ट्रंप की 'रे,US Iran Nuclear Deal: JD Vance ने दी चेतावनी,https://www.zplusenews.com/video/us-iran-nuclear-deal-jd-vance,Yes,No,Yes,Yes,37,Group_177
https://www.zplusenews.com/article/empire-dust-how-rajesh-mehtas-golden-legacy-came-under-scrutiny,Sitemap,200,The Empire of Dust: How Rajesh Mehta’s Golden Legacy Came Under Scrutiny | ZPluse News,"The glittering reputation of Rajesh Mehta, once celebrated as one of the biggest names in the global gold trade, now stands overshadowed by one of the most expl",The Empire of Dust: How Rajesh Mehta’s Golden Legacy Came Under Scrutiny,https://www.zplusenews.com/article/empire-dust-how-rajesh-mehtas-golden-legacy-came-under-scrutiny,Yes,Yes,Yes,No,621,
https://www.zplusenews.com/article/political-shock-falta-repoll-tmc-candidate-jahangir-khan-withdraws,Sitemap,200,Political Shock in Falta Repoll: TMC Candidate Jahangir Khan Withdraws at the Last Moment | ZPluse News,"In a dramatic twist ahead of the high-voltage repoll in Falta, Trinamool Congress leader Jahangir Khan reportedly withdrew from the contest at the last moment,",Political Shock in Falta Repoll: TMC Candidate Jahangir Khan Withdraws at the Last Moment,https://www.zplusenews.com/article/political-shock-falta-repoll-tmc-candidate-jahangir-khan-withdraws,Yes,Yes,Yes,No,848,
https://www.zplusenews.com/video/expose,Sitemap,200,मध्य प्रदेश में भ्रष्टाचार EXPOSE 😡 | बुजुर्ग किसान से रिश्वत लेते पकड़ा गया कर्मचारी | ZPluse News,मध्य प्रदेश के टीकमगढ़ जिले की जतारा तहसील से भ्रष्टाचार का मामला सामने आया है। आरोप है कि सेक्शन राइटर बृजेंद्र अरजरिया ने एक बुजुर्ग किसान से रिश्वत ली। वीडिय,मध्य प्रदेश में भ्रष्टाचार EXPOSE 😡 | बुजुर्ग किसान से रिश्वत लेते पकड़ा गया कर्मचारी,https://www.zplusenews.com/video/expose,Yes,No,Yes,Yes,64,Group_178
https://www.zplusenews.com/video/dhurandhar-2-effect-pakistan,Sitemap,200,हर भिखारी में दिख रहा 'हमज़ा'! 🤣 Dhurandhar 2 Effect in Pakistan | ZPluse News,बॉलीवुड की ब्लॉकबस्टर फिल्म 'धुरंधर' (Dhurandhar) और उसमें रणवीर सिंह के 'हमज़ा' (Hamza) वाले अवतार ने पाकिस्तानियों की नींद उड़ा दी है! सोशल मीडिया (X/Twitter),हर भिखारी में दिख रहा 'हमज़ा'! 🤣 Dhurandhar 2 Effect in Pakistan,https://www.zplusenews.com/video/dhurandhar-2-effect-pakistan,Yes,No,Yes,Yes,116,Group_179
https://www.zplusenews.com/article/vande-mataram-made-mandatory-all-madrasas-across-west-bengal-sparks,Sitemap,200,"Vande Mataram” Made Mandatory in All Madrasas Across West Bengal, Sparks Major Political and Social Debate | ZPluse News",A major political and cultural debate has erupted in West Bengal after authorities reportedly made the singing of “Vande Mataram” mandatory in all madrasas acro,"Vande Mataram” Made Mandatory in All Madrasas Across West Bengal, Sparks Major Political and Social Debate",https://www.zplusenews.com/article/vande-mataram-made-mandatory-all-madrasas-across-west-bengal-sparks,Yes,Yes,Yes,No,963,
https://www.zplusenews.com/article/norwegian-pm-says-india-can-push-russia-toward-ceasefire-modi-meets,Sitemap,200,Norwegian PM Says India Can Push Russia Toward Ceasefire as Modi Meets Nordic Leaders in Norway | ZPluse News,Prime Minister Narendra Modi’s high-profile visit to Norway has drawn global attention after Norwegian Prime Minister Jonas Gahr Støre remarked that India could,Norwegian PM Says India Can Push Russia Toward Ceasefire as Modi Meets Nordic Leaders in Norway,https://www.zplusenews.com/article/norwegian-pm-says-india-can-push-russia-toward-ceasefire-modi-meets,Yes,Yes,Yes,No,1043,
https://www.zplusenews.com/video/indian-army-infantry-drill-republic-day-practice,Sitemap,200,आर्मी डे परेड रिहर्सल जयपुर | Indian Army Infantry Drill | Republic Day Practice | ZPluse News,Watch the Indian Army infantry parade rehearsal in Jaipur 🇮🇳 as soldiers prepare for the 26 January Republic Day celebration. This exclusive footage shows dis,आर्मी डे परेड रिहर्सल जयपुर | Indian Army Infantry Drill | Republic Day Practice,https://www.zplusenews.com/video/indian-army-infantry-drill-republic-day-practice,Yes,No,Yes,Yes,84,Group_180
https://www.zplusenews.com/religion,Sitemap,200,Religion News | ZPluse News,"Religion news from India. Hindu, Muslim, Sikh, Christian, Buddhist news and religious events.",Religion News,https://www.zplusenews.com/religion,Yes,No,Yes,No,10,
https://www.zplusenews.com/video/6-harish-rana,Sitemap,200,गजब का बंदा था - जाते-जाते 6 लोगों को दी ज़िंदगी! 🙏 Harish Rana | ZPluse News,3 साल तक 'परमानेंट वेजिटेटिव स्टेट' में रहने वाले गाजियाबाद के हरीश राणा (Harish Rana) ने सुप्रीम कोर्ट (Supreme Court) के फैसले के बाद दिल्ली एम्स (AIIMS Delhi,गजब का बंदा था - जाते-जाते 6 लोगों को दी ज़िंदगी! 🙏 Harish Rana,https://www.zplusenews.com/video/6-harish-rana,Yes,No,Yes,Yes,124,Group_181
https://www.zplusenews.com/article/modi-s-israel-visit-strategic-signaling-in-a-shifting-west-asia,Sitemap,200,Modi’s Israel Visit: Strategic Signaling in a Shifting West Asia | ZPluse News,The Middle East is on edge. The world is watching. And India is stepping in with calibrated diplomacy. Prime Minister Narendra Modi’s visit to Israel comes at a,Modi’s Israel Visit: Strategic Signaling in a Shifting West Asia,https://www.zplusenews.com/article/modi-s-israel-visit-strategic-signaling-in-a-shifting-west-asia,Yes,Yes,Yes,No,336,
https://www.zplusenews.com/article/djokovic-defies-time-again-serbian-legend-battles-through-fiveset-epic,Sitemap,200,Djokovic Defies Time Again: Serbian Legend Battles Through Five-Set Epic to Reach Wimbledon Semi-finals | ZPluse News,"London: Novak Djokovic once again proved why he remains one of the greatest competitors in tennis history, producing a remarkable comeback in a gripping five-se",Djokovic Defies Time Again: Serbian Legend Battles Through Five-Set Epic to Reach Wimbledon Semi-finals,https://www.zplusenews.com/article/djokovic-defies-time-again-serbian-legend-battles-through-fiveset-epic,Yes,Yes,Yes,No,397,
https://www.zplusenews.com/article/indian-shooting-loses-legend-asian-games-champion-master-coach-jaspal,Sitemap,200,Indian Shooting Loses a Legend: Asian Games Champion and Master Coach Jaspal Rana Passes Away at 49 | ZPluse News,"New Delhi: Indian sport has been plunged into mourning following the passing of Jaspal Rana, one of the country’s greatest shooting icons and among the most inf",Indian Shooting Loses a Legend: Asian Games Champion and Master Coach Jaspal Rana Passes Away at 49,https://www.zplusenews.com/article/indian-shooting-loses-legend-asian-games-champion-master-coach-jaspal,Yes,Yes,Yes,No,811,
https://www.zplusenews.com/video/indiaus-trade-deal-pause-50-tariff-gurdaspur-update-operation-prahar-z,Sitemap,200,India-US Trade Deal PAUSE: 50% Tariff का बड़ा झटका? Gurdaspur Update & Operation Prahar | Z+ News | ZPluse News,नमस्ते! मैं हूँ प्राची और आज Z+ News की इस विशेष रिपोर्ट में हम बात करेंगे भारत और अमेरिका के बीच गहराते ट्रेड संकट की। आखिर क्यों अमेरिका ने भारतीय सामान पर 50,India-US Trade Deal PAUSE: 50% Tariff का बड़ा झटका? Gurdaspur Update & Operation Prahar | Z+ News,https://www.zplusenews.com/video/indiaus-trade-deal-pause-50-tariff-gurdaspur-update-operation-prahar-z,Yes,No,Yes,Yes,105,Group_182
https://www.zplusenews.com/article/international-day-of-forests-2026-safeguarding-green-lungs-amid-climate-pressures-1775035369183,Sitemap,200,International Day of Forests 2026: Safeguarding Green Lungs Amid Climate Pressures | ZPluse News,"As the world marks the International Day of Forests on March 21, the spotlight once again turns to the planet’s rapidly shrinking green cover and the urgent nee",International Day of Forests 2026: Safeguarding Green Lungs Amid Climate Pressures,https://www.zplusenews.com/article/international-day-of-forests-2026-safeguarding-green-lungs-amid-climate-pressures-1775035369183,Yes,Yes,Yes,No,400,
https://www.zplusenews.com/article/bhojshalakamal-maula-complex-verdict-why-madhya-pradesh-high-court,Sitemap,200,Bhojshala–Kamal Maula Complex Verdict: Why the Madhya Pradesh High Court Judgment Could Become India’s Next Major Religious-Legal Flashpoint | ZPluse News,One of India’s most sensitive historical and religious disputes has entered a dramatic new phase after the Madhya Pradesh High Court delivered a landmark verdic,Bhojshala–Kamal Maula Complex Verdict: Why the Madhya Pradesh High Court Judgment Could Become India’s Next Major Religious-Legal Flashpoint,https://www.zplusenews.com/article/bhojshalakamal-maula-complex-verdict-why-madhya-pradesh-high-court,Yes,Yes,Yes,No,1047,
https://www.zplusenews.com/video/7DvvWART2-4,DB Video (ID) (Not in Sitemap),200,Rain threatens India versus Pakistan T20 World Cup clash in Colombo#cricket #viral #indiapakistanwar | ZPluse News,"The highly anticipated India vs Pakistan T20 World Cup showdown, after several scheduling changes, is just hours away at R. Premadasa Stadium in Colombo. While",Rain threatens India versus Pakistan T20 World Cup clash in Colombo#cricket #viral #indiapakistanwar,https://www.zplusenews.com/video/7DvvWART2-4,Yes,No,Yes,Yes,76,Group_143
https://www.zplusenews.com/video/dh0mpphniDY,DB Video (ID) (Not in Sitemap),200,Indian Passport Ranking 2026: Good News or Bad News? ✈️ - Henley Passport Index | ZPluse News,Indian Passport Ranking 2026 Update: भारत की पासपोर्ट रैंकिंग अब 75वें स्थान पर आ गई है (Henley Passport Index 2026)। लेकिन क्या आप जानते हैं कि हमने 2 देशों का,Indian Passport Ranking 2026: Good News or Bad News? ✈️ - Henley Passport Index,https://www.zplusenews.com/video/dh0mpphniDY,Yes,No,Yes,Yes,77,Group_113
https://www.zplusenews.com/video/CvlWWRMFGpg,DB Video (ID) (Not in Sitemap),200,14th February — Black Day for India.🕯️🇮🇳 #pulwamaattack #breakingnews #viral #operationvijay #video | ZPluse News,14th February — Black Day for India.🕯️🇮🇳 We remember the brave souls who laid down their lives in the Pulwama attack. Their sacrifice will never be forgotten,14th February — Black Day for India.🕯️🇮🇳 #pulwamaattack #breakingnews #viral #operationvijay #video,https://www.zplusenews.com/video/CvlWWRMFGpg,Yes,No,Yes,Yes,35,Group_29
https://www.zplusenews.com/video/yrLZasG4_kI,DB Video (ID) (Not in Sitemap),200,Ireland sets BIGGEST Total of T20 WC 2026! 🇮🇪 vs 🇴🇲 #T20WorldCup | ZPluse News,Watch video news on ZPluse News.,Ireland sets BIGGEST Total of T20 WC 2026! 🇮🇪 vs 🇴🇲 #T20WorldCup,https://www.zplusenews.com/video/yrLZasG4_kI,Yes,No,Yes,Yes,3,Group_14
https://www.zplusenews.com/video/mk1e_fJAbEA,DB Video (ID) (Not in Sitemap),200,भारत बना डिजिटल सुपरपावर: ब्रॉडबैंड यूज़र्स की संख्या 100 करोड़ के पार! 📶 | ZPluse News,Watch video news on ZPluse News.,भारत बना डिजिटल सुपरपावर: ब्रॉडबैंड यूज़र्स की संख्या 100 करोड़ के पार! 📶,https://www.zplusenews.com/video/mk1e_fJAbEA,Yes,No,Yes,Yes,3,Group_14
https://www.zplusenews.com/video/leNY67iShn8,DB Video (ID) (Not in Sitemap),200,Australia secured a comprehensive 67-run victory over Ireland #cricket #cricketnews #crickettwitter | ZPluse News,"Australia secured a comprehensive 67-run victory over Ireland to open their 2026 ICC Men’s T20 World Cup campaign on Wednesday, February 11, 2026. Despite missi",Australia secured a comprehensive 67-run victory over Ireland #cricket #cricketnews #crickettwitter,https://www.zplusenews.com/video/leNY67iShn8,Yes,No,Yes,Yes,62,Group_137
https://www.zplusenews.com/video/uAPghXv5Avw,DB Video (ID) (Not in Sitemap),200,Chaudhary Ajit Singh: किसानों की बुलंद आवाज़ 🚜 | IIT Engineer to Farmer Leader | ZPluse News,IIT खड़गपुर से इंजीनियरिंग और अमेरिका में नौकरी छोड़कर आखिर क्यों चौधरी अजित सिंह भारत वापस आए? जानिए पूर्व प्रधानमंत्री चौधरी चरण सिंह के बेटे और किसानों के मसी,Chaudhary Ajit Singh: किसानों की बुलंद आवाज़ 🚜 | IIT Engineer to Farmer Leader,https://www.zplusenews.com/video/uAPghXv5Avw,Yes,No,Yes,Yes,65,Group_25
https://www.zplusenews.com/video/PWhsK767IYA,DB Video (ID) (Not in Sitemap),200,Maharishi Dayanand Saraswati Jayanti 2026 #breakingnews #event #tranding #celebration #news #india | ZPluse News,"Maharishi Dayanand Saraswati Jayanti 2026 will be celebrated on Thursday, 12 February 2026 in India. This day marks the 202nd birth anniversary of the influenti",Maharishi Dayanand Saraswati Jayanti 2026 #breakingnews #event #tranding #celebration #news #india,https://www.zplusenews.com/video/PWhsK767IYA,Yes,No,Yes,Yes,88,Group_128
https://www.zplusenews.com/video/9rGg-M-JQdM,DB Video (ID) (Not in Sitemap),200,US को बदलना पड़ा फैसला! भारत की बड़ी जीत | India-US Trade Deal | ZPluse News,"भारत की बढ़ती ताकत का असर अब व्हाइट हाउस में भी दिखने लगा है! 🇮🇳🇺🇸 हाल ही में हुई इंडिया-यूएस ट्रेड डील के बाद, अमेरिका ने 24 घंटे के अंदर अपनी फैक्टशीट में",US को बदलना पड़ा फैसला! भारत की बड़ी जीत | India-US Trade Deal,https://www.zplusenews.com/video/9rGg-M-JQdM,Yes,No,Yes,Yes,89,Group_31
https://www.zplusenews.com/video/G1xHsBKSTi4,DB Video (ID) (Not in Sitemap),200,t20 world cup 2026 points table | ZPluse News,Watch video news on ZPluse News.,t20 world cup 2026 points table,https://www.zplusenews.com/video/G1xHsBKSTi4,Yes,No,Yes,Yes,3,Group_14
https://www.zplusenews.com/video/FjLZUn6ktJU,DB Video (ID) (Not in Sitemap),200,Shipping Corporation of India Shares 20% Upper Circuit! 🚀 क्यों भागा SCI? | Market News | ZPluse News,Shipping Corporation of India (SCI) के शेयरों ने आज बाजार में तहलका मचा दिया। Q3 नतीजों में मुनाफा 5 गुना बढ़कर ₹405 करोड़ हुआ। क्या आपको इस स्टॉक में निवेश करना,Shipping Corporation of India Shares 20% Upper Circuit! 🚀 क्यों भागा SCI? | Market News,https://www.zplusenews.com/video/FjLZUn6ktJU,Yes,No,Yes,Yes,37,Group_5
https://www.zplusenews.com/video/vzJNNNK97MI,DB Video (ID) (Not in Sitemap),200,"BBL में पाकिस्तान की किरकिरी 😳 | Shaheen, Rizwan, Babar का बुरा हाल | Big Bash League | ZPluse News","बिग बैश लीग (BBL) में पाकिस्तान के तीन बड़े सितारे—Shaheen Afridi, Mohammad Rizwan और Babar Azam—तीनों को आलोचना और ट्रोलिंग का सामना करना पड़ा। शाहीन को खराब ग","BBL में पाकिस्तान की किरकिरी 😳 | Shaheen, Rizwan, Babar का बुरा हाल | Big Bash League",https://www.zplusenews.com/video/vzJNNNK97MI,Yes,No,Yes,Yes,80,Group_77
https://www.zplusenews.com/video/qk2joVh1Oh4,DB Video (ID) (Not in Sitemap),200,Safer Internet Day (SID) 2026 #Viral #breakingnews #travel #trending #news #viralvideo #viral #video | ZPluse News,Watch video news on ZPluse News.,Safer Internet Day (SID) 2026 #Viral #breakingnews #travel #trending #news #viralvideo #viral #video,https://www.zplusenews.com/video/qk2joVh1Oh4,Yes,No,Yes,Yes,3,Group_14
https://www.zplusenews.com/video/rrXqAl6vbx0,DB Video (ID) (Not in Sitemap),200,International Kite Festival 2026 Ahmedabad – PM Modi Inaugurates | Uttarayan Highlights | ZPluse News,"📍 International Kite Festival Ahmedabad 2026 at Sabarmati Riverfront, Gujarat 📅 12–14 January 2026 — Part of Uttarayan / Makar Sankranti celebrations. ikf.guj",International Kite Festival 2026 Ahmedabad – PM Modi Inaugurates | Uttarayan Highlights,https://www.zplusenews.com/video/rrXqAl6vbx0,Yes,No,Yes,Yes,135,Group_107
https://www.zplusenews.com/video/33J0lQY7sDo,DB Video (ID) (Not in Sitemap),200,Iran Protest 2026: तेहरान जल रहा है | Khamenei vs People | Trump Warning | ZPluse News,"ईरान में खामेनेई शासन के खिलाफ जबरदस्त विरोध प्रदर्शन चल रहे हैं। तेहरान समेत कई शहरों में जनता सड़कों पर है, इंटरनेट बंद है और हालात बेकाबू होते जा रहे हैं। डो",Iran Protest 2026: तेहरान जल रहा है | Khamenei vs People | Trump Warning,https://www.zplusenews.com/video/33J0lQY7sDo,Yes,No,Yes,Yes,61,Group_170
https://www.zplusenews.com/video/J5sPaze0pfo,DB Video (ID) (Not in Sitemap),200,Unbelievable Cricket Comeback | 182-Run Partnership Stuns Hyderabad 😱 क्रिकेट ने फिर चौंकाया! | ZPluse News,"A match that looked over… until one innings changed history. From 90/7 to a stunning win, this Vijay Hazare Trophy clash delivered peak cricket drama. A maiden",Unbelievable Cricket Comeback | 182-Run Partnership Stuns Hyderabad 😱 क्रिकेट ने फिर चौंकाया!,https://www.zplusenews.com/video/J5sPaze0pfo,Yes,No,Yes,Yes,71,Group_158
https://www.zplusenews.com/video/AiBvvMQ5wIs,DB Video (ID) (Not in Sitemap),200,Jaipur में Indian Army Parade Rehearsal | 26 January 2026 | ZPluse News,"Indian Army Parade Rehearsal – Jaipur 2026 इस वीडियो में आप देख रहे हैं Indian Army Parade Rehearsal in Jaipur, जो 26 January 2026 Republic Day से पहले की जा रह",Jaipur में Indian Army Parade Rehearsal | 26 January 2026,https://www.zplusenews.com/video/AiBvvMQ5wIs,Yes,No,Yes,Yes,143,Group_149
https://www.zplusenews.com/video/A011F4nPEew,DB Video (ID) (Not in Sitemap),200,आर्मी डे परेड रिहर्सल जयपुर | Indian Army Infantry Drill | Republic Day Practice | ZPluse News,Watch the Indian Army infantry parade rehearsal in Jaipur 🇮🇳 as soldiers prepare for the 26 January Republic Day celebration. This exclusive footage shows dis,आर्मी डे परेड रिहर्सल जयपुर | Indian Army Infantry Drill | Republic Day Practice,https://www.zplusenews.com/video/A011F4nPEew,Yes,No,Yes,Yes,84,Group_180
https://www.zplusenews.com/video/IdC0YOWU3HA,DB Video (ID) (Not in Sitemap),200,IPL 2026 पर बैन! Mustafizur Rahman विवाद से मचा बवाल 😱- Bangladesh | ZPluse News,IPL 2026 से पहले बड़ा विवाद! Mustafizur Rahman को KKR से रिलीज़ किए जाने के बाद Bangladesh ने IPL का टेलीकास्ट सस्पेंड कर दिया। क्या ये फैसला क्रिकेट को प्रभावि,IPL 2026 पर बैन! Mustafizur Rahman विवाद से मचा बवाल 😱- Bangladesh,https://www.zplusenews.com/video/IdC0YOWU3HA,Yes,No,Yes,Yes,53,Group_32
https://www.zplusenews.com/video/QvfrF1HwKQI,DB Video (ID) (Not in Sitemap),200,"Delhi Smog Crisis: Rich Indians Leave, Doctors Warn Common People | ZPluse News","Delhi is facing its worst smog in years. Doctors are warning people to leave the city during winter if possible. As pollution reaches hazardous AQI levels, weal","Delhi Smog Crisis: Rich Indians Leave, Doctors Warn Common People",https://www.zplusenews.com/video/QvfrF1HwKQI,Yes,No,Yes,Yes,77,Group_175
https://www.zplusenews.com/video/74vva9pUQoY,DB Video (ID) (Not in Sitemap),200,Indian Army’s Silent Warriors | First-Ever Animal Contingent at Republic Day 2026 | ZPluse News,"For the first time in history, the Indian Army’s animal contingent marches on Kartavya Path during the Republic Day Parade 2026. From Army dogs to high-altitude",Indian Army’s Silent Warriors | First-Ever Animal Contingent at Republic Day 2026,https://www.zplusenews.com/video/74vva9pUQoY,Yes,No,Yes,Yes,63,Group_68
https://www.zplusenews.com/video/AldZaAy9SII,DB Video (ID) (Not in Sitemap),200,Yashasvi Jaiswal की वापसी 🔥 Shams Mulani का 5-Wicket Heroics | Mumbai SMAT Big Boost | ZPluse News,SMAT 2025 में मुंबई टीम को बड़ी राहत मिली है। यशस्वी जायसवाल बीमारी से उबरकर वापस आ चुके हैं और गोवा के खिलाफ मुकाबले से पहले नेट्स में ज़ोरदार अभ्यास किया। वही,Yashasvi Jaiswal की वापसी 🔥 Shams Mulani का 5-Wicket Heroics | Mumbai SMAT Big Boost,https://www.zplusenews.com/video/AldZaAy9SII,Yes,No,Yes,Yes,80,Group_49
https://www.zplusenews.com/video/aOp-ZHvY6TI,DB Video (ID) (Not in Sitemap),200,"Iran in Crisis: Inflation, Protests & Market Shutdowns Explained | ZPluse News","Iran is witnessing fresh nationwide protests as inflation rises sharply and the economy weakens. Markets are shut, clashes have been reported, and demonstration","Iran in Crisis: Inflation, Protests & Market Shutdowns Explained",https://www.zplusenews.com/video/aOp-ZHvY6TI,Yes,No,Yes,Yes,89,Group_3
https://www.zplusenews.com/video/RoNSbs3zhEA,DB Video (ID) (Not in Sitemap),200,"Bangladesh Ex PM Khaleda Zia Dies at 80 | Life, Politics, Legal Cases Explained | ZPluse News","Bangladesh former Prime Minister Khaleda Zia has passed away at the age of 80 after a long illness. This video presents a neutral, factual, news-style timeline","Bangladesh Ex PM Khaleda Zia Dies at 80 | Life, Politics, Legal Cases Explained",https://www.zplusenews.com/video/RoNSbs3zhEA,Yes,No,Yes,Yes,95,Group_70
https://www.zplusenews.com/video/VYyus4Kr8sU,DB Video (ID) (Not in Sitemap),200,Boxing Day Test 2 दिन में खत्म! 😱 MCG Pitch Shock | Ashes 2025 | | ZPluse News,"The Boxing Day Test at the Melbourne Cricket Ground ended in just two days during The Ashes 2025, shocking the cricket world. A total of 36 wickets fell in 142",Boxing Day Test 2 दिन में खत्म! 😱 MCG Pitch Shock | Ashes 2025 |,https://www.zplusenews.com/video/VYyus4Kr8sU,Yes,No,Yes,Yes,110,Group_145
https://www.zplusenews.com/video/zO9HehcTPTY,DB Video (ID) (Not in Sitemap),200,इतिहास का भूला हुआ नायक | महाराजा सूरजमल | 25 दिसंबर | ZPluse News,"भारत के महान योद्धा और दूरदर्शी शासक महाराजा सूरजमल को आज 25 दिसंबर को श्रद्धांजलि। यह शॉर्ट वीडियो उस वीर राजा की कहानी कहता है जिसने सत्ता के लिए नहीं, बल्कि",इतिहास का भूला हुआ नायक | महाराजा सूरजमल | 25 दिसंबर,https://www.zplusenews.com/video/zO9HehcTPTY,Yes,No,Yes,Yes,78,Group_123
https://www.zplusenews.com/video/_thGEgiWBWc,DB Video (ID) (Not in Sitemap),200,Smriti Mandhana & Shafali Verma का तूफान 🔥 India का सबसे बड़ा Women’s T20I स्कोर | | ZPluse News,भारतीय महिला क्रिकेट ने इतिहास रच दिया! स्मृति मंधाना और शेफाली वर्मा की रिकॉर्ड साझेदारी के दम पर भारत ने Women’s T20I में अब तक का सबसे बड़ा स्कोर बना दिया। ऋ,Smriti Mandhana & Shafali Verma का तूफान 🔥 India का सबसे बड़ा Women’s T20I स्कोर |,https://www.zplusenews.com/video/_thGEgiWBWc,Yes,No,Yes,Yes,66,Group_169
https://www.zplusenews.com/video/l4jXDJK3qro,DB Video (ID) (Not in Sitemap),200,Top 3 Most Selling Cars in India | ZPluse News,"Which cars sell the most in India every minute? This short video shows the Top 3 Most Selling Cars in India, based on mileage, price, and trust. #TopSellingCars",Top 3 Most Selling Cars in India,https://www.zplusenews.com/video/l4jXDJK3qro,Yes,No,Yes,Yes,50,Group_39
https://www.zplusenews.com/video/hljPH30NKfg,DB Video (ID) (Not in Sitemap),200,"Income Tax Bill 2025 Explained | New Tax Slabs, Digital Powers & AI Tracking | ZPluse News","India’s Income Tax Bill 2025–26 brings major tax reforms, new income tax slabs, AI-based compliance, and expanded digital search powers. Here’s a complete expla","Income Tax Bill 2025 Explained | New Tax Slabs, Digital Powers & AI Tracking",https://www.zplusenews.com/video/hljPH30NKfg,Yes,No,Yes,Yes,123,Group_24
https://www.zplusenews.com/video/SWgeOUz7HA8,DB Video (ID) (Not in Sitemap),200,MGNREGA खत्म? | Vikshit Bharat Rozgar Bill 2025 Explained | Rural Jobs Impact | ZPluse News,भारत सरकार ने **MGNREGA Act 2005** को बदलने के लिए एक नया बिल प्रस्तावित किया है — 👉 **Vikshit Bharat Guarantee for Rozgar and Aajeevika Mission Gramin Bill 20,MGNREGA खत्म? | Vikshit Bharat Rozgar Bill 2025 Explained | Rural Jobs Impact,https://www.zplusenews.com/video/SWgeOUz7HA8,Yes,No,Yes,Yes,168,Group_155
https://www.zplusenews.com/video/jhSVgFdqzdY,DB Video (ID) (Not in Sitemap),200,"Messi Kolkata Visit Chaos 😱 | Fans Angry, Posters Torn | Political Fallout Explained | ZPluse News","What was meant to be a historic football celebration turned into chaos at Kolkata’s Salt Lake Stadium. During Lionel Messi’s highly anticipated visit, poor crow","Messi Kolkata Visit Chaos 😱 | Fans Angry, Posters Torn | Political Fallout Explained",https://www.zplusenews.com/video/jhSVgFdqzdY,Yes,No,Yes,Yes,140,Group_40
https://www.zplusenews.com/video/u4nFRg0pkqs,DB Video (ID) (Not in Sitemap),200,Yamuna Expressway Accident: Dense Fog Causes Massive Pile-Up | 13 Dead | UP News | ZPluse News,"A tragic multi-vehicle accident occurred on the **Yamuna Expressway in Uttar Pradesh** due to **dense fog**, leading to a massive pile-up involving several **bu",Yamuna Expressway Accident: Dense Fog Causes Massive Pile-Up | 13 Dead | UP News,https://www.zplusenews.com/video/u4nFRg0pkqs,Yes,No,Yes,Yes,142,Group_11
https://www.zplusenews.com/video/DZG03hufEsQ,DB Video (ID) (Not in Sitemap),200,West Indies vs New Zealand Test Match Draw | ऐतिहासिक साझेदारी ने बचाया मैच | ZPluse News,"The **West Indies vs New Zealand Test match** in Christchurch ended in a thrilling **draw**, thanks to a **herculean batting effort** by the West Indies. Chasin",West Indies vs New Zealand Test Match Draw | ऐतिहासिक साझेदारी ने बचाया मैच,https://www.zplusenews.com/video/DZG03hufEsQ,Yes,No,Yes,Yes,174,Group_12
https://www.zplusenews.com/video/008SSSKEPvQ,DB Video (ID) (Not in Sitemap),200,दक्षिण अफ़्रीका बनाम भारतीय क्रिकेट टीम - South Africa VS India Cricket Match - Update | ZPluse News,"India vs South Africa 3rd T20I match at HPCA Stadium Dharamshala. Get IND vs SA toss update, live scorecard, playing XI, match time, Dharamshala weather report,",दक्षिण अफ़्रीका बनाम भारतीय क्रिकेट टीम - South Africa VS India Cricket Match - Update,https://www.zplusenews.com/video/008SSSKEPvQ,Yes,No,Yes,Yes,221,Group_156
https://www.zplusenews.com/video/thEh2rwes20,DB Video (ID) (Not in Sitemap),200,"T20 World Cup Tickets – Official Booking Start! 2026 Venue, Price & Pass Details | ZPluse News","T20 World Cup 2026 Tickets Booking Guide Is video mein aapko milega T20 World Cup 2026 ke tickets, prices, official booking website, stadium list, match schedul","T20 World Cup Tickets – Official Booking Start! 2026 Venue, Price & Pass Details",https://www.zplusenews.com/video/thEh2rwes20,Yes,No,Yes,Yes,111,Group_71
https://www.zplusenews.com/video/IyYGkTnn85o,DB Video (ID) (Not in Sitemap),200,Kohli–Rohit Salary Cut? Shubman Gill A+ Promotion | BCCI Contract 2025 Big Update | ZPluse News,"A major shake-up is coming in Indian cricket contracts! As the BCCI prepares for its 31st AGM on 22 December, big decisions await senior players like Virat Kohl",Kohli–Rohit Salary Cut? Shubman Gill A+ Promotion | BCCI Contract 2025 Big Update,https://www.zplusenews.com/video/IyYGkTnn85o,Yes,No,Yes,Yes,142,Group_52
https://www.zplusenews.com/video/GzVx5Y15M0s,DB Video (ID) (Not in Sitemap),200,राम मंदिर विवाद | Ram Mandir Dispute Explained | ZPluse News,"राम मंदिर विवाद भारत का एक ऐतिहासिक और संवेदनशील मुद्दा रहा है। इस वीडियो में हम इसके इतिहास, कोर्ट केस, और फैसलों को सरल भाषा में समझाते हैं। जानें कैसे इस विव",राम मंदिर विवाद | Ram Mandir Dispute Explained,https://www.zplusenews.com/video/GzVx5Y15M0s,Yes,No,Yes,Yes,99,Group_160
https://www.zplusenews.com/video/YSuULMVKTKI,DB Video (ID) (Not in Sitemap),200,India witnessing a ‘psychological renaissance #breakingnews #news #live #automobile | ZPluse News,"India witnessing a ‘psychological renaissance ‘:PM MODI At the Hindustan Times Leadership Summit 2025, PM Modi said that India is undergoing a “psychological re",India witnessing a ‘psychological renaissance #breakingnews #news #live #automobile,https://www.zplusenews.com/video/YSuULMVKTKI,Yes,No,Yes,Yes,97,Group_9
https://www.zplusenews.com/video/Cx28dZeyOwY,DB Video (ID) (Not in Sitemap),200,India witnessing a ‘psychological renaissance ‘:PM MODIAt the Hindustan Times Leadership Summit 2025 | ZPluse News,"India witnessing a ‘psychological renaissance ‘:PM MODI At the Hindustan Times Leadership Summit 2025, PM Modi said that India is undergoing a “psychological re",India witnessing a ‘psychological renaissance ‘:PM MODIAt the Hindustan Times Leadership Summit 2025,https://www.zplusenews.com/video/Cx28dZeyOwY,Yes,No,Yes,Yes,97,Group_9
https://www.zplusenews.com/video/ISgX03q6tiM,DB Video (ID) (Not in Sitemap),200,Trump New 10% Tariff Impact on India 2026 - ट्रंप का 'लूपहोल': टैरिफ से कैसे फंसा भारत और यूरोप? | ZPluse News,"डोनल्ड ट्रंप का नया 10% ग्लोबल टैरिफ (10% Global Tariff) भारत के लिए क्या मायने रखता है? अमेरिका के सुप्रीम कोर्ट ने पुराने टैरिफ रद्द कर दिए हैं, लेकिन ट्रंप न",Trump New 10% Tariff Impact on India 2026 - ट्रंप का 'लूपहोल': टैरिफ से कैसे फंसा भारत और यूरोप?,https://www.zplusenews.com/video/ISgX03q6tiM,Yes,No,Yes,Yes,47,Group_38
https://www.zplusenews.com/video/CSqyPUrNl7U,DB Video (ID) (Not in Sitemap),200,अमेरिका vs ईरान: क्या मिडिल ईस्ट में शुरू होगा महायुद्ध | ZPluse News,क्या अमेरिका और ईरान के बीच एक और बड़े युद्ध की शुरुआत होने वाली है? इस शॉर्ट में जानिए कैसे डोनाल्ड ट्रंप के अल्टीमेटम के बाद अमेरिका ने अपने सबसे घातक युद्धपो,अमेरिका vs ईरान: क्या मिडिल ईस्ट में शुरू होगा महायुद्ध,https://www.zplusenews.com/video/CSqyPUrNl7U,Yes,No,Yes,Yes,92,Group_142
https://www.zplusenews.com/video/mwWK0vKRdM0,DB Video (ID) (Not in Sitemap),200,The Kashmir Files के बाद अब Operation Sindoor Movie - Vivek Agnihotri की नई फिल्म | ZPluse News,द कश्मीर फाइल्स के डायरेक्टर विवेक अग्निहोत्री और टी-सीरीज के भूषण कुमार अब भारतीय सेना के सबसे बड़े ऑपरेशन पर फिल्म लेकर आ रहे हैं— 'Operation Sindoor'। यह फिल,The Kashmir Files के बाद अब Operation Sindoor Movie - Vivek Agnihotri की नई फिल्म,https://www.zplusenews.com/video/mwWK0vKRdM0,Yes,No,Yes,Yes,122,Group_78
https://www.zplusenews.com/video/B-68TG4X46Q,DB Video (ID) (Not in Sitemap),200,US Iran Nuclear Deal: JD Vance ने दी चेतावनी | ZPluse News,क्या अमेरिका ईरान पर हमला करने वाला है? जिनेवा में परमाणु वार्ता (Nuclear Talks) के बाद उप-राष्ट्रपति जेडी वेंस (JD Vance) ने दिया बड़ा बयान। जानिए ट्रंप की 'रे,US Iran Nuclear Deal: JD Vance ने दी चेतावनी,https://www.zplusenews.com/video/B-68TG4X46Q,Yes,No,Yes,Yes,37,Group_177
https://www.zplusenews.com/video/n2EGt7mtvYE,DB Video (ID) (Not in Sitemap),200,"Mary Kom Divorce War: Husband ने लगाए Affairs के आरोप, Mary ने बोला ₹5 Crore Scam | ZPluse News","Olympic boxing legend Mary Kom और उनके husband Onler Karong के बीच चल रहा divorce अब एक public war बन चुका है. Onler का दावा है कि Mary के secret affairs थे, जब","Mary Kom Divorce War: Husband ने लगाए Affairs के आरोप, Mary ने बोला ₹5 Crore Scam",https://www.zplusenews.com/video/n2EGt7mtvYE,Yes,No,Yes,Yes,67,Group_93
https://www.zplusenews.com/video/tvo02gmZaTk,DB Video (ID) (Not in Sitemap),200,हर भिखारी में दिख रहा 'हमज़ा'! 🤣 Dhurandhar 2 Effect in Pakistan | ZPluse News,बॉलीवुड की ब्लॉकबस्टर फिल्म 'धुरंधर' (Dhurandhar) और उसमें रणवीर सिंह के 'हमज़ा' (Hamza) वाले अवतार ने पाकिस्तानियों की नींद उड़ा दी है! सोशल मीडिया (X/Twitter),हर भिखारी में दिख रहा 'हमज़ा'! 🤣 Dhurandhar 2 Effect in Pakistan,https://www.zplusenews.com/video/tvo02gmZaTk,Yes,No,Yes,Yes,116,Group_179
https://www.zplusenews.com/video/V9S9Tapf84g,DB Video (ID) (Not in Sitemap),200,पाकिस्तान में नमाज़ी को 25 फीट से फेंका! 😡 If this happened in India... | ZPluse News,पाकिस्तान (Pakistan) के इस्लामाबाद से सामने आए एक वायरल वीडियो ने पूरी दुनिया में इस्लामी मुल्क के पाखंड की पोल खोल दी है। वीडियो में एक पाकिस्तानी रेंजर (Pakis,पाकिस्तान में नमाज़ी को 25 फीट से फेंका! 😡 If this happened in India...,https://www.zplusenews.com/video/V9S9Tapf84g,Yes,No,Yes,Yes,135,Group_109
https://www.zplusenews.com/video/93QKQHGcAGE,DB Video (ID) (Not in Sitemap),200,Panic in Pakistan - After Dhurandhar 2‌ - Pakistan Police Searching for Hamza? 🚨 | ZPluse News,आदित्य धर की ब्लॉकबस्टर फिल्म 'धुरंधर 2' (Dhurandhar 2: The Revenge) ने बॉक्स ऑफिस के साथ-साथ सोशल मीडिया पर भी तहलका मचा दिया है। रणवीर सिंह (Ranveer Singh) द्,Panic in Pakistan - After Dhurandhar 2‌ - Pakistan Police Searching for Hamza? 🚨,https://www.zplusenews.com/video/93QKQHGcAGE,Yes,No,Yes,Yes,127,Group_13
https://www.zplusenews.com/video/FSjKK7houys,DB Video (ID) (Not in Sitemap),200,"मदरसों के लिए 2000 करोड़ दिए लेकिन संस्कृत भाषा को एक भी रुपए नहीं दिया ,क्यों? | ZPluse News",Watch video news on ZPluse News.,"मदरसों के लिए 2000 करोड़ दिए लेकिन संस्कृत भाषा को एक भी रुपए नहीं दिया ,क्यों?",https://www.zplusenews.com/video/FSjKK7houys,Yes,No,Yes,Yes,3,Group_14
https://www.zplusenews.com/video/RQx7FiX8ZdE,DB Video (ID) (Not in Sitemap),200,दीदी का असली 'विकास'! 😱 Sanjay Singh Campaign in Bally | ZPluse News,पश्चिम बंगाल चुनाव (West Bengal Elections) के बीच हावड़ा (Howrah) के बाल्ली (Bally) विधानसभा क्षेत्र से टीएमसी (TMC) के 'विकास मॉडल' की कड़वी सच्चाई सामने आई है,दीदी का असली 'विकास'! 😱 Sanjay Singh Campaign in Bally,https://www.zplusenews.com/video/RQx7FiX8ZdE,Yes,No,Yes,Yes,108,Group_6
https://www.zplusenews.com/video/N-vOJXgMhIE,DB Video (ID) (Not in Sitemap),200,"तरुण के हत्यारे आज़ाद, हिंदू गिरफ्तार? 😡 Police Action on Protesters | ZPluse News",तरुण हत्याकांड (Tarun Murder Case) में पुलिस की कार्यप्रणाली पर जनता का गुस्सा फूट पड़ा है! एक तरफ जहाँ तरुण के हत्यारे (Culprits) अब तक पुलिस की पकड़ से बाहर ह,"तरुण के हत्यारे आज़ाद, हिंदू गिरफ्तार? 😡 Police Action on Protesters",https://www.zplusenews.com/video/N-vOJXgMhIE,Yes,No,Yes,Yes,133,Group_47
https://www.zplusenews.com/video/YizJsXnqzZg,DB Video (ID) (Not in Sitemap),200,“Breaking News Today | Top Headlines | ZPluse News”#news #viralvideo #hindinews | ZPluse News,“Breaking News Today | Top Headlines | ZPlus News”#news #viral #hindinews #breakingnews #breaking #news,“Breaking News Today | Top Headlines | ZPluse News”#news #viralvideo #hindinews,https://www.zplusenews.com/video/YizJsXnqzZg,Yes,No,Yes,Yes,14,Group_116
https://www.zplusenews.com/video/U5RNTR6igMU,DB Video (ID) (Not in Sitemap),200,Cash for Votes? चुनाव से पहले सरेआम बांटे गए लिफाफे! 😡 - बंगाल चुनाव | ZPluse News,पश्चिम बंगाल चुनाव (West Bengal Elections 2026) के बीच उत्तर दिनाजपुर (Uttar Dinajpur) के करनदिघी (Karandighi) से एक बेहद विवादित वीडियो वायरल (Viral Video) हो,Cash for Votes? चुनाव से पहले सरेआम बांटे गए लिफाफे! 😡 - बंगाल चुनाव,https://www.zplusenews.com/video/U5RNTR6igMU,Yes,No,Yes,Yes,137,Group_168
https://www.zplusenews.com/video/D19sYk8VItI,DB Video (ID) (Not in Sitemap),200,"मदद छोड़, सामान लूटा! 😡 Andhra Pradesh Truck Accident | ZPluse News",आंध्र प्रदेश (Andhra Pradesh) से एक बेहद शर्मनाक और इंसानियत को झकझोर देने वाला वीडियो (Viral Video) सामने आया है। हाईवे पर एक मालवाहक ट्रक का भयानक एक्सीडेंट ह,"मदद छोड़, सामान लूटा! 😡 Andhra Pradesh Truck Accident",https://www.zplusenews.com/video/D19sYk8VItI,Yes,No,Yes,Yes,122,Group_96
https://www.zplusenews.com/video/YL5_SMs8ftM,DB Video (ID) (Not in Sitemap),200,Proud Indian Moment! 🥺 प्रदर्शन छोड़कर किसानों ने Army को दिया रास्ता | ZPluse News,"हिमाचल प्रदेश के शिमला (Shimla, Himachal Pradesh) से एक रोंगटे खड़े कर देने वाला और दिल को छू लेने वाला वीडियो सामने आया है। सड़कों पर किसानों का भारी विरोध प्र",Proud Indian Moment! 🥺 प्रदर्शन छोड़कर किसानों ने Army को दिया रास्ता,https://www.zplusenews.com/video/YL5_SMs8ftM,Yes,No,Yes,Yes,134,Group_58
https://www.zplusenews.com/video/s5hOPiPRZh4,DB Video (ID) (Not in Sitemap),200,बंगाल में फिर खूनी खेल! 🚨 BJP Workers Attacked in South 24 Parganas | ZPluse News,पश्चिम बंगाल (West Bengal) के साउथ 24 परगना (South 24 Parganas) जिले से राजनीतिक हिंसा की एक बेहद खौफनाक खबर सामने आई है। कैनिंग वेस्ट विधानसभा क्षेत्र के बांसड,बंगाल में फिर खूनी खेल! 🚨 BJP Workers Attacked in South 24 Parganas,https://www.zplusenews.com/video/s5hOPiPRZh4,Yes,No,Yes,Yes,126,Group_102
https://www.zplusenews.com/video/5lITI0T_pPI,DB Video (ID) (Not in Sitemap),200,चप्पल में Mobile! 🤯🚨 AIIMS Rishikesh Cheating Caught | ZPluse News,"ऋषिकेश एम्स (AIIMS Rishikesh) की परीक्षा में नकल का एक ऐसा हैरान कर देने वाला 'हाई-टेक जुगाड़' (High-Tech Cheating) सामने आया है, जिसे देखकर सुरक्षाकर्मी भी दंग",चप्पल में Mobile! 🤯🚨 AIIMS Rishikesh Cheating Caught,https://www.zplusenews.com/video/5lITI0T_pPI,Yes,No,Yes,Yes,126,Group_157
https://www.zplusenews.com/video/HqfS7JHsD28,DB Video (ID) (Not in Sitemap),200,"""Multiple Explosions Rock Kabul as Pakistani Jets Hover"" reports March 16 blasts.#news #war #viral | ZPluse News",,"""Multiple Explosions Rock Kabul as Pakistani Jets Hover"" reports March 16 blasts.#news #war #viral",https://www.zplusenews.com/video/HqfS7JHsD28,Yes,No,Yes,Yes,17,
https://www.zplusenews.com/video/4olVxbkewIg,DB Video (ID) (Not in Sitemap),200,ईरान का दुबई इंटरनेशनल एयरपोर्ट पर हमला - Dubai Airport Under Attack! | ZPluse News,मिडिल-ईस्ट के महायुद्ध में सबसे बड़ा और खौफनाक मोड़! ईरान (Iran) ने दुनिया के सबसे व्यस्त और बड़े 'दुबई इंटरनेशनल एयरपोर्ट' (Dubai International Airport) पर ताब,ईरान का दुबई इंटरनेशनल एयरपोर्ट पर हमला - Dubai Airport Under Attack!,https://www.zplusenews.com/video/4olVxbkewIg,Yes,No,Yes,Yes,108,Group_65
https://www.zplusenews.com/video/ygvi8Rq8Gv0,DB Video (ID) (Not in Sitemap),200,भारतीय सेना ने LoC पर 'छत्रपति शिवाजी महाराज' की भव्य प्रतिमा स्थापित की - Indian Army 🚩 | ZPluse News,कश्मीर (Kashmir) की वादियों और LoC (Line of Control) पर अब गूंजेगा 'हर हर महादेव'! भारतीय सेना (Indian Army) ने सीमा के बिल्कुल पास 'छत्रपति शिवाजी महाराज' (Chh,भारतीय सेना ने LoC पर 'छत्रपति शिवाजी महाराज' की भव्य प्रतिमा स्थापित की - Indian Army 🚩,https://www.zplusenews.com/video/ygvi8Rq8Gv0,Yes,No,Yes,Yes,110,Group_154
https://www.zplusenews.com/video/yMptJ1DTvrA,DB Video (ID) (Not in Sitemap),200,इंदौर का खौफनाक हादसा! 🥺 EV चार्जिंग ने ली 7 की जान | ZPluse News,"मध्य प्रदेश के इंदौर (Indore, Madhya Pradesh) से एक बेहद दर्दनाक और रूह कंपा देने वाली खबर सामने आई है। बिजनेसमैन मनोज पुगलिया के घर में EV चार्जिंग (EV Chargin",इंदौर का खौफनाक हादसा! 🥺 EV चार्जिंग ने ली 7 की जान,https://www.zplusenews.com/video/yMptJ1DTvrA,Yes,No,Yes,Yes,153,Group_51
https://www.zplusenews.com/video/F74RJ2FCVpI,DB Video (ID) (Not in Sitemap),200,400 Killed! 🚨 Pakistan's Cowardly Airstrike on Kabul Hospital - काबुल में भयंकर तबाही! | ZPluse News,"दुनिया के सामने एक बार फिर पाकिस्तान (Pakistan) का असली और खौफनाक चेहरा बेनकाब हो गया है! बीती रात पाकिस्तानी वायुसेना ने अफगानिस्तान के काबुल (Kabul, Afghanist",400 Killed! 🚨 Pakistan's Cowardly Airstrike on Kabul Hospital - काबुल में भयंकर तबाही!,https://www.zplusenews.com/video/F74RJ2FCVpI,Yes,No,Yes,Yes,106,Group_48
https://www.zplusenews.com/video/ZNGct6qzhho,DB Video (ID) (Not in Sitemap),200,मसूरी के जंगलों में अवैध मजारें! 🚨 Devbhoomi Uttarakhand में अतिक्रमण! 😡 | ZPluse News,देवभूमि उत्तराखंड (Uttarakhand) के मसूरी (Mussoorie) के घने जंगलों में दर्जनों अवैध मजारें (Illegal Mazaars) बनाए जाने का सनसनीखेज मामला सामने आया है। इस बड़े अ,मसूरी के जंगलों में अवैध मजारें! 🚨 Devbhoomi Uttarakhand में अतिक्रमण! 😡,https://www.zplusenews.com/video/ZNGct6qzhho,Yes,No,Yes,Yes,110,Group_111
https://www.zplusenews.com/video/Lpl-QKwgjII,DB Video (ID) (Not in Sitemap),200,पीएम मोदी की रैली से पहले महा-बवाल - दीदी डर गयी - Brigade Rally 2026 | ZPluse News,पश्चिम बंगाल चुनाव 2026 (West Bengal Elections 2026) के सबसे बड़े सियासी संग्राम में नया मोड़! कोलकाता के ऐतिहासिक ब्रिगेड मैदान (Brigade Parade Ground) में पीए,पीएम मोदी की रैली से पहले महा-बवाल - दीदी डर गयी - Brigade Rally 2026,https://www.zplusenews.com/video/Lpl-QKwgjII,Yes,No,Yes,Yes,118,Group_167
https://www.zplusenews.com/video/tG2obYhNv88,DB Video (ID) (Not in Sitemap),200,सबको माफ करते हुए जाओ... - Harish Rana का अलविदा! | ZPluse News,"सबको माफ करते हुए, सबसे माफी मांगते हुए अब जाओ, ठीक है।",सबको माफ करते हुए जाओ... - Harish Rana का अलविदा!,https://www.zplusenews.com/video/tG2obYhNv88,Yes,No,Yes,Yes,112,Group_125
https://www.zplusenews.com/video/zi6RlxZjLZg,DB Video (ID) (Not in Sitemap),200,Bengal Election 2026 :बंगाल में भगवा सैलाब! 🚩 Brigade Ground Full? | ZPluse News,Watch video news on ZPluse News.,Bengal Election 2026 :बंगाल में भगवा सैलाब! 🚩 Brigade Ground Full?,https://www.zplusenews.com/video/zi6RlxZjLZg,Yes,No,Yes,Yes,3,Group_14
https://www.zplusenews.com/video/3wXF_pdvxuw,DB Video (ID) (Not in Sitemap),200,गजब का बंदा था - जाते-जाते 6 लोगों को दी ज़िंदगी! 🙏 Harish Rana | ZPluse News,3 साल तक 'परमानेंट वेजिटेटिव स्टेट' में रहने वाले गाजियाबाद के हरीश राणा (Harish Rana) ने सुप्रीम कोर्ट (Supreme Court) के फैसले के बाद दिल्ली एम्स (AIIMS Delhi,गजब का बंदा था - जाते-जाते 6 लोगों को दी ज़िंदगी! 🙏 Harish Rana,https://www.zplusenews.com/video/3wXF_pdvxuw,Yes,No,Yes,Yes,124,Group_181
https://www.zplusenews.com/video/YT6w3UQaHqU,DB Video (ID) (Not in Sitemap),200,बंगाल में भगवा सैलाब! 🚩 Brigade Ground Full? Bengal Election 2026 | ZPluse News,पश्चिम बंगाल चुनाव 2026 (West Bengal Elections 2026) के बीच कोलकाता में दिखा सबसे ऐतिहासिक नज़ारा! रेलवे स्टेशनों से लेकर ब्रिगेड मैदान (Brigade Parade Ground),बंगाल में भगवा सैलाब! 🚩 Brigade Ground Full? Bengal Election 2026,https://www.zplusenews.com/video/YT6w3UQaHqU,Yes,No,Yes,Yes,113,Group_27
https://www.zplusenews.com/video/OopY0LvsB88,DB Video (ID) (Not in Sitemap),200,बंगाल में बवाल: 'Boycott BJP' के पोस्टर फाड़े गए! 🚨 Bengal Election 2026 | ZPluse News,पश्चिम बंगाल चुनाव 2026 (West Bengal Elections 2026) में 'पोस्टर वार' की एंट्री! आज बीजेपी के बड़े नेता की विजिट से पहले पूरे शहर में 'Boycott BJP' के पोस्टर लग,बंगाल में बवाल: 'Boycott BJP' के पोस्टर फाड़े गए! 🚨 Bengal Election 2026,https://www.zplusenews.com/video/OopY0LvsB88,Yes,No,Yes,Yes,122,Group_63
https://www.zplusenews.com/video/IKUQ_u8qE0c,DB Video (ID) (Not in Sitemap),200,West Bengal Election: ब्रिगेड मैदान में महिलाओं का सैलाब! 👁️ | ZPluse News,पश्चिम बंगाल चुनाव 2026 (West Bengal Elections 2026) से पहले कोलकाता के ऐतिहासिक ब्रिगेड मैदान (Brigade Parade Ground) में सबसे बड़ी राजनीतिक हलचल! राज्य भर से,West Bengal Election: ब्रिगेड मैदान में महिलाओं का सैलाब! 👁️,https://www.zplusenews.com/video/IKUQ_u8qE0c,Yes,No,Yes,Yes,123,Group_171
https://www.zplusenews.com/video/jWB7A_MhhE8,DB Video (ID) (Not in Sitemap),200,PM Modi Latest News | A Covid Reminder In PM Modi's Rundown Of Middle East War Impact On India | ZPluse News,"Drawing a parallel between the COVID-19 pandemic and the current geopolitical situation because of the war in the Middle East, Prime Minister Narendra Modi toda",PM Modi Latest News | A Covid Reminder In PM Modi's Rundown Of Middle East War Impact On India,https://www.zplusenews.com/video/jWB7A_MhhE8,Yes,No,Yes,Yes,291,Group_115
https://www.zplusenews.com/video/,DB Video (Not in Sitemap),200,"ZPluse News | Breaking News, Latest India News, National & International Updates","ZPluse News is India's leading digital platform for breaking news, latest national updates, politics, business trends, defense, technology and state news.",,https://www.zplusenews.com/video,Yes,No,Yes,No,0,Group_46
https://www.zplusenews.com/video/AnaBQacfH50,DB Video (ID) (Not in Sitemap),200,Global Tech Consortium Unveils Next-Gen AI Infrastructure for 2026 | ZPluse News,A coalition of leading technology firms has announced a groundbreaking artificial intelligence framework expected to completely reshape global digital infrastru,Global Tech Consortium Unveils Next-Gen AI Infrastructure for 2026,https://www.zplusenews.com/video/AnaBQacfH50,Yes,No,Yes,Yes,147,Group_42
https://www.zplusenews.com/video/PlD-mrpcygo,DB Video (ID) (Not in Sitemap),200,शिक्षा के नाम पर जोधपुर में पर्यावरण की तबाही! | Jodhpur Schools Exposed | ZPluse News,हम स्कूलों से उम्मीद करते हैं कि वे बच्चों को 'सिविक सेंस' (Civic Sense) और पर्यावरण संरक्षण (Environment Protection) का पाठ पढ़ाएंगे। लेकिन जोधपुर के कुछ स्कूल,शिक्षा के नाम पर जोधपुर में पर्यावरण की तबाही! | Jodhpur Schools Exposed,https://www.zplusenews.com/video/PlD-mrpcygo,Yes,No,Yes,Yes,122,Group_37
https://www.zplusenews.com/video/5LCwO2CSSr4,DB Video (ID) (Not in Sitemap),200,🚨 कच्चे आम की आइसक्रीम का घिनौना सच! | Street Ice Cream Reality | ZPluse News,क्या आप भी गर्मियों में सड़क किनारे मिलने वाली 'कच्चे आम' की आइसक्रीम शौक से खाते हैं? इस वीडियो को देखने के बाद आप दोबारा यह गलती नहीं करेंगे। देखिए कैसे गंदे,🚨 कच्चे आम की आइसक्रीम का घिनौना सच! | Street Ice Cream Reality,https://www.zplusenews.com/video/5LCwO2CSSr4,Yes,No,Yes,Yes,116,Group_74
https://www.zplusenews.com/video/YMDJuvOzAv4,DB Video (ID) (Not in Sitemap),200,बंगाल में भाजपा की जीत के बाद बड़ा बदलाव? - BJP in Bengal | ZPluse News,"बंगाल में भाजपा जीतने के बाद क्या बदलाव हो सकते हैं? इस वीडियो में West Bengal politics, BJP vs TMC, ground reality, जनता की सोच और आने वाले चुनावों पर चर्चा की",बंगाल में भाजपा की जीत के बाद बड़ा बदलाव? - BJP in Bengal,https://www.zplusenews.com/video/YMDJuvOzAv4,Yes,No,Yes,Yes,62,Group_103
https://www.zplusenews.com/video/GuhIvd5fctQ,DB Video (ID) (Not in Sitemap),200,मध्य प्रदेश में भ्रष्टाचार EXPOSE 😡 | बुजुर्ग किसान से रिश्वत लेते पकड़ा गया कर्मचारी | ZPluse News,मध्य प्रदेश के टीकमगढ़ जिले की जतारा तहसील से भ्रष्टाचार का मामला सामने आया है। आरोप है कि सेक्शन राइटर बृजेंद्र अरजरिया ने एक बुजुर्ग किसान से रिश्वत ली। वीडिय,मध्य प्रदेश में भ्रष्टाचार EXPOSE 😡 | बुजुर्ग किसान से रिश्वत लेते पकड़ा गया कर्मचारी,https://www.zplusenews.com/video/GuhIvd5fctQ,Yes,No,Yes,Yes,64,Group_178
https://www.zplusenews.com/video/k8NorBwOFh8,DB Video (ID) (Not in Sitemap),200,TMC जीत जाता तो हम जिंदा नहीं होते - बंगाली हिंदू महिला | ZPluse News,Watch video news on ZPluse News.,TMC जीत जाता तो हम जिंदा नहीं होते - बंगाली हिंदू महिला,https://www.zplusenews.com/video/k8NorBwOFh8,Yes,No,Yes,Yes,3,Group_14
https://www.zplusenews.com/video/n3Vn828Ei5A,DB Video (ID) (Not in Sitemap),200,मध्य प्रदेश में साफ पानी पीने के लिए यह लोग तरस रहे हैं | ZPluse News,"मध्य प्रदेश में साफ पानी पीने के लिए यह लोग तरस रहे हैं, बार-बार डीएम साहब के पास आवेदन देने के बाद भी नहीं हो रही है कोई कार्रवाई।",मध्य प्रदेश में साफ पानी पीने के लिए यह लोग तरस रहे हैं,https://www.zplusenews.com/video/n3Vn828Ei5A,Yes,No,Yes,Yes,29,Group_94
https://www.zplusenews.com/video/rFxCcLpUb9w,DB Video (ID) (Not in Sitemap),200,क्या आप भी बाज़ार का खीरा खाते हैं? सावधान! कटिहार स्टेशन के इस वायरल वीडियो की पूरी सच्चाई देखें | ZPluse News,"सोशल मीडिया पर एक बेहद चौंकाने वाला वीडियो तेजी से वायरल हो रहा है, जिसे बिहार के कटिहार रेलवे स्टेशन (Katihar Railway Station) का बताया जा रहा है। इस वीडियो मे",क्या आप भी बाज़ार का खीरा खाते हैं? सावधान! कटिहार स्टेशन के इस वायरल वीडियो की पूरी सच्चाई देखें,https://www.zplusenews.com/video/rFxCcLpUb9w,Yes,No,Yes,Yes,153,Group_131
https://www.zplusenews.com/video/ZlIjz2xPTyc,DB Video (ID) (Not in Sitemap),200,गरीबों का हक मारना कोई TMC से सीखे! - TMC Office में सैकड़ों राशन कार्ड बरामद! | ZPluse News,पश्चिम बंगाल के सेंथिया (वार्ड 15) में बड़ा खुलासा! TMC पार्टी ऑफिस से सैकड़ों गरीबों के राशन कार्ड बरामद हुए हैं। देखिए कैसे जनता का हक मारा जा रहा है। आपका इस,गरीबों का हक मारना कोई TMC से सीखे! - TMC Office में सैकड़ों राशन कार्ड बरामद!,https://www.zplusenews.com/video/ZlIjz2xPTyc,Yes,No,Yes,Yes,42,Group_80
https://www.zplusenews.com/video/SHpFUJeskwc,DB Video (ID) (Not in Sitemap),200,ऑपरेशन सिंदूर के 1 साल और चुनावी गर्मी! | ZPluse News,ऑपरेशन सिंदूर के 1 साल पूरे | चुनावी माहौल गरम | बड़ी खबर 🔥🗳️ इस वीडियो में जानिए ऑपरेशन सिंदूर के 1 साल पूरे होने पर देशभर में हो रही चर्चा और इसके बीच तेज ह,ऑपरेशन सिंदूर के 1 साल और चुनावी गर्मी!,https://www.zplusenews.com/video/SHpFUJeskwc,Yes,No,Yes,Yes,140,Group_97
https://www.zplusenews.com/video/O6Ov--AWR48,DB Video (ID) (Not in Sitemap),200,BJP की जीत के बाद Bengal के हिंदुओं को डराने की साज़िश? 🚨 | ZPluse News,बंगाल विधानसभा चुनाव में BJP की जीत के बाद कोलकाता की सड़कों पर क्या हो रहा है? हार की बौखलाहट में भीड़ और धार्मिक नारों के जरिए क्या बंगाल के बहुसंख्यक हिंदू स,BJP की जीत के बाद Bengal के हिंदुओं को डराने की साज़िश? 🚨,https://www.zplusenews.com/video/O6Ov--AWR48,Yes,No,Yes,Yes,85,Group_53
https://www.zplusenews.com/video/Bi0H0td7USw,DB Video (ID) (Not in Sitemap),200,बब्बन चौधरी नाम का दरिंदा...बेटी को छेड़ता है..प्राइवेट पार्ट्स को छूता है.. | ZPluse News,Watch video news on ZPluse News.,बब्बन चौधरी नाम का दरिंदा...बेटी को छेड़ता है..प्राइवेट पार्ट्स को छूता है..,https://www.zplusenews.com/video/Bi0H0td7USw,Yes,No,Yes,Yes,3,Group_14
https://www.zplusenews.com/video/eZ1KnehLwuM,DB Video (ID) (Not in Sitemap),200,फूट कर रो पड़े सुवेंदु अधिकारी! याचना नहीं अब रण होगा - West Bengal Election | ZPluse News,"🚨 BIG BREAKING: Suvendu Adhikari's PA Murdered in Kolkata! | बंगाल चुनाव के बाद खूनी खेल? West Bengal elections mein BJP ki jeet ke baad, Kolkata ke Madhyamgra",फूट कर रो पड़े सुवेंदु अधिकारी! याचना नहीं अब रण होगा - West Bengal Election,https://www.zplusenews.com/video/eZ1KnehLwuM,Yes,No,Yes,Yes,163,Group_8
https://www.zplusenews.com/video/ReZRMRfqVxw,DB Video (ID) (Not in Sitemap),200,TMC Acting Skill Day by Day - West Bengal Election 2026 | ZPluse News,Watch video news on ZPluse News.,TMC Acting Skill Day by Day - West Bengal Election 2026,https://www.zplusenews.com/video/ReZRMRfqVxw,Yes,No,Yes,Yes,3,Group_14
https://www.zplusenews.com/video/YO-KKAi-VC4,DB Video (ID) (Not in Sitemap),200,Bengal Violence: Chandrakant Rath Shot Dead in Kolkata | सुवेंदु अधिकारी के PA की हत्या! | ZPluse News,"Big breaking news from Madhyamgram, Kolkata! Suvendu Adhikari's close aide and PA, Chandrakant Rath, was brutally shot dead in broad daylight. Bengal chunav mei",Bengal Violence: Chandrakant Rath Shot Dead in Kolkata | सुवेंदु अधिकारी के PA की हत्या!,https://www.zplusenews.com/video/YO-KKAi-VC4,Yes,No,Yes,Yes,115,Group_56
https://www.zplusenews.com/video/4EWa6LP4dOI,DB Video (ID) (Not in Sitemap),200,Netaji की धरती जागी! Bengal public का बड़ा action—Bulldozer चलाकर अवैध बस्तियां की साफ़! | ZPluse News,"The people of Bengal, inspired by the legacy of Netaji Subhas Chandra Bose, have taken a stand. Following the change in power, citizens in Kolkata didn't wait f",Netaji की धरती जागी! Bengal public का बड़ा action—Bulldozer चलाकर अवैध बस्तियां की साफ़!,https://www.zplusenews.com/video/4EWa6LP4dOI,Yes,No,Yes,Yes,53,Group_100
https://www.zplusenews.com/video/XEF_vv3wsjg,DB Video (ID) (Not in Sitemap),200,"""सात पुश्तें याद रखेंगी..."" मालदा में उपद्रवियों को सीधी चेतावनी! | CRPF in West Bengal | ZPluse News",पश्चिम बंगाल चुनाव और वर्तमान हालात के बीच मालदा में सुरक्षाबलों ने मोर्चा संभाल लिया है। प्रशासन और CRPF की तरफ से असामाजिक तत्वों को सख्त चेतावनी दी गई है कि,"""सात पुश्तें याद रखेंगी..."" मालदा में उपद्रवियों को सीधी चेतावनी! | CRPF in West Bengal",https://www.zplusenews.com/video/XEF_vv3wsjg,Yes,No,Yes,Yes,75,Group_73
https://www.zplusenews.com/video/ULnI7wJ3Jxg,DB Video (ID) (Not in Sitemap),200,लड़कियों के साथ सरेआम बदतमीजी 😡 | Women Safety at Risk! | ZPluse News,"🚨 इस आरोपी की पहचान करने में मदद करें! जागरूकता फैलाने के लिए इस वीडियो को शेयर करें। यह कानूनी और सामाजिक, दोनों रूप से एक गंभीर अपराध है। इस वीडियो में जो दि",लड़कियों के साथ सरेआम बदतमीजी 😡 | Women Safety at Risk!,https://www.zplusenews.com/video/ULnI7wJ3Jxg,Yes,No,Yes,Yes,147,Group_98
https://www.zplusenews.com/video/_do5BCaKbKw,DB Video (ID) (Not in Sitemap),200,चलती ट्रेन में सरेआम सरकारी संपत्ति का नुकसान! Viral Video | Indian Railways | ZPluse News,"चलती ट्रेन में कुछ असभ्य लोगों द्वारा रेलवे की संपत्ति को नुकसान पहुंचाने का निंदनीय वीडियो वायरल हो रहा है, जिस पर सख्त कार्रवाई की मांग है।",चलती ट्रेन में सरेआम सरकारी संपत्ति का नुकसान! Viral Video | Indian Railways,https://www.zplusenews.com/video/_do5BCaKbKw,Yes,No,Yes,Yes,27,Group_122
https://www.zplusenews.com/video/x7shRwTTZgQ,DB Video (ID) (Not in Sitemap),200,"बंगाल चुनाव की तूफानी रात, फिर भी EVM की सुरक्षा में डटे हमारे जांबाज जवान। | ZPluse News","पश्चिम बंगाल विधानसभा चुनाव 2026 की वोटिंग के बाद, तूफानी मौसम और भारी बारिश के बीच महिला अधिकारियों के साथ EVM ले जाते हमारे जांबाज जवान। दिन भर बूथ पर मुस्तैद","बंगाल चुनाव की तूफानी रात, फिर भी EVM की सुरक्षा में डटे हमारे जांबाज जवान।",https://www.zplusenews.com/video/x7shRwTTZgQ,Yes,No,Yes,Yes,47,Group_87
https://www.zplusenews.com/video/1stoLvcVlek,DB Video (ID) (Not in Sitemap),200,"सिर में चोट, फिर पेट क्यों फाड़ा? गोरखपुर में डॉक्टरों पर किडनी चोरी का आरोप! 🚨 | ZPluse News",यूपी के सीएम सिटी गोरखपुर से एक दिल दहला देने वाला मामला सामने आया है। रेजीडेंसी अस्पताल पर एक मृतक युवक की मां ने गंभीर आरोप लगाए हैं। युवक के सिर में चोट लगी,"सिर में चोट, फिर पेट क्यों फाड़ा? गोरखपुर में डॉक्टरों पर किडनी चोरी का आरोप! 🚨",https://www.zplusenews.com/video/1stoLvcVlek,Yes,No,Yes,Yes,75,Group_162
https://www.zplusenews.com/video/qYdIU7Tsuvk,DB Video (ID) (Not in Sitemap),200,#hindinews #viral #news #topnews #latestnews | ZPluse News,"🔥 Breaking News Today | Latest News Update 2026 | Big Update You Must Know! Stay updated with the latest breaking news happening right now! In this video, we b",#hindinews #viral #news #topnews #latestnews,https://www.zplusenews.com/video/qYdIU7Tsuvk,Yes,No,Yes,Yes,157,Group_104
https://www.zplusenews.com/video/zDMoO1zzshA,DB Video (ID) (Not in Sitemap),200,Election Breaking News | नेताओं के बड़े बयान | ZPluse News,Breaking News Today | Latest News Update 2026 | #news #viral #topnews #breakingnews #hindinews 🔥 Breaking News Today | Latest News Update 2026 | Big Update You,Election Breaking News | नेताओं के बड़े बयान,https://www.zplusenews.com/video/zDMoO1zzshA,Yes,No,Yes,Yes,171,Group_130
https://www.zplusenews.com/video/8Vs0LNcLyQc,DB Video (ID) (Not in Sitemap),200,#Trending#Viral#MustWatch#WatchNow#Update#BigNews#Shocking#Exclusive | ZPluse News,Breaking News Today | Latest News Update 2026 | #news #viral #topnews #breakingnews #hindinews,#Trending#Viral#MustWatch#WatchNow#Update#BigNews#Shocking#Exclusive,https://www.zplusenews.com/video/8Vs0LNcLyQc,Yes,No,Yes,Yes,14,Group_90
https://www.zplusenews.com/video/7ZGYj0fgICs,DB Video (ID) (Not in Sitemap),200,#Trending#Viral#MustWatch#WatchNow#Update#BigNews#Shocking#Exclusive | ZPluse News,"🔥 Breaking News Today | Latest News Update 2026 | Big Update You Must Know! Stay updated with the latest breaking news happening right now! In this video, we b",#Trending#Viral#MustWatch#WatchNow#Update#BigNews#Shocking#Exclusive,https://www.zplusenews.com/video/7ZGYj0fgICs,Yes,No,Yes,Yes,157,Group_104
https://www.zplusenews.com/video/zL1a6aM9m0k,DB Video (ID) (Not in Sitemap),200,#Trending#Viral#MustWatch#WatchNow#Update#BigNews#Shocking#Exclusive | ZPluse News,Aaj ki taaza khabron mein aapka swagat hai! Is video mein hum lekar aaye hain desh aur duniya ki sabse badi aur important news updates. 👉 Iss video mein aap ja,#Trending#Viral#MustWatch#WatchNow#Update#BigNews#Shocking#Exclusive,https://www.zplusenews.com/video/zL1a6aM9m0k,Yes,No,Yes,Yes,52,Group_153
https://www.zplusenews.com/video/uzssjX1dqlg,DB Video (ID) (Not in Sitemap),200,System Failed! 🚨 सड़क पर रोती बच्ची और खामोश यूपी पुलिस! | ZPluse News,"उत्तर प्रदेश (Uttar Pradesh) के मथुरा (Mathura) से एक ऐसा रूह कंपा देने वाला वीडियो सामने आया है, जिसने पूरे समाज और सिस्टम की संवेदनहीनता की पोल खोल कर रख दी ह",System Failed! 🚨 सड़क पर रोती बच्ची और खामोश यूपी पुलिस!,https://www.zplusenews.com/video/uzssjX1dqlg,Yes,No,Yes,Yes,123,Group_118
https://www.zplusenews.com/video/1eisOewgJXg,DB Video (ID) (Not in Sitemap),200,#news #breakingnews #viral | ZPluse News,Watch video news on ZPluse News.,#news #breakingnews #viral,https://www.zplusenews.com/video/1eisOewgJXg,Yes,No,Yes,Yes,3,Group_14
https://www.zplusenews.com/video/o3FJKT8s-K8,DB Video (ID) (Not in Sitemap),200,SuperPower Bangladesh | ZPluse News,Watch video news on ZPluse News.,SuperPower Bangladesh,https://www.zplusenews.com/video/o3FJKT8s-K8,Yes,No,Yes,Yes,3,Group_14
https://www.zplusenews.com/video/L0vDoCEDw0o,DB Video (ID) (Not in Sitemap),200,इंसाफ की लड़ाई अब चुनावी मैदान में! 🚨 Abhaya's Mother Contests Election | ZPluse News,पश्चिम बंगाल चुनाव 2026 (West Bengal Elections 2026) में पानीहाटी (Panihati) विधानसभा सीट सबसे ज्यादा चर्चा का विषय बन गई है। आर.जी. कर (RG Kar Case) मामले की प,इंसाफ की लड़ाई अब चुनावी मैदान में! 🚨 Abhaya's Mother Contests Election,https://www.zplusenews.com/video/L0vDoCEDw0o,Yes,No,Yes,Yes,111,Group_146
https://www.zplusenews.com/video/yPukudCJDIs,DB Video (ID) (Not in Sitemap),200,#news #breakingnews #cricket #viral | ZPluse News,Watch video news on ZPluse News.,#news #breakingnews #cricket #viral,https://www.zplusenews.com/video/yPukudCJDIs,Yes,No,Yes,Yes,3,Group_14
https://www.zplusenews.com/video/3IClBv-FZgw,DB Video (ID) (Not in Sitemap),200,Breaking News Today | Latest News Update 2026 | #news #viral #topnews #breakingnews #hindinews | ZPluse News,Breaking News Today | Latest News Update 2026 | #news #viral #topnews #breakingnews #hindinews,Breaking News Today | Latest News Update 2026 | #news #viral #topnews #breakingnews #hindinews,https://www.zplusenews.com/video/3IClBv-FZgw,Yes,No,Yes,Yes,14,Group_90
https://www.zplusenews.com/video/5v-Xa-ghYJA,DB Video (ID) (Not in Sitemap),200,#breakingnews #news #khamenei #usiranwar | ZPluse News,Watch video news on ZPluse News.,#breakingnews #news #khamenei #usiranwar,https://www.zplusenews.com/video/5v-Xa-ghYJA,Yes,No,Yes,Yes,3,Group_14
https://www.zplusenews.com/video/ktHse2_Mosw,DB Video (ID) (Not in Sitemap),200,स्कूटी टकराई तो पत्थर से तोड़ दी Bullet! 🚨 Jaipur Viral Video | ZPluse News,"राजस्थान के जयपुर (Jaipur, Rajasthan) के बाइस गोदाम इलाके से एक हैरान कर देने वाला रोड रेज (Road Rage) का वीडियो सामने आया है। बीच सड़क पर एक युवती की स्कूटी (S",स्कूटी टकराई तो पत्थर से तोड़ दी Bullet! 🚨 Jaipur Viral Video,https://www.zplusenews.com/video/ktHse2_Mosw,Yes,No,Yes,Yes,138,Group_89
https://www.zplusenews.com/video/WwwE6yRHJVQ,DB Video (ID) (Not in Sitemap),200,वंदे भारत के खाने में निकले कीड़े! 😱 60 Lakh Fine on IRCTC | ZPluse News,पटना-टाटानगर 'वंदे भारत एक्सप्रेस' में सफर करने वाले ज़रा ध्यान दें! देश की सबसे प्रीमियम ट्रेन में परोसे गए अमूल दही में तैरते हुए कीड़े मिले हैं! यात्री रितेश,वंदे भारत के खाने में निकले कीड़े! 😱 60 Lakh Fine on IRCTC,https://www.zplusenews.com/video/WwwE6yRHJVQ,Yes,No,Yes,Yes,72,Group_136
https://www.zplusenews.com/video/lwc-j8WJ-VU,DB Video (ID) (Not in Sitemap),200,Bengal Elections 2026: BJP-TMC में भयंकर झड़प! 😱 | ZPluse News,पश्चिम बंगाल चुनाव 2026 (West Bengal Elections 2026) से पहले भड़की राजनीतिक हिंसा! बीजेपी (BJP) ने आरोप लगाया है कि उनकी 'परिवर्तन यात्रा' और रैलियों में जा रहे,Bengal Elections 2026: BJP-TMC में भयंकर झड़प! 😱,https://www.zplusenews.com/video/lwc-j8WJ-VU,Yes,No,Yes,Yes,124,Group_114
https://www.zplusenews.com/video/sR-a1wxmisY,DB Video (ID) (Not in Sitemap),200,India Breaking News Today | Latest Update #breakingnews #news #viral #latestnews | ZPluse News,India Breaking News Today #breakingnews #news #viral,India Breaking News Today | Latest Update #breakingnews #news #viral #latestnews,https://www.zplusenews.com/video/sR-a1wxmisY,Yes,No,Yes,Yes,7,Group_34
https://www.zplusenews.com/video/9PcbXOdKbpI,DB Video (ID) (Not in Sitemap),200,SP नेता के घर 55 सिलेंडर! 🚨Black Marketing Exposed! 🤯 | ZPluse News,भारत में चल रहे भारी गैस संकट (LPG Crisis) के बीच विपक्ष की सबसे घिनौनी साजिश का पर्दाफाश! सीएम योगी आदित्यनाथ (Yogi Adityanath) के सख्त आदेश पर यूपी पुलिस (UP,SP नेता के घर 55 सिलेंडर! 🚨Black Marketing Exposed! 🤯,https://www.zplusenews.com/video/9PcbXOdKbpI,Yes,No,Yes,Yes,129,Group_82
https://www.zplusenews.com/video/9m90kGsDYoY,DB Video (ID) (Not in Sitemap),200,सऊदी में गैस खत्म... ये भी मोदी जी की गलती? 🤣 | ZPluse News,भारत में गैस संकट (LPG Crisis) पर राजनीति करने वालों और मोदी सरकार (Modi Govt) को कोसने वालों के लिए यह वीडियो एक तमाचा है! मिडिल-ईस्ट के युद्ध (US-Iran War) का,सऊदी में गैस खत्म... ये भी मोदी जी की गलती? 🤣,https://www.zplusenews.com/video/9m90kGsDYoY,Yes,No,Yes,Yes,124,Group_44
https://www.zplusenews.com/video/RPxLLf4digk,DB Video (ID) (Not in Sitemap),200,भारत में गैस खत्म? 😱 LPG Shortage: 10 बड़े शहरों में हाहाकार! | ZPluse News,मिडिल-ईस्ट के महायुद्ध (US-Iran War) का सीधा असर अब भारत की रसोई पर! देश के 10 बड़े शहरों में कमर्शियल LPG गैस का भयंकर संकट है। अयोध्या में राम मंदिर के पास मु,भारत में गैस खत्म? 😱 LPG Shortage: 10 बड़े शहरों में हाहाकार!,https://www.zplusenews.com/video/RPxLLf4digk,Yes,No,Yes,Yes,125,Group_75
https://www.zplusenews.com/video/ayjfNfBeSuY,DB Video (ID) (Not in Sitemap),200,“India’s LPG Cylinder Shortage: Why Restaurants & Canteens Are Struggling” 🔥 #news #lpgcrisis #lpg | ZPluse News,"The shortage of commercial LPG cylinders triggered disruptions across restaurants, hostels, canteens and catering services in multiple cities, highlighting the",“India’s LPG Cylinder Shortage: Why Restaurants & Canteens Are Struggling” 🔥 #news #lpgcrisis #lpg,https://www.zplusenews.com/video/ayjfNfBeSuY,Yes,No,Yes,Yes,36,Group_150
https://www.zplusenews.com/video/F-4lV28SaCw,DB Video (ID) (Not in Sitemap),200,भारत में ESMA लागू! 🚨 LPG & Petrol Crisis? | ZPluse News,मिडिल-ईस्ट के महायुद्ध (US-Iran War) का असर अब सीधे भारत की रसोई और पेट्रोल पंप पर! कच्चे तेल की कीमतों में भयंकर उछाल के बीच मोदी सरकार ने पूरे देश में ESMA (E,भारत में ESMA लागू! 🚨 LPG & Petrol Crisis?,https://www.zplusenews.com/video/F-4lV28SaCw,Yes,No,Yes,Yes,115,Group_16
https://www.zplusenews.com/video/-zCWiX_gESs,DB Video (ID) (Not in Sitemap),200,13 साल बाद मिली 'इच्छामृत्यु'! 🥺Harish Rana Case Supreme Court Euthanasia Verdict | ZPluse News,13 सालों से बिस्तर पर पड़ी एक जिंदगी को सुप्रीम कोर्ट (Supreme Court) ने दी 'इच्छामृत्यु' (Euthanasia) की इजाजत! जानिए 11 मार्च 2026 के इस ऐतिहासिक फैसले (Haris,13 साल बाद मिली 'इच्छामृत्यु'! 🥺Harish Rana Case Supreme Court Euthanasia Verdict,https://www.zplusenews.com/video/-zCWiX_gESs,Yes,No,Yes,Yes,103,Group_23
https://www.zplusenews.com/video/KA_8gBEnh8w,DB Video (ID) (Not in Sitemap),200,पाकिस्तान आर्मी बेस पर भयंकर हमला! 🚨 20+ Soldiers Dead | ZPluse News,पाकिस्तान (Pakistan) के साउथ वज़ीरिस्तान (South Waziristan) स्थित वाना बाज़ार के मिलिट्री बेस पर भयंकर आतंकी हमला! इस ज़ोरदार धमाके (Bomb Blast) में 20 से ज़्या,पाकिस्तान आर्मी बेस पर भयंकर हमला! 🚨 20+ Soldiers Dead,https://www.zplusenews.com/video/KA_8gBEnh8w,Yes,No,Yes,Yes,101,Group_95
https://www.zplusenews.com/video/j_DvWLFTH1A,DB Video (ID) (Not in Sitemap),200,बिहार का अगला Deputy CM कौन? नीतीश कुमार का सबसे बड़ा खेल - Nishant in Politics? | ZPluse News,बिहार (Bihar) की राजनीति में बड़ा भूचाल! क्या सीएम नीतीश कुमार (Nitish Kumar) अब सत्ता की चाबी अपने बेटे निशांत कुमार (Nishant Kumar) को सौंपने जा रहे हैं? ताज़,बिहार का अगला Deputy CM कौन? नीतीश कुमार का सबसे बड़ा खेल - Nishant in Politics?,https://www.zplusenews.com/video/j_DvWLFTH1A,Yes,No,Yes,Yes,99,Group_117
https://www.zplusenews.com/video/i7_NyKn0vhQ,DB Video (ID) (Not in Sitemap),200,पाकिस्तान में सनातन की होली! 🚩 Wadh Balochistan Holi Celebration | ZPluse News,पाकिस्तान (Pakistan) के बलूचिस्तान (Balochistan) स्थित 'वाघ' (Wadh) इलाके में कट्टरपंथ के साये के बीच भी हिंदुओं ने पूरे जोश के साथ सनातन धर्म की होली मनाई! हिं,पाकिस्तान में सनातन की होली! 🚩 Wadh Balochistan Holi Celebration,https://www.zplusenews.com/video/i7_NyKn0vhQ,Yes,No,Yes,Yes,88,Group_151
https://www.zplusenews.com/video/szsGFcyo2us,DB Video (ID) (Not in Sitemap),200,अयातुल्ला खामेनेई की मौत का जश्न - Iranian Women are Dancing - Freedom in Iran | ZPluse News,"ईरान की महिलाएं अयातुल्ला खामेनेई (Ayatollah Khamenei) की मौत पर अपनी 'आज़ादी' का जश्न मना रही हैं, जबकि भारत (Kashmir) और पाकिस्तान में भारी मातम पसरा है। आखिर",अयातुल्ला खामेनेई की मौत का जश्न - Iranian Women are Dancing - Freedom in Iran,https://www.zplusenews.com/video/szsGFcyo2us,Yes,No,Yes,Yes,84,Group_88
https://www.zplusenews.com/video/0NnjSmgj9Pg,DB Video (ID) (Not in Sitemap),200,"""Kashmir Banega Hezbollah"" Kashmir में देश विरोधी नारे! | ZPluse News",अयातुल्ला खामेनेई (Ayatollah Khamenei) की मौत के बाद कश्मीर (Kashmir) में,"""Kashmir Banega Hezbollah"" Kashmir में देश विरोधी नारे!",https://www.zplusenews.com/video/0NnjSmgj9Pg,Yes,No,Yes,Yes,77,Group_21
https://www.zplusenews.com/video/adoX9nXrd8k,DB Video (ID) (Not in Sitemap),200,"ईरान में जश्न, भारत-पाकिस्तान में मातम क्यों? 🤯 Iranian Women are Dancing & Indian Women Crying! 🚨 | ZPluse News","ईरान की महिलाएं अयातुल्ला खामेनेई (Ayatollah Khamenei) की मौत पर अपनी 'आज़ादी' का जश्न मना रही हैं, जबकि भारत (Kashmir) और पाकिस्तान में भारी मातम पसरा है। आखिर","ईरान में जश्न, भारत-पाकिस्तान में मातम क्यों? 🤯 Iranian Women are Dancing & Indian Women Crying! 🚨",https://www.zplusenews.com/video/adoX9nXrd8k,Yes,No,Yes,Yes,88,Group_88
https://www.zplusenews.com/video/3TktMqZ-P6g,DB Video (ID) (Not in Sitemap),200,Khamenei Death: ईरान में मातम या जश्न? 🤯 Iran Celebrating Khamenei's Death? 😱 | ZPluse News,"एक तरफ अमेरिका और इज़राइल की बमबारी, दूसरी तरफ ईरान की सड़कों पर आतिशबाजी! आखिर अयातुल्ला खामेनेई (Ayatollah Khamenei) की मौत पर पूरा ईरान दो हिस्सों में क्यों",Khamenei Death: ईरान में मातम या जश्न? 🤯 Iran Celebrating Khamenei's Death? 😱,https://www.zplusenews.com/video/3TktMqZ-P6g,Yes,No,Yes,Yes,69,Group_4
https://www.zplusenews.com/video/3ZTu9TzJiP8,DB Video (ID) (Not in Sitemap),200,Pakistan vs Afghanistan: #Pakistan #Afghanistan #BorderConflict #BreakingNews #SouthAsia #GlobalNews | ZPluse News,"Tensions between Pakistan and Afghanistan have intensified dramatically, with both sides claiming significant military casualties as cross-border fighting conti",Pakistan vs Afghanistan: #Pakistan #Afghanistan #BorderConflict #BreakingNews #SouthAsia #GlobalNews,https://www.zplusenews.com/video/3ZTu9TzJiP8,Yes,No,Yes,Yes,103,Group_132
https://www.zplusenews.com/video/5APSAt-onto,DB Video (ID) (Not in Sitemap),200,Another American base hit in Qatar… Qatar में घुसी ईरान की मिसाइलें! 🤯 US Army in Danger? | ZPluse News,"ईरान ने कतर (Qatar) में मौजूद सबसे बड़े अमेरिकी सैन्य ठिकाने 'Al Udeid Airbase' पर भयंकर मिसाइल हमला कर दिया है! कतर ने दर्जनों मिसाइलें रोकीं, लेकिन 2 मिसाइलों",Another American base hit in Qatar… Qatar में घुसी ईरान की मिसाइलें! 🤯 US Army in Danger?,https://www.zplusenews.com/video/5APSAt-onto,Yes,No,Yes,Yes,75,Group_83
https://www.zplusenews.com/video/VFphoxg9x7U,DB Video (ID) (Not in Sitemap),200,India-US Trade Deal PAUSE: 50% Tariff का बड़ा झटका? Gurdaspur Update & Operation Prahar | Z+ News | ZPluse News,नमस्ते! मैं हूँ प्राची और आज Z+ News की इस विशेष रिपोर्ट में हम बात करेंगे भारत और अमेरिका के बीच गहराते ट्रेड संकट की। आखिर क्यों अमेरिका ने भारतीय सामान पर 50,India-US Trade Deal PAUSE: 50% Tariff का बड़ा झटका? Gurdaspur Update & Operation Prahar | Z+ News,https://www.zplusenews.com/video/VFphoxg9x7U,Yes,No,Yes,Yes,105,Group_182
https://www.zplusenews.com/video/bzXvyyoDwOQ,DB Video (ID) (Not in Sitemap),200,Khamenei Death : ईरानी और यहूदी एक साथ नाचे? 😱 The Truth of London Video | ZPluse News,"एक तरफ मिडिल-ईस्ट में युद्ध, दूसरी तरफ लंदन (London) में ईरानी और यहूदी एक साथ जश्न मना रहे हैं! आखिर अयातुल्ला खामेनेई (Ayatollah Khamenei) की मौत के बाद कट्टर",Khamenei Death : ईरानी और यहूदी एक साथ नाचे? 😱 The Truth of London Video,https://www.zplusenews.com/video/bzXvyyoDwOQ,Yes,No,Yes,Yes,66,Group_30
https://www.zplusenews.com/video/_l19OdyY94s,DB Video (ID) (Not in Sitemap),200,Khamenei Death: Kashmir में सड़कों पर उतरी भीड़! 😱 | ZPluse News,ईरान के सुप्रीम लीडर अयातुल्ला खामेनेई (Ayatollah Khamenei) की मौत के बाद कश्मीर (Kashmir) में भारी प्रदर्शन! श्रीनगर और बडगाम में मातम मना रही भीड़ ने तोड़े सु,Khamenei Death: Kashmir में सड़कों पर उतरी भीड़! 😱,https://www.zplusenews.com/video/_l19OdyY94s,Yes,No,Yes,Yes,58,Group_67
https://www.zplusenews.com/video/fBAZw_MuIAQ,DB Video (ID) (Not in Sitemap),200,कराची में अमेरिका पर हमला? 😱 US Consulate Attacked! | ZPluse News,इस वीडियो में देखिए कराची (Karachi) में अमेरिकी दूतावास (US Consulate) पर हुए हिंसक प्रदर्शन का पूरा सच। अमेरिका और इज़राइल के बड़े हमले में ईरान के सुप्रीम लीड,कराची में अमेरिका पर हमला? 😱 US Consulate Attacked!,https://www.zplusenews.com/video/fBAZw_MuIAQ,Yes,No,Yes,Yes,87,Group_76
https://www.zplusenews.com/video/E9UhO1Uq1g4,DB Video (ID) (Not in Sitemap),200,लाहौर में अमेरिका पर हमला? 🚨 The Truth of Pakistan Protests - कराची के बाद लाहौर में बवाल! | ZPluse News,कराची के बाद अब लाहौर (Lahore) में भी भड़की अमेरिका-ईरान युद्ध की आग! जानिए ईरान के सुप्रीम लीडर अयातुल्ला खामेनेई (Ayatollah Khamenei) की मौत के बाद कैसे हजारो,लाहौर में अमेरिका पर हमला? 🚨 The Truth of Pakistan Protests - कराची के बाद लाहौर में बवाल!,https://www.zplusenews.com/video/E9UhO1Uq1g4,Yes,No,Yes,Yes,68,Group_147
https://www.zplusenews.com/video/T2HSNde8NEs,DB Video (ID) (Not in Sitemap),200,Iran Strikes US Navy in Bahrain! युद्ध की शुरुआत? | ZPluse News,"🚨 BREAKING: IRAN STRIKES US NAVY! 🇺🇸🇮🇷 ईरान ने बहरीन में स्थित अमेरिकी नौसेना के 5th Fleet मुख्यालय पर भीषण मिसाइल हमला किया है, जो Middle East में तनाव को",Iran Strikes US Navy in Bahrain! युद्ध की शुरुआत?,https://www.zplusenews.com/video/T2HSNde8NEs,Yes,No,Yes,Yes,121,Group_99
https://www.zplusenews.com/video/4wFmQODzRGI,DB Video (ID) (Not in Sitemap),200,ईरान का दुबई पर भयंकर हमला! 😱CIA headquarters in Dubai Attacked? | ZPluse News,ईरान ने लिया बदला? दुबई में CIA के ठिकानों पर हमले की खबर से हड़कंप! UAE पुलिस क्यों कर रही है गिरफ्तारियां? जानिए मिडिल-ईस्ट की सबसे बड़ी और खौफनाक सच्चाई। #Du,ईरान का दुबई पर भयंकर हमला! 😱CIA headquarters in Dubai Attacked?,https://www.zplusenews.com/video/4wFmQODzRGI,Yes,No,Yes,Yes,33,Group_164
https://www.zplusenews.com/video/LyTBRt0ARpc,DB Video (ID) (Not in Sitemap),200,Pakistan में घुसा Taliban! 300+ Dead 🚨 | Pak vs Afghan War Explained | ZPluse News,"Pakistan और Afghanistan के बीच भयंकर युद्ध शुरू हो चुका है! 🚨 पाकिस्तानी एयरफोर्स की एयरस्ट्राइक के बाद, Taliban ने पाकिस्तानी मिलिट्री चौकियों पर कब्ज़ा कर लिय",Pakistan में घुसा Taliban! 300+ Dead 🚨 | Pak vs Afghan War Explained,https://www.zplusenews.com/video/LyTBRt0ARpc,Yes,No,Yes,Yes,118,Group_133
https://www.zplusenews.com/video/6sz7kUH-jF8,DB Video (ID) (Not in Sitemap),200,🚨 Israel & US Attack Iran! इज़राइल और अमेरिका ने मिलकर ईरान के 30 ठिकानों पर जॉइंट अटैक कर दिया है.. | ZPluse News,🚨 Kya World War 3 shuru ho chuka hai? Israel aur US ne milkar aadhi raat ko Iran (Tehran) par ek khaufnak joint strike ki hai! 🚀 Is deadly attack mein 30 se z,🚨 Israel & US Attack Iran! इज़राइल और अमेरिका ने मिलकर ईरान के 30 ठिकानों पर जॉइंट अटैक कर दिया है..,https://www.zplusenews.com/video/6sz7kUH-jF8,Yes,No,Yes,Yes,135,Group_64
https://www.zplusenews.com/video/1YC4BcJQWIk,DB Video (ID) (Not in Sitemap),200,पाकिस्तानी सेना पर सबसे बड़ा हमला! 🚨 Taliban Attack on Pakistan Army | ZPluse News,Pakistan Taliban Border Clash 2026: अफगान तालिबान ने Pakistani Army पर अब तक का सबसे बड़ा हमला किया है! 55 Pakistani soldiers dead और 19 military posts पर कब्ज़ा,पाकिस्तानी सेना पर सबसे बड़ा हमला! 🚨 Taliban Attack on Pakistan Army,https://www.zplusenews.com/video/1YC4BcJQWIk,Yes,No,Yes,Yes,45,Group_140
https://www.zplusenews.com/video/IIUKUd9NOi4,DB Video (ID) (Not in Sitemap),200,Israel की संसद में गूंजी भारत की दहाड़ 🔥 | PM Modi Masterstroke | ZPluse News,इजराइल की संसद 'नेसेट' (Knesset) में प्रधानमंत्री नरेंद्र मोदी का ऐतिहासिक भाषण। 70 सालों की पुरानी कूटनीति को पीछे छोड़ते हुए भारत ने मिडिल-ईस्ट (Middle East),Israel की संसद में गूंजी भारत की दहाड़ 🔥 | PM Modi Masterstroke,https://www.zplusenews.com/video/IIUKUd9NOi4,Yes,No,Yes,Yes,78,Group_135
https://www.zplusenews.com/video/pd0RibOrtio,DB Video (ID) (Not in Sitemap),200,Jharkhand air ambulance crash #breakingnews #jharkhand #jharkhand_news #facts #newsupdate | ZPluse News,"Fatal Crash Claims All 7 Lives in Jharkhand Air Ambulance IncidentA Beechcraft C90 aircraft, on a medical evacuation flight from Ranchi to Delhi, crashed in Ran",Jharkhand air ambulance crash #breakingnews #jharkhand #jharkhand_news #facts #newsupdate,https://www.zplusenews.com/video/pd0RibOrtio,Yes,No,Yes,Yes,64,Group_45
https://www.zplusenews.com/video/rge42lRHqYY,DB Video (ID) (Not in Sitemap),200,Speech se pehle Batti Gul! 😱 आखिर क्यों डर गए Donald Trump? SOTU 2026 की पूरी सच्चाई! | ZPluse News,Trump’s State of the Union 2026: क्या ये अंत की शुरुआत है? 🚨 आज की रात वाशिंगटन के इतिहास में सबसे भारी होने वाली है! राष्ट्रपति डोनाल्ड ट्रंप (Donald Trump) अ,Speech se pehle Batti Gul! 😱 आखिर क्यों डर गए Donald Trump? SOTU 2026 की पूरी सच्चाई!,https://www.zplusenews.com/video/rge42lRHqYY,Yes,No,Yes,Yes,223,Group_86
https://www.zplusenews.com/video/nkXPOtB3kgQ,DB Video (ID) (Not in Sitemap),200,"🎥 Subscribe for more Fast & Furious news, #breakingnews #viral #nationalnews #india | ZPluse News","📰 1-Minute News — Sahil Road Accident Case Update In a tragic road accident case from Dwarka, New Delhi, 23-year-old Sahil Dhaneshra lost his life after a spee","🎥 Subscribe for more Fast & Furious news, #breakingnews #viral #nationalnews #india",https://www.zplusenews.com/video/nkXPOtB3kgQ,Yes,No,Yes,Yes,219,Group_79
https://www.zplusenews.com/video/4mfmyxGkth8,DB Video (ID) (Not in Sitemap),200,Rahul Gandhi के 'बब्बर शेरों' का असली सच! 😱 - AI Impact Summit Youth Congress Mess | ZPluse News,"राहुल गांधी के ट्वीट और यूथ कांग्रेस के विरोध प्रदर्शन के पीछे का असली सच क्या है? AI Impact Summit में विदेशी मेहमानों के सामने जो हुआ, क्या वो लोकतांत्रिक अधि",Rahul Gandhi के 'बब्बर शेरों' का असली सच! 😱 - AI Impact Summit Youth Congress Mess,https://www.zplusenews.com/video/4mfmyxGkth8,Yes,No,Yes,Yes,82,Group_69
https://www.zplusenews.com/video/FpfiHZwBWJU,DB Video (ID) (Not in Sitemap),200,Border Security: Amit Shah का बड़ा ऐलान - India's 'First Villages': चीन की उड़ी नींद | ZPluse News,"असम के नथानपुर (Nathanpur) से गृह मंत्री Amit Shah ने 'Vibrant Villages Programme Phase-2' (VVP-II) लॉन्च कर दिया है। अब भारत के बॉर्डर गांव 'आखिरी' नहीं, देश क",Border Security: Amit Shah का बड़ा ऐलान - India's 'First Villages': चीन की उड़ी नींद,https://www.zplusenews.com/video/FpfiHZwBWJU,Yes,No,Yes,Yes,31,Group_22
https://www.zplusenews.com/video/kR5FZ_AVYNA,DB Video (ID) (Not in Sitemap),200,Israel Parliament में PM Modi पर बवाल! Netanyahu के खिलाफ विपक्ष की बगावत⚡ | ZPluse News,"PM Modi 25-26 फरवरी को Israel के दौरे पर जा रहे हैं, लेकिन उनके पहुँचने से पहले ही Israel की संसद (Knesset) में बवाल मच गया है! Yair Lapid ने PM Modi के संबोधन",Israel Parliament में PM Modi पर बवाल! Netanyahu के खिलाफ विपक्ष की बगावत⚡,https://www.zplusenews.com/video/kR5FZ_AVYNA,Yes,No,Yes,Yes,97,Group_18
https://www.zplusenews.com/video/yI-4TlTME40,DB Video (ID) (Not in Sitemap),200,"Mexico Violence: खूंखार माफिया ढेर, सड़कों पर आगजनी 😱 | El Mencho Killed | ZPluse News",मेक्सिको में ड्रग माफिया 'एल मेंचो' (El Mencho) के मारे जाने के बाद भारी हिंसा और आगजनी। भारतीय दूतावास ने सभी भारतीयों के लिए अर्जेंट एडवाइजरी और रेड अलर्ट जार,"Mexico Violence: खूंखार माफिया ढेर, सड़कों पर आगजनी 😱 | El Mencho Killed",https://www.zplusenews.com/video/yI-4TlTME40,Yes,No,Yes,Yes,42,Group_35
https://www.zplusenews.com/video/UTw9PnPqbUU,DB Video (ID) (Not in Sitemap),200,दुनिया का सबसे खतरनाक Don ढेर! Mexico Cartel Boss El Mencho 🚨 | ZPluse News,"दुनिया के सबसे खतरनाक ड्रग माफिया 'El Mencho' का मैक्सिको (Mexico) में अंत हो गया है! इस $15 Million के वॉन्टेड डॉन के मारे जाने के बाद, CJNG Cartel ने पूरे देश",दुनिया का सबसे खतरनाक Don ढेर! Mexico Cartel Boss El Mencho 🚨,https://www.zplusenews.com/video/UTw9PnPqbUU,Yes,No,Yes,Yes,72,Group_1
https://www.zplusenews.com/video/bLZ5OsRKb9I,DB Video (ID) (Not in Sitemap),200,Top News Today | सुबह की बड़ी खबरें | Daily News Roundup | ZPluse News,"यदि आपको हमारा वीडियो पसंद आए तो Like 👍, Share 📲 और Channel को Subscribe 🔔 करना न भूलें। इससे आपको हर दिन सबसे पहले ताज़ा खबरें मिलती रहेंगी।#top10news #brea",Top News Today | सुबह की बड़ी खबरें | Daily News Roundup,https://www.zplusenews.com/video/bLZ5OsRKb9I,Yes,No,Yes,Yes,38,Group_139
https://www.zplusenews.com/video/Nr1WGL7b_Eg,DB Video (ID) (Not in Sitemap),200,Kargil War 1999 | कारगिल युद्ध की पूरी कहानी | India vs Pakistan | Operation Vijay | ZPluse News,"कारगिल युद्ध 1999 भारत के इतिहास का एक निर्णायक अध्याय है। यह युद्ध भारत और पाकिस्तान के बीच लड़ा गया, जिसमें पाकिस्तान ने लाहौर समझौते के बाद धोखे से कारगिल की",Kargil War 1999 | कारगिल युद्ध की पूरी कहानी | India vs Pakistan | Operation Vijay,https://www.zplusenews.com/video/Nr1WGL7b_Eg,Yes,No,Yes,Yes,219,Group_101
https://www.zplusenews.com/video/Pq7GlKH5WSU,DB Video (ID) (Not in Sitemap),200,BREAKING NEWS | आज की सभी बड़ी खबरें | Top 10 News Today | ZPluse News,"आज की 10 बड़ी खबरों में राजनीति, मौसम, खेल, बिजनेस, अंतरराष्ट्रीय और ब्रेकिंग न्यूज़ का पूरा अपडेट। वीडियो को लाइक करें, शेयर करें और Zpluse News को सब्सक्राइब",BREAKING NEWS | आज की सभी बड़ी खबरें | Top 10 News Today,https://www.zplusenews.com/video/Pq7GlKH5WSU,Yes,No,Yes,Yes,35,Group_163
https://www.zplusenews.com/video/j4sMvf5mYqI,DB Video (ID) (Not in Sitemap),200,PM Modi ने तोड़ा नेहरू का रिकॉर्ड | West Asia में युद्ध तेज | NASA Artemis III Mission | ZPluse News,PM मोदी ने जवाहरलाल नेहरू का सबसे लंबे समय तक लगातार प्रधानमंत्री रहने का रिकॉर्ड तोड़ा। 🔹 फर्जी हस्ताक्षर मामले में ममता बनर्जी के आवास पर CID की कार्रवाई। 🔹,PM Modi ने तोड़ा नेहरू का रिकॉर्ड | West Asia में युद्ध तेज | NASA Artemis III Mission,https://www.zplusenews.com/video/j4sMvf5mYqI,Yes,No,Yes,Yes,129,Group_124
https://www.zplusenews.com/video/9sELj74ZSsU,DB Video (ID) (Not in Sitemap),200,UK मे मुहम्मद पर 11 वर्षीय बच्ची के साथ यौन अपराध करने की मंशा रखने क आरोप लगा है। | ZPluse News,"Mohammed, from Pakistan, has just arrived in the UK and wants to abuse an 11-year-old girl, claiming that age doesn't matter. #GroomingGang",UK मे मुहम्मद पर 11 वर्षीय बच्ची के साथ यौन अपराध करने की मंशा रखने क आरोप लगा है।,https://www.zplusenews.com/video/9sELj74ZSsU,Yes,No,Yes,Yes,22,Group_138
https://www.zplusenews.com/video/yO7IoXpWeJ4,DB Video (ID) (Not in Sitemap),200,"ट्रेन में महिला से छेड़छाड़ , यात्रियों का फूटा गुस्सा - Train Molester Caught | ZPluse News",Watch video news on ZPluse News.,"ट्रेन में महिला से छेड़छाड़ , यात्रियों का फूटा गुस्सा - Train Molester Caught",https://www.zplusenews.com/video/yO7IoXpWeJ4,Yes,No,Yes,Yes,3,Group_14
https://www.zplusenews.com/video/opciA_DtAhk,DB Video (ID) (Not in Sitemap),200,भारत की GDP 7.7% | राहुल गांधी का बड़ा आरोप | US-ईरान युद्ध जैसे हालात | प्रज्ञानंदा ने रचा इतिहास | ZPluse News,आज की इस वीडियो में देखिए देश और दुनिया की 10 सबसे बड़ी और महत्वपूर्ण खबरें: 🔹 राहुल गांधी का ग्रेट निकोबार प्रोजेक्ट को लेकर बड़ा आरोप 🔹 भारत की GDP ग्रोथ 7.,भारत की GDP 7.7% | राहुल गांधी का बड़ा आरोप | US-ईरान युद्ध जैसे हालात | प्रज्ञानंदा ने रचा इतिहास,https://www.zplusenews.com/video/opciA_DtAhk,Yes,No,Yes,Yes,150,Group_36
https://www.zplusenews.com/video/TTcrznllH3g,DB Video (ID) (Not in Sitemap),200,"LPG Price Hike, NEET विवाद, सोनम वांगचुक का प्रदर्शन और US-ईरान तनाव | ZPluse News","आज की इस वीडियो में देखिए देश और दुनिया की 4 बड़ी खबरें: 🔹 जंतर-मंतर पर CJP छात्र आंदोलन में शामिल हुए सोनम वांगचुक, शिक्षा मंत्री के इस्तीफे की मांग। 🔹 घरेलू","LPG Price Hike, NEET विवाद, सोनम वांगचुक का प्रदर्शन और US-ईरान तनाव",https://www.zplusenews.com/video/TTcrznllH3g,Yes,No,Yes,Yes,107,Group_10
https://www.zplusenews.com/video/608X2ymkC5A,DB Video (ID) (Not in Sitemap),200,"ट्रम्प को झटका, बिहार अस्पताल अग्निकांड, TMC में बगावत, विराट कोहली चोटिल! | Breaking News | ZPluse News",देश और दुनिया की सबसे महत्वपूर्ण खबरें: 🔹 अमेरिकी प्रतिनिधि सभा ने ईरान के खिलाफ सैन्य कार्रवाई रोकने का प्रस्ताव पारित कर डोनाल्ड ट्रम्प को बड़ा झटका दिया। 🔹,"ट्रम्प को झटका, बिहार अस्पताल अग्निकांड, TMC में बगावत, विराट कोहली चोटिल! | Breaking News",https://www.zplusenews.com/video/608X2ymkC5A,Yes,No,Yes,Yes,162,Group_152
https://www.zplusenews.com/video/uAxzVaulyPg,DB Video (ID) (Not in Sitemap),200,"बिहार अस्पताल अग्निकांड, अन्नामलाई का इस्तीफा, TMC में बगावत, RBI का बड़ा फैसला! | ZPluse News","और दुनिया की 5 सबसे बड़ी खबरें: 🔥 बिहार के एक निजी अस्पताल में भीषण आग लगने से 10 मरीजों की दर्दनाक मौत, राहत और बचाव कार्य जारी। 🏛️ तमिलनाडु बीजेपी अध्यक्ष क","बिहार अस्पताल अग्निकांड, अन्नामलाई का इस्तीफा, TMC में बगावत, RBI का बड़ा फैसला!",https://www.zplusenews.com/video/uAxzVaulyPg,Yes,No,Yes,Yes,145,Group_108
https://www.zplusenews.com/video/nT3VRx1AwF8,DB Video (ID) (Not in Sitemap),200,आज की बड़ी खबरें: अमेरिका-ईरान टकराव से लेकर दिल्ली होटल हादसे तक | ZPluse News,आज की इस वीडियो में हम देश और दुनिया की 5 बड़ी खबरों पर चर्चा करेंगे: 🔹 अमेरिका और ईरान के बीच बढ़ते तनाव और हवाई हमलों की ताज़ा जानकारी। 🔹 पश्चिम बंगाल में म,आज की बड़ी खबरें: अमेरिका-ईरान टकराव से लेकर दिल्ली होटल हादसे तक,https://www.zplusenews.com/video/nT3VRx1AwF8,Yes,No,Yes,Yes,144,Group_166
https://www.zplusenews.com/video/FTlnuWQPJBw,DB Video (ID) (Not in Sitemap),200,TMC का नेता शम्सुल इस्लाम निकला आतंकवादी - West Bengal | ZPluse News,Watch video news on ZPluse News.,TMC का नेता शम्सुल इस्लाम निकला आतंकवादी - West Bengal,https://www.zplusenews.com/video/FTlnuWQPJBw,Yes,No,Yes,Yes,3,Group_14
https://www.zplusenews.com/video/jK2GUIFd34c,DB Video (ID) (Not in Sitemap),200,Thook Jihad? Mumbai में रोटियों पर थूकने के आरोप में Fayaz Shaikh और Kausar Shaikh गिरफ्तार | ZPluse News,Watch video news on ZPluse News.,Thook Jihad? Mumbai में रोटियों पर थूकने के आरोप में Fayaz Shaikh और Kausar Shaikh गिरफ्तार,https://www.zplusenews.com/video/jK2GUIFd34c,Yes,No,Yes,Yes,3,Group_14
https://www.zplusenews.com/video/7iM84SzLv8E,DB Video (ID) (Not in Sitemap),200,आज की 5 बड़ी खबरें | देश-दुनिया में क्या हुआ? | ZPluse News,"इस वीडियो में देखिए देश और दुनिया की आज की सबसे बड़ी और महत्वपूर्ण खबरें। राजनीति, अंतरराष्ट्रीय घटनाक्रम, खेल, शिक्षा, अर्थव्यवस्था और अन्य प्रमुख अपडेट्स की प",आज की 5 बड़ी खबरें | देश-दुनिया में क्या हुआ?,https://www.zplusenews.com/video/7iM84SzLv8E,Yes,No,Yes,Yes,107,Group_66
https://www.zplusenews.com/video/hPk3PtzZ0LU,DB Video (ID) (Not in Sitemap),200,Hezbollah को Israel का “Eid Gift” 😳 | Lebanon Airstrike | Israel vs Hezbollah | ZPluse News,हिज़्बुल्लाह के आतंकियों को मिला इज़राइल की तरफ से “ईद का तोहफा”! Southern Lebanon के Tyre शहर में Israeli Air Force ने Hezbollah के ठिकानों पर किए ताबड़तोड़ ai,Hezbollah को Israel का “Eid Gift” 😳 | Lebanon Airstrike | Israel vs Hezbollah,https://www.zplusenews.com/video/hPk3PtzZ0LU,Yes,No,Yes,Yes,46,Group_84
https://www.zplusenews.com/video/wOdIdF8WhGU,DB Video (ID) (Not in Sitemap),200,"ब्रेकिंग न्यूज़: कर्नाटक में सियासी भूचाल, अमेरिका-ईरान आमने-सामने! | ZPluse News","आज की इस वीडियो में देखिए देश और दुनिया की 5 सबसे बड़ी खबरें 👇 1️⃣ कर्नाटक की राजनीति में बड़ा सियासी उलटफेर, सत्ता परिवर्तन की अटकलें तेज। 2️⃣ ट्विशा शर्मा के","ब्रेकिंग न्यूज़: कर्नाटक में सियासी भूचाल, अमेरिका-ईरान आमने-सामने!",https://www.zplusenews.com/video/wOdIdF8WhGU,Yes,No,Yes,Yes,120,Group_92
https://www.zplusenews.com/video/GnF6Z1FivdM,DB Video (ID) (Not in Sitemap),200,मोहम्मद ने छेड़ा 7 साल की बच्ची को - Train में मचा हड़कंप | ZPluse News,Watch video news on ZPluse News.,मोहम्मद ने छेड़ा 7 साल की बच्ची को - Train में मचा हड़कंप,https://www.zplusenews.com/video/GnF6Z1FivdM,Yes,No,Yes,Yes,3,Group_14
https://www.zplusenews.com/video/UaW96vEZfMM,DB Video (ID) (Not in Sitemap),200,जनता ने दौड़ा-दौड़ा कर पीटा TMC के वसूली गैंग को 😳 | Bengal Violence | Dubrajpur News | ZPluse News,Watch video news on ZPluse News.,जनता ने दौड़ा-दौड़ा कर पीटा TMC के वसूली गैंग को 😳 | Bengal Violence | Dubrajpur News,https://www.zplusenews.com/video/UaW96vEZfMM,Yes,No,Yes,Yes,3,Group_14
https://www.zplusenews.com/video/RXFN981txfw,DB Video (ID) (Not in Sitemap),200,TMC का गुंडा Bappa Sheikh रस्सियों में Parade | Diamond Harbour Viral | ZPluse News,Watch video news on ZPluse News.,TMC का गुंडा Bappa Sheikh रस्सियों में Parade | Diamond Harbour Viral,https://www.zplusenews.com/video/RXFN981txfw,Yes,No,Yes,Yes,3,Group_14
https://www.zplusenews.com/video/iUsT6Wq1V5Y,DB Video (ID) (Not in Sitemap),200,Haridwar में Haryana के युवकों की शर्मनाक हरकत | Viral Video | ZPluse News,Haridwar के Har Ki Pauri क्षेत्र से एक वीडियो वायरल हो रहा है जिसमें हरियाणा से आए दो युवकों पर सड़क पर जा रही महिला के साथ अशोभनीय हरकत करने का आरोप है। Ganga,Haridwar में Haryana के युवकों की शर्मनाक हरकत | Viral Video,https://www.zplusenews.com/video/iUsT6Wq1V5Y,Yes,No,Yes,Yes,74,Group_61
https://www.zplusenews.com/video/yxS-pevYmKs,DB Video (ID) (Not in Sitemap),200,भीमताल में Tourists की शर्मनाक हरकत | CCTV Viral Video - Uttarakhand | ZPluse News,Watch video news on ZPluse News.,भीमताल में Tourists की शर्मनाक हरकत | CCTV Viral Video - Uttarakhand,https://www.zplusenews.com/video/yxS-pevYmKs,Yes,No,Yes,Yes,3,Group_14
https://www.zplusenews.com/video/xvbaycsNi6g,DB Video (ID) (Not in Sitemap),200,RCB फाइनल में 🔥 कर्नाटक में सत्ता पलट? ED रेड से बवाल | IPL महामुकाबला | ZPluse News,"आज की बड़ी खबरों में देखिए 👇 🏛️ कर्नाटक की राजनीति में बड़ा उलटफेर — मुख्यमंत्री सिद्धारमैया के इस्तीफे की चर्चा तेज, डीके शिवकुमार बन सकते हैं नए CM। 🚨 केरल",RCB फाइनल में 🔥 कर्नाटक में सत्ता पलट? ED रेड से बवाल | IPL महामुकाबला,https://www.zplusenews.com/video/xvbaycsNi6g,Yes,No,Yes,Yes,160,Group_55
https://www.zplusenews.com/video/OkzNEKXGCQU,DB Video (ID) (Not in Sitemap),200,West Bengal छोड़कर जा रहे Rohingya - illegal migrant | ZPluse News,Watch video news on ZPluse News.,West Bengal छोड़कर जा रहे Rohingya - illegal migrant,https://www.zplusenews.com/video/OkzNEKXGCQU,Yes,No,Yes,Yes,3,Group_14
https://www.zplusenews.com/video/kMKkvtIboIo,DB Video (ID) (Not in Sitemap),200,कीव पर मिसाइल अटैक | भारत-अमेरिका वार्ता | बुमराह को आराम! | ZPluse News,"आज की इस वीडियो में देखिए देश और दुनिया की 5 सबसे बड़ी और ताजा खबरें — 🔴 व्हाइट हाउस चेकपॉइंट पर गोलीबारी, सीक्रेट सर्विस ने हमलावर को मार गिराया 💥 रूस ने यूक",कीव पर मिसाइल अटैक | भारत-अमेरिका वार्ता | बुमराह को आराम!,https://www.zplusenews.com/video/kMKkvtIboIo,Yes,No,Yes,Yes,118,Group_148
https://www.zplusenews.com/video/DpRpBMslYZo,DB Video (ID) (Not in Sitemap),200,कोयला खदान धमाका से दुनिया दहली | इबोला खतरा बढ़ा | कोहली-हेड विवाद वायरल | ZPluse News,आज की इस बड़ी न्यूज वीडियो में देखिए दुनिया और भारत की 5 सबसे चर्चित खबरें — 🔴 चीन की कोयला खदान में भयानक विस्फोट से कई लोग प्रभावित 🦠 अफ्रीकी देश कांगो में,कोयला खदान धमाका से दुनिया दहली | इबोला खतरा बढ़ा | कोहली-हेड विवाद वायरल,https://www.zplusenews.com/video/DpRpBMslYZo,Yes,No,Yes,Yes,110,Group_176
https://www.zplusenews.com/video/TiiDLftTM30,DB Video (ID) (Not in Sitemap),200,SSC GD Paper Leak पर छात्रों का गुस्सा फूटा 🔥 | Prayagraj Exam Centre Viral Video | ZPluse News,"प्रयागराज के SSC GD एग्जाम सेंटर में छात्रों का गुस्सा फूट पड़ा। Paper Leak, खराब सिस्टम और लगातार हो रही लापरवाही से परेशान aspirants ने सेंटर के कंप्यूटर तक त",SSC GD Paper Leak पर छात्रों का गुस्सा फूटा 🔥 | Prayagraj Exam Centre Viral Video,https://www.zplusenews.com/video/TiiDLftTM30,Yes,No,Yes,Yes,94,Group_121
https://www.zplusenews.com/video/nPSgalEJ_aU,DB Video (ID) (Not in Sitemap),200,ये TMC Office था या कोठा? Bengal Police Raid ! 😱 | ZPluse News,Watch video news on ZPluse News.,ये TMC Office था या कोठा? Bengal Police Raid ! 😱,https://www.zplusenews.com/video/nPSgalEJ_aU,Yes,No,Yes,Yes,3,Group_14
https://www.zplusenews.com/video/YSB_60V6d3c,DB Video (ID) (Not in Sitemap),200,हिंदू लड़कियों के नंबर Leak करने का आरोप! - कैमरे पर कबूलनामा | ZPluse News,Watch video news on ZPluse News.,हिंदू लड़कियों के नंबर Leak करने का आरोप! - कैमरे पर कबूलनामा,https://www.zplusenews.com/video/YSB_60V6d3c,Yes,No,Yes,Yes,3,Group_14
https://www.zplusenews.com/video/fs_nv_MevVA,DB Video (ID) (Not in Sitemap),200,TMC के गुंडों का The End? | Bengal में जनता का गुस्सा फूटा 🔥 | ZPluse News,Watch video news on ZPluse News.,TMC के गुंडों का The End? | Bengal में जनता का गुस्सा फूटा 🔥,https://www.zplusenews.com/video/fs_nv_MevVA,Yes,No,Yes,Yes,3,Group_14
https://www.zplusenews.com/video/IIyXn7nxzts,DB Video (ID) (Not in Sitemap),200,आखिर ज़िम्मेदार कौन? Reservation Policy or Systemic Negligence? | ZPluse News,"देश में लगातार हो रहे हादसों और सिस्टम की नाकामी का असली ज़िम्मेदार कौन है? क्या इसके पीछे आरक्षण (Arakshan) है, या फिर प्रशासन की घोर लापरवाही (Laparwahi)? Wat",आखिर ज़िम्मेदार कौन? Reservation Policy or Systemic Negligence?,https://www.zplusenews.com/video/IIyXn7nxzts,Yes,No,Yes,Yes,42,Group_28
https://www.zplusenews.com/video/qoBA5fBGv54,DB Video (ID) (Not in Sitemap),200,Bangladesh Border पर गूंजे जय श्री राम के नारे - BSF के साथ ग्रामीणों की Victory Rally! | ZPluse News,"बांग्लादेश बॉर्डर के पास ग्रामीणों की ये बेखौफ Victory Rally देखिए! जब BSF (Border Security Force) खुद एस्कॉर्ट कर रही हो, तो लोगों का कॉन्फिडेंस अलग ही स्तर पर",Bangladesh Border पर गूंजे जय श्री राम के नारे - BSF के साथ ग्रामीणों की Victory Rally!,https://www.zplusenews.com/video/qoBA5fBGv54,Yes,No,Yes,Yes,56,Group_165
https://www.zplusenews.com/video/9s7stY9jwqU,DB Video (ID) (Not in Sitemap),200,Court का आदेश भी नहीं माना! 10 साल से ज़मीन पर कब्ज़ा और सरेआम गुंडागर्दी - Land Jihad | ZPluse News,"इस Shocking Video में देखिए कैसे ज़मीन पर कब्जा जमाए बैठे लोगों ने न सिर्फ कोर्ट के आदेश की धज्जियां उड़ाईं, बल्कि महिलाओं की आड़ में Pepper Spray से हमला भी कि",Court का आदेश भी नहीं माना! 10 साल से ज़मीन पर कब्ज़ा और सरेआम गुंडागर्दी - Land Jihad,https://www.zplusenews.com/video/9s7stY9jwqU,Yes,No,Yes,Yes,76,Group_134
https://www.zplusenews.com/video/5IQAPqrmXJk,DB Video (ID) (Not in Sitemap),200,महिलाओं की 3000+ गुप्त तस्वीरों के साथ शख्स गिरफ्तार! क्या क्राइम डेटा धर्म के आधार पर बनना चाहिए? | ZPluse News,इस वीडियो में हम समाज की इस शर्मनाक सच्चाई और महिला सुरक्षा (Women Safety in India) के मुद्दे पर बात कर रहे हैं। साथ ही एक बड़ा सवाल: यदि लोगों को धर्म के नाम प,महिलाओं की 3000+ गुप्त तस्वीरों के साथ शख्स गिरफ्तार! क्या क्राइम डेटा धर्म के आधार पर बनना चाहिए?,https://www.zplusenews.com/video/5IQAPqrmXJk,Yes,No,Yes,Yes,88,Group_85
https://www.zplusenews.com/video/t7ltSzKRcy0,DB Video (ID) (Not in Sitemap),200,"बड़ी खबरें: ट्रंप, सुप्रीम कोर्ट, JEE Counselling और Heatwave | ZPluse News","भारत और दुनिया की आज की बड़ी खबरों में देखिए — US डोनाल्ड ट्रंप के बयान के बाद रुपये में आई मजबूती, ⚖️ जाति जनगणना को लेकर सुप्रीम कोर्ट का अहम फैसला, 🎓 JEE पर","बड़ी खबरें: ट्रंप, सुप्रीम कोर्ट, JEE Counselling और Heatwave",https://www.zplusenews.com/video/t7ltSzKRcy0,Yes,No,Yes,Yes,104,Group_110
https://www.zplusenews.com/video/CMMi36Si4do,DB Video (ID) (Not in Sitemap),200,"Kolkata Police Action: सड़क पर नमाज पढ़ने पर लाठीचार्ज, Bengal में नया नियम लागू! | ZPluse News","पश्चिम बंगाल प्रशासन ने स्पष्ट कर दिया है कि सार्वजनिक सड़कों को धार्मिक आयोजनों के लिए बंधक नहीं बनाया जा सकता। जब कोलकाता में सड़क जाम करने की कोशिश की गई, तो","Kolkata Police Action: सड़क पर नमाज पढ़ने पर लाठीचार्ज, Bengal में नया नियम लागू!",https://www.zplusenews.com/video/CMMi36Si4do,Yes,No,Yes,Yes,96,Group_159
https://www.zplusenews.com/video/mJhol4YaQxQ,DB Video (ID) (Not in Sitemap),200,"मिलिए ढाका के इस नए 'चमत्कारी' बाबा से, Superpower Bangladesh's New Medical Miracle? 🤯😂 | ZPluse News","मिलिए ढाका (Dhaka, Bangladesh) के इस नए 'चमत्कारी' बाबा से, जिनका दावा है कि ये अपनी उंगली के टच से कोई भी बीमारी ठीक कर सकते हैं! Watch how this cleric in a Ba","मिलिए ढाका के इस नए 'चमत्कारी' बाबा से, Superpower Bangladesh's New Medical Miracle? 🤯😂",https://www.zplusenews.com/video/mJhol4YaQxQ,Yes,No,Yes,Yes,68,Group_112
https://www.zplusenews.com/video/cH98FEiCXU8,DB Video (ID) (Not in Sitemap),200,सियालदह का सच: सिर्फ 48 Hours में कैसे चमका स्टेशन? | Ground Report | ZPluse News,"In this exclusive ground report, we decode the sudden transformation of Kolkata's Sealdah Station following the change in Bengal's government. Is this a permane",सियालदह का सच: सिर्फ 48 Hours में कैसे चमका स्टेशन? | Ground Report,https://www.zplusenews.com/video/cH98FEiCXU8,Yes,No,Yes,Yes,58,Group_119
https://www.zplusenews.com/video/_P6JduYzqSM,DB Video (ID) (Not in Sitemap),200,ट्रेन में मरी हुई इंसानियत! Police ने सिखाया सबक 🔥 | ZPluse News,इंसानों से ज्यादा बैग की कीमत? Watch how this RPF officer taught a harsh lesson to selfish passengers occupying seats while women stood in the general coach. 🛑,ट्रेन में मरी हुई इंसानियत! Police ने सिखाया सबक 🔥,https://www.zplusenews.com/video/_P6JduYzqSM,Yes,No,Yes,Yes,42,Group_172
https://www.zplusenews.com/video/GBVuF7E4Yj8,DB Video (ID) (Not in Sitemap),200,सेना प्रमुख का पाकिस्तान को बड़ा संदेश | ₹182 करोड़ ड्रग्स बरामद | NEET पर बड़ा खुलासा | ZPluse News,"आज की इस वीडियो में देखिए देश और राजनीति से जुड़ी 5 सबसे बड़ी खबरें — 🔹 ₹182 करोड़ की खतरनाक 'जिहादी ड्रग' जब्त, जांच एजेंसियां अलर्ट 🔹 सेना प्रमुख की पाकिस्त",सेना प्रमुख का पाकिस्तान को बड़ा संदेश | ₹182 करोड़ ड्रग्स बरामद | NEET पर बड़ा खुलासा,https://www.zplusenews.com/video/GBVuF7E4Yj8,Yes,No,Yes,Yes,100,Group_173
https://www.zplusenews.com/video/ooaHEQa0_sw,DB Video (ID) (Not in Sitemap),200,CBSE Result OUT 🚨 | CBI Action on NEET Leak | Gold-Silver Prices Skyrocket | ZPluse News,आज की इस वीडियो में देखिए देश और दुनिया की 5 सबसे बड़ी खबरें — 🔹 CBSE 12वीं बोर्ड परीक्षा का रिज़ल्ट जारी 🔹 डोनाल्ड ट्रंप के चीन दौरे से दुनिया की राजनीति में,CBSE Result OUT 🚨 | CBI Action on NEET Leak | Gold-Silver Prices Skyrocket,https://www.zplusenews.com/video/ooaHEQa0_sw,Yes,No,Yes,Yes,107,Group_81
https://www.zplusenews.com/video/46mfWdRWziQ,DB Video (ID) (Not in Sitemap),200,मोदी का विदेश दौरा | NEET पेपर लीक | अमित शाह बस्तर में | IPL प्लेऑफ का महासंग्राम | ZPluse News,देश और खेल जगत की आज की सबसे बड़ी खबरों में आपका स्वागत है। इस वीडियो में देखिए — 🔹 प्रधानमंत्री नरेंद्र मोदी के विदेश दौरे की बड़ी अपडेट 🔹 NEET-UG 2026 पेपर,मोदी का विदेश दौरा | NEET पेपर लीक | अमित शाह बस्तर में | IPL प्लेऑफ का महासंग्राम,https://www.zplusenews.com/video/46mfWdRWziQ,Yes,No,Yes,Yes,95,Group_144
https://www.zplusenews.com/video/7Qq82Uj-pF0,DB Video (ID) (Not in Sitemap),200,संत रामपाल का चलता-फिरता कूलर! 🥶 - प्रधानमंत्री से भी बड़ा VIP काफिला? | ZPluse News,प्रधानमंत्री के पास भी ऐसा शाही कूलर-काफिला नहीं होगा जैसा संत रामपाल के पास है; सच में भारत एक बाबा प्रधान देश है। इस वीआईपी ट्रीटमेंट और अंधभक्ति पर आपकी क्या,संत रामपाल का चलता-फिरता कूलर! 🥶 - प्रधानमंत्री से भी बड़ा VIP काफिला?,https://www.zplusenews.com/video/7Qq82Uj-pF0,Yes,No,Yes,Yes,45,Group_2
https://www.zplusenews.com/video/QTRg5ucF-HA,DB Video (ID) (Not in Sitemap),200,Kolkata Police Massive Crackdown in Park Circus! 🚨 सिर्फ 1 घंटे में एक्शन | ZPluse News,"सिर्फ एक घंटे से भी कम समय में Kolkata Police का massive crackdown! पार्क सर्कस इलाके में जिन भी आरोपी पत्थरबाजों ने अराजकता फैलाई थी, उन्हें उनकी बस्तियों से न",Kolkata Police Massive Crackdown in Park Circus! 🚨 सिर्फ 1 घंटे में एक्शन,https://www.zplusenews.com/video/QTRg5ucF-HA,Yes,No,Yes,Yes,56,Group_106
https://www.zplusenews.com/video/GSVXYugHhNQ,DB Video (ID) (Not in Sitemap),200,"सुनार की दुकान में दिनदहाड़े चोरी, महिला की चालाकी देख उड़ जाएंगे होश | Caught on Camera | ZPluse News","सोने की नोज पिन चुराकर इस महिला ने जहाँ छिपाई, उसे देखकर आपके भी होश उड़ जाएंगे... देखिए कैसे पल भर में टूटता है एक छोटे व्यापारी का भरोसा। इस सीसीटीवी फुटेज (C","सुनार की दुकान में दिनदहाड़े चोरी, महिला की चालाकी देख उड़ जाएंगे होश | Caught on Camera",https://www.zplusenews.com/video/GSVXYugHhNQ,Yes,No,Yes,Yes,90,Group_43
https://www.zplusenews.com/video/4AyTfLnGnLI,DB Video (ID) (Not in Sitemap),200,West Bengal में एक्शन! 🚨 देह व्यापार में TMC नेता जेल में - TMC Neta Sukumar Roy Jailed | ZPluse News,बंगाल से 'जंगलराज' का सफाया शुरू! नई सरकार का कड़ा एक्शन: देह व्यापार के आरोप में टीएमसी पार्षद सुकुमार रॉय जेल में। The cleanup in West Bengal has officially b,West Bengal में एक्शन! 🚨 देह व्यापार में TMC नेता जेल में - TMC Neta Sukumar Roy Jailed,https://www.zplusenews.com/video/4AyTfLnGnLI,Yes,No,Yes,Yes,68,Group_59
https://www.zplusenews.com/video/VGO1mfXUdNs,DB Video (ID) (Not in Sitemap),200,Super Power Bangladesh | ZPluse News,Watch video news on ZPluse News.,Super Power Bangladesh,https://www.zplusenews.com/video/VGO1mfXUdNs,Yes,No,Yes,Yes,3,Group_14
https://www.zplusenews.com/video/j_tjNks7q-k,DB Video (ID) (Not in Sitemap),200,दो शब्द कमेंट में मियां जी के लिए | ZPluse News,"A controversial incident has surfaced from the Kalkaji Metro Station in Delhi, where a video involving a confrontation inside a metro lift is going viral on soc",दो शब्द कमेंट में मियां जी के लिए,https://www.zplusenews.com/video/j_tjNks7q-k,Yes,No,Yes,Yes,126,Group_174
https://www.zplusenews.com/video/YXihMmM0Xks,DB Video (ID) (Not in Sitemap),200,पश्चिम बंगाल में बुलडोज़र एक्शन चालू -: Topsia Bulldozer Action के बाद भारी बवाल? | ZPluse News,Topsia Bulldozer Action Latest News Updates: Topsia में बुलडोजर कार्रवाई के बाद भारी संख्या में Central Forces (केंद्रीय बलों) को तैनात कर दिया गया है। इस कार्र,पश्चिम बंगाल में बुलडोज़र एक्शन चालू -: Topsia Bulldozer Action के बाद भारी बवाल?,https://www.zplusenews.com/video/YXihMmM0Xks,Yes,No,Yes,Yes,138,Group_17
https://www.zplusenews.com/video/6akCCX5xeiY,DB Video (ID) (Not in Sitemap),200,"सिद्धार्थनगर DM की शर्मनाक हरकत! घायल माँ के लिए रोता रहा बेटा, साहब Reels देखते रहे | | ZPluse News","सिद्धार्थनगर के जिलाधिकारी (DM) कार्यालय में एक बेबस बेटा अपनी घायल माँ के लिए न्याय की गुहार लगाने पहुँचा। बंदरों के हमले में माँ का सिर फट गया, टांके लगे, लेक","सिद्धार्थनगर DM की शर्मनाक हरकत! घायल माँ के लिए रोता रहा बेटा, साहब Reels देखते रहे |",https://www.zplusenews.com/video/6akCCX5xeiY,Yes,No,Yes,Yes,70,Group_126
https://www.zplusenews.com/video/22v0iexMda0,DB Video (ID) (Not in Sitemap),200,बजरंग दल ने एक होटल में एक मुस्लिम को एक हिंदू लड़की के साथ फर्जी आईडी का इस्तेमाल करते हुए पकड़ा। | ZPluse News,मध्य प्रदेश के भोपाल में एक होटल के अंदर पहचान छिपाने का एक बेहद गंभीर और सनसनीखेज मामला सामने आया है। बजरंग दल (Bajrang Dal) के कार्यकर्ताओं ने एक होटल में छाप,बजरंग दल ने एक होटल में एक मुस्लिम को एक हिंदू लड़की के साथ फर्जी आईडी का इस्तेमाल करते हुए पकड़ा।,https://www.zplusenews.com/video/22v0iexMda0,Yes,No,Yes,Yes,177,Group_105
https://www.zplusenews.com/video/cI0PQA1-FE4,DB Video (ID) (Not in Sitemap),200,"छेड़छाड़ के बाद मनचले की सड़क पर पिटाई, कानपुर में बेटी से छेड़छाड़ पर मां ने चप्पलों से कूटा | | ZPluse News",उत्तर प्रदेश के कानपुर (Kanpur News) से एक बड़ी खबर है। बिल्हौर में इंटर कॉलेज के पास एक युवक ने किशोरी के साथ छेड़छाड़ की कोशिश की। युवती की बहादुरी और उसकी मा,"छेड़छाड़ के बाद मनचले की सड़क पर पिटाई, कानपुर में बेटी से छेड़छाड़ पर मां ने चप्पलों से कूटा |",https://www.zplusenews.com/video/cI0PQA1-FE4,Yes,No,Yes,Yes,78,Group_91
https://www.zplusenews.com/video/BFMhI4eZn3M,DB Video (ID) (Not in Sitemap),200,ऑनलाइन शॉपिंग करने से पहले ये Video जरूर देखें ! Online Shopping Fraud Exposed | ZPluse News,"हर दिन हजारों लोग डिस्काउंट के लालच में अपना बैंक अकाउंट खाली करवा रहे हैं। कहीं अगला नंबर आपका तो नहीं? ऑनलाइन शॉपिंग हमारी आदत बन चुकी है, लेकिन इसके पीछे चल",ऑनलाइन शॉपिंग करने से पहले ये Video जरूर देखें ! Online Shopping Fraud Exposed,https://www.zplusenews.com/video/BFMhI4eZn3M,Yes,No,Yes,Yes,70,Group_129
https://www.zplusenews.com/video/3y1wVVvlVkw,DB Video (ID) (Not in Sitemap),200,बड़ी खबरें: राजनीति से क्रिकेट तक सबकुछ | Latest Hindi News | ZPluse News,आज के इस वीडियो में देखिए देश और दुनिया की 5 सबसे बड़ी खबरें — 📍 पश्चिम बंगाल में राजनीतिक हलचल 📍 तमिलनाडु से बड़ा अपडेट 📍 NEET UG 2026 को लेकर नई जानकारी 📍,बड़ी खबरें: राजनीति से क्रिकेट तक सबकुछ | Latest Hindi News,https://www.zplusenews.com/video/3y1wVVvlVkw,Yes,No,Yes,Yes,86,Group_60
https://www.zplusenews.com/video/UoIz21JV-ts,DB Video (ID) (Not in Sitemap),200,पश्चिम बंगाल में 'बुलडोजर एक्शन' शुरू! 🚜 Suvendu Adhikari ने अपनाया Yogi Model? | ZPluse News,"पश्चिम बंगाल में भी अब 'बुलडोजर की कार्रवाई' देखने को मिल रही है! बीजेपी नेता शुभेंदु अधिकारी (Suvendu Adhikari) ने अपने राजनीतिक गुरु, यूपी के सीएम योगी आदित्य",पश्चिम बंगाल में 'बुलडोजर एक्शन' शुरू! 🚜 Suvendu Adhikari ने अपनाया Yogi Model?,https://www.zplusenews.com/video/UoIz21JV-ts,Yes,No,Yes,Yes,82,Group_161
https://www.zplusenews.com/state,DB Category (Not in Sitemap),404,,,,,N/A,No,No,No,0,
https://www.zplusenews.com/national,DB Category (Not in Sitemap),404,,,,,N/A,No,No,No,0,
https://www.zplusenews.com/international,DB Category (Not in Sitemap),404,,,,,N/A,No,No,No,0,
